definitionKind,shortId,ageBand,displayPrompt,instructionText,questionId,missionId,conditionId,questionPurpose,mainSubjectId,mainObjectId,resourceId,changedAttribute,timePhase,cognitiveAction,expectedResponseType,expectedAnswerMeaning,allowedAnswerIds,forbiddenAnswerMeanings,sourceFactId,changedConditionId,outputTarget,ageBandRuleId,notApplicableReasons
coreSubquestion,W24-C1,preschool,무엇을 하려고 하나요?,한 번에 이 질문 하나만 제시,nuvia.semantic.v1_1_r2.w24-c1.preschool.goal,gutenberg,gutenberg.c1,핵심 활동의 goal 한 입력,learner,nuvia.semantic.ref.w24-c1.object,nuvia.semantic.ref.w24-c1.resource,인쇄용 종이의 가용량,duringAction,revisePlan,goalId,목표 확인,"[""gutenberg.c1.goal.1""]","[""gutenberg.c1.prohibitedClaims"", ""질문에 없는 계획·근거·태도·정확성 생성"", ""응답 라벨을 나의 이야기로 저장""]",S1324-21,gutenberg.c1,cognitiveActionRecorded.payload.goalId,nuvia.age.preschool.v1,{}
coreSubquestion,W24-C1,preschool,먼저 어떤 인쇄 일을 생각했나요?,한 번에 이 질문 하나만 제시,nuvia.semantic.v1_1_r2.w24-c1.preschool.before,gutenberg,gutenberg.c1,핵심 활동의 before 한 입력,learner,nuvia.semantic.ref.w24-c1.object,nuvia.semantic.ref.w24-c1.resource,인쇄용 종이의 가용량,duringAction,revisePlan,beforeResponseId,이 활동에서 실제로 고른 첫 계획,"[""gutenberg.c1.response.1"", ""gutenberg.c1.response.2"", ""gutenberg.c1.response.3""]","[""gutenberg.c1.prohibitedClaims"", ""질문에 없는 계획·근거·태도·정확성 생성"", ""응답 라벨을 나의 이야기로 저장""]",S1324-21,gutenberg.c1,cognitiveActionRecorded.payload.beforeResponseId,nuvia.age.preschool.v1,{}
coreSubquestion,W24-C1,preschool,처음 계획에서 무엇을 바꿀까요?,한 번에 이 질문 하나만 제시,nuvia.semantic.v1_1_r2.w24-c1.preschool.after,gutenberg,gutenberg.c1,핵심 활동의 after 한 입력,learner,nuvia.semantic.ref.w24-c1.object,nuvia.semantic.ref.w24-c1.resource,인쇄용 종이의 가용량,duringAction,revisePlan,"afterResponseId,decision",실제 수정 또는 유지,"[""gutenberg.c1.response.1"", ""gutenberg.c1.response.2"", ""gutenberg.c1.response.3"", ""keep"", ""change""]","[""gutenberg.c1.prohibitedClaims"", ""질문에 없는 계획·근거·태도·정확성 생성"", ""응답 라벨을 나의 이야기로 저장""]",S1324-21,gutenberg.c1,"cognitiveActionRecorded.payload.afterResponseId,decision",nuvia.age.preschool.v1,{}
coreSubquestion,W24-C1,preschool,그렇게 고른 까닭은 무엇인가요?,한 번에 이 질문 하나만 제시,nuvia.semantic.v1_1_r2.w24-c1.preschool.reason,gutenberg,gutenberg.c1,핵심 활동의 reason 한 입력,learner,nuvia.semantic.ref.w24-c1.object,nuvia.semantic.ref.w24-c1.resource,인쇄용 종이의 가용량,duringAction,revisePlan,reasonRef,이유를 선택하거나 명시적으로 아직 모르겠어요를 선택; 원문 쓰기는 강요하지 않음,"[""gutenberg.c1.reason.1"", ""gutenberg.c1.reason.2"", ""gutenberg.c1.reason.3""]","[""gutenberg.c1.prohibitedClaims"", ""질문에 없는 계획·근거·태도·정확성 생성"", ""응답 라벨을 나의 이야기로 저장""]",S1324-21,gutenberg.c1,cognitiveActionRecorded.payload.reasonRef,nuvia.age.preschool.v1,{}
coreSubquestion,W24-C1,elementary-low,무엇을 하려고 하나요?,한 번에 이 질문 하나만 제시,nuvia.semantic.v1_1_r2.w24-c1.elementary-low.goal,gutenberg,gutenberg.c1,핵심 활동의 goal 한 입력,learner,nuvia.semantic.ref.w24-c1.object,nuvia.semantic.ref.w24-c1.resource,인쇄용 종이의 가용량,duringAction,revisePlan,goalId,목표 확인,"[""gutenberg.c1.goal.1""]","[""gutenberg.c1.prohibitedClaims"", ""질문에 없는 계획·근거·태도·정확성 생성"", ""응답 라벨을 나의 이야기로 저장""]",S1324-21,gutenberg.c1,cognitiveActionRecorded.payload.goalId,nuvia.age.elementary-low.v1,{}
coreSubquestion,W24-C1,elementary-low,먼저 어떤 인쇄 일을 생각했나요?,한 번에 이 질문 하나만 제시,nuvia.semantic.v1_1_r2.w24-c1.elementary-low.before,gutenberg,gutenberg.c1,핵심 활동의 before 한 입력,learner,nuvia.semantic.ref.w24-c1.object,nuvia.semantic.ref.w24-c1.resource,인쇄용 종이의 가용량,duringAction,revisePlan,beforeResponseId,이 활동에서 실제로 고른 첫 계획,"[""gutenberg.c1.response.1"", ""gutenberg.c1.response.2"", ""gutenberg.c1.response.3""]","[""gutenberg.c1.prohibitedClaims"", ""질문에 없는 계획·근거·태도·정확성 생성"", ""응답 라벨을 나의 이야기로 저장""]",S1324-21,gutenberg.c1,cognitiveActionRecorded.payload.beforeResponseId,nuvia.age.elementary-low.v1,{}
coreSubquestion,W24-C1,elementary-low,처음 계획에서 무엇을 바꿀까요?,한 번에 이 질문 하나만 제시,nuvia.semantic.v1_1_r2.w24-c1.elementary-low.after,gutenberg,gutenberg.c1,핵심 활동의 after 한 입력,learner,nuvia.semantic.ref.w24-c1.object,nuvia.semantic.ref.w24-c1.resource,인쇄용 종이의 가용량,duringAction,revisePlan,"afterResponseId,decision",실제 수정 또는 유지,"[""gutenberg.c1.response.1"", ""gutenberg.c1.response.2"", ""gutenberg.c1.response.3"", ""keep"", ""change""]","[""gutenberg.c1.prohibitedClaims"", ""질문에 없는 계획·근거·태도·정확성 생성"", ""응답 라벨을 나의 이야기로 저장""]",S1324-21,gutenberg.c1,"cognitiveActionRecorded.payload.afterResponseId,decision",nuvia.age.elementary-low.v1,{}
coreSubquestion,W24-C1,elementary-low,그렇게 고른 까닭은 무엇인가요?,한 번에 이 질문 하나만 제시,nuvia.semantic.v1_1_r2.w24-c1.elementary-low.reason,gutenberg,gutenberg.c1,핵심 활동의 reason 한 입력,learner,nuvia.semantic.ref.w24-c1.object,nuvia.semantic.ref.w24-c1.resource,인쇄용 종이의 가용량,duringAction,revisePlan,reasonRef,이유를 선택하거나 명시적으로 아직 모르겠어요를 선택; 원문 쓰기는 강요하지 않음,"[""gutenberg.c1.reason.1"", ""gutenberg.c1.reason.2"", ""gutenberg.c1.reason.3""]","[""gutenberg.c1.prohibitedClaims"", ""질문에 없는 계획·근거·태도·정확성 생성"", ""응답 라벨을 나의 이야기로 저장""]",S1324-21,gutenberg.c1,cognitiveActionRecorded.payload.reasonRef,nuvia.age.elementary-low.v1,{}
coreSubquestion,W24-C1,elementary-high,무엇을 하려고 하나요?,한 번에 이 질문 하나만 제시,nuvia.semantic.v1_1_r2.w24-c1.elementary-high.goal,gutenberg,gutenberg.c1,핵심 활동의 goal 한 입력,learner,nuvia.semantic.ref.w24-c1.object,nuvia.semantic.ref.w24-c1.resource,인쇄용 종이의 가용량,duringAction,revisePlan,goalId,목표 확인,"[""gutenberg.c1.goal.1""]","[""gutenberg.c1.prohibitedClaims"", ""질문에 없는 계획·근거·태도·정확성 생성"", ""응답 라벨을 나의 이야기로 저장""]",S1324-21,gutenberg.c1,cognitiveActionRecorded.payload.goalId,nuvia.age.elementary-high.v1,{}
coreSubquestion,W24-C1,elementary-high,먼저 어떤 인쇄 일을 생각했나요?,한 번에 이 질문 하나만 제시,nuvia.semantic.v1_1_r2.w24-c1.elementary-high.before,gutenberg,gutenberg.c1,핵심 활동의 before 한 입력,learner,nuvia.semantic.ref.w24-c1.object,nuvia.semantic.ref.w24-c1.resource,인쇄용 종이의 가용량,duringAction,revisePlan,beforeResponseId,이 활동에서 실제로 고른 첫 계획,"[""gutenberg.c1.response.1"", ""gutenberg.c1.response.2"", ""gutenberg.c1.response.3""]","[""gutenberg.c1.prohibitedClaims"", ""질문에 없는 계획·근거·태도·정확성 생성"", ""응답 라벨을 나의 이야기로 저장""]",S1324-21,gutenberg.c1,cognitiveActionRecorded.payload.beforeResponseId,nuvia.age.elementary-high.v1,{}
coreSubquestion,W24-C1,elementary-high,처음 계획에서 무엇을 바꿀까요?,한 번에 이 질문 하나만 제시,nuvia.semantic.v1_1_r2.w24-c1.elementary-high.after,gutenberg,gutenberg.c1,핵심 활동의 after 한 입력,learner,nuvia.semantic.ref.w24-c1.object,nuvia.semantic.ref.w24-c1.resource,인쇄용 종이의 가용량,duringAction,revisePlan,"afterResponseId,decision",실제 수정 또는 유지,"[""gutenberg.c1.response.1"", ""gutenberg.c1.response.2"", ""gutenberg.c1.response.3"", ""keep"", ""change""]","[""gutenberg.c1.prohibitedClaims"", ""질문에 없는 계획·근거·태도·정확성 생성"", ""응답 라벨을 나의 이야기로 저장""]",S1324-21,gutenberg.c1,"cognitiveActionRecorded.payload.afterResponseId,decision",nuvia.age.elementary-high.v1,{}
coreSubquestion,W24-C1,elementary-high,그렇게 고른 까닭은 무엇인가요?,한 번에 이 질문 하나만 제시,nuvia.semantic.v1_1_r2.w24-c1.elementary-high.reason,gutenberg,gutenberg.c1,핵심 활동의 reason 한 입력,learner,nuvia.semantic.ref.w24-c1.object,nuvia.semantic.ref.w24-c1.resource,인쇄용 종이의 가용량,duringAction,revisePlan,reasonRef,이유를 선택하거나 명시적으로 아직 모르겠어요를 선택; 원문 쓰기는 강요하지 않음,"[""gutenberg.c1.reason.1"", ""gutenberg.c1.reason.2"", ""gutenberg.c1.reason.3""]","[""gutenberg.c1.prohibitedClaims"", ""질문에 없는 계획·근거·태도·정확성 생성"", ""응답 라벨을 나의 이야기로 저장""]",S1324-21,gutenberg.c1,cognitiveActionRecorded.payload.reasonRef,nuvia.age.elementary-high.v1,{}
coreSubquestion,W24-C1,middle-school,무엇을 하려고 하나요?,한 번에 이 질문 하나만 제시,nuvia.semantic.v1_1_r2.w24-c1.middle-school.goal,gutenberg,gutenberg.c1,핵심 활동의 goal 한 입력,learner,nuvia.semantic.ref.w24-c1.object,nuvia.semantic.ref.w24-c1.resource,인쇄용 종이의 가용량,duringAction,revisePlan,goalId,목표 확인,"[""gutenberg.c1.goal.1""]","[""gutenberg.c1.prohibitedClaims"", ""질문에 없는 계획·근거·태도·정확성 생성"", ""응답 라벨을 나의 이야기로 저장""]",S1324-21,gutenberg.c1,cognitiveActionRecorded.payload.goalId,nuvia.age.middle-school.v1,{}
coreSubquestion,W24-C1,middle-school,먼저 어떤 인쇄 일을 생각했나요?,한 번에 이 질문 하나만 제시,nuvia.semantic.v1_1_r2.w24-c1.middle-school.before,gutenberg,gutenberg.c1,핵심 활동의 before 한 입력,learner,nuvia.semantic.ref.w24-c1.object,nuvia.semantic.ref.w24-c1.resource,인쇄용 종이의 가용량,duringAction,revisePlan,beforeResponseId,이 활동에서 실제로 고른 첫 계획,"[""gutenberg.c1.response.1"", ""gutenberg.c1.response.2"", ""gutenberg.c1.response.3""]","[""gutenberg.c1.prohibitedClaims"", ""질문에 없는 계획·근거·태도·정확성 생성"", ""응답 라벨을 나의 이야기로 저장""]",S1324-21,gutenberg.c1,cognitiveActionRecorded.payload.beforeResponseId,nuvia.age.middle-school.v1,{}
coreSubquestion,W24-C1,middle-school,처음 계획에서 무엇을 바꿀까요?,한 번에 이 질문 하나만 제시,nuvia.semantic.v1_1_r2.w24-c1.middle-school.after,gutenberg,gutenberg.c1,핵심 활동의 after 한 입력,learner,nuvia.semantic.ref.w24-c1.object,nuvia.semantic.ref.w24-c1.resource,인쇄용 종이의 가용량,duringAction,revisePlan,"afterResponseId,decision",실제 수정 또는 유지,"[""gutenberg.c1.response.1"", ""gutenberg.c1.response.2"", ""gutenberg.c1.response.3"", ""keep"", ""change""]","[""gutenberg.c1.prohibitedClaims"", ""질문에 없는 계획·근거·태도·정확성 생성"", ""응답 라벨을 나의 이야기로 저장""]",S1324-21,gutenberg.c1,"cognitiveActionRecorded.payload.afterResponseId,decision",nuvia.age.middle-school.v1,{}
coreSubquestion,W24-C1,middle-school,그렇게 고른 까닭은 무엇인가요?,한 번에 이 질문 하나만 제시,nuvia.semantic.v1_1_r2.w24-c1.middle-school.reason,gutenberg,gutenberg.c1,핵심 활동의 reason 한 입력,learner,nuvia.semantic.ref.w24-c1.object,nuvia.semantic.ref.w24-c1.resource,인쇄용 종이의 가용량,duringAction,revisePlan,reasonRef,이유를 선택하거나 명시적으로 아직 모르겠어요를 선택; 원문 쓰기는 강요하지 않음,"[""gutenberg.c1.reason.1"", ""gutenberg.c1.reason.2"", ""gutenberg.c1.reason.3""]","[""gutenberg.c1.prohibitedClaims"", ""질문에 없는 계획·근거·태도·정확성 생성"", ""응답 라벨을 나의 이야기로 저장""]",S1324-21,gutenberg.c1,cognitiveActionRecorded.payload.reasonRef,nuvia.age.middle-school.v1,{}
coreSubquestion,W24-C1,high-school,무엇을 하려고 하나요?,한 번에 이 질문 하나만 제시,nuvia.semantic.v1_1_r2.w24-c1.high-school.goal,gutenberg,gutenberg.c1,핵심 활동의 goal 한 입력,learner,nuvia.semantic.ref.w24-c1.object,nuvia.semantic.ref.w24-c1.resource,인쇄용 종이의 가용량,duringAction,revisePlan,goalId,목표 확인,"[""gutenberg.c1.goal.1""]","[""gutenberg.c1.prohibitedClaims"", ""질문에 없는 계획·근거·태도·정확성 생성"", ""응답 라벨을 나의 이야기로 저장""]",S1324-21,gutenberg.c1,cognitiveActionRecorded.payload.goalId,nuvia.age.high-school.v1,{}
coreSubquestion,W24-C1,high-school,먼저 어떤 인쇄 일을 생각했나요?,한 번에 이 질문 하나만 제시,nuvia.semantic.v1_1_r2.w24-c1.high-school.before,gutenberg,gutenberg.c1,핵심 활동의 before 한 입력,learner,nuvia.semantic.ref.w24-c1.object,nuvia.semantic.ref.w24-c1.resource,인쇄용 종이의 가용량,duringAction,revisePlan,beforeResponseId,이 활동에서 실제로 고른 첫 계획,"[""gutenberg.c1.response.1"", ""gutenberg.c1.response.2"", ""gutenberg.c1.response.3""]","[""gutenberg.c1.prohibitedClaims"", ""질문에 없는 계획·근거·태도·정확성 생성"", ""응답 라벨을 나의 이야기로 저장""]",S1324-21,gutenberg.c1,cognitiveActionRecorded.payload.beforeResponseId,nuvia.age.high-school.v1,{}
coreSubquestion,W24-C1,high-school,처음 계획에서 무엇을 바꿀까요?,한 번에 이 질문 하나만 제시,nuvia.semantic.v1_1_r2.w24-c1.high-school.after,gutenberg,gutenberg.c1,핵심 활동의 after 한 입력,learner,nuvia.semantic.ref.w24-c1.object,nuvia.semantic.ref.w24-c1.resource,인쇄용 종이의 가용량,duringAction,revisePlan,"afterResponseId,decision",실제 수정 또는 유지,"[""gutenberg.c1.response.1"", ""gutenberg.c1.response.2"", ""gutenberg.c1.response.3"", ""keep"", ""change""]","[""gutenberg.c1.prohibitedClaims"", ""질문에 없는 계획·근거·태도·정확성 생성"", ""응답 라벨을 나의 이야기로 저장""]",S1324-21,gutenberg.c1,"cognitiveActionRecorded.payload.afterResponseId,decision",nuvia.age.high-school.v1,{}
coreSubquestion,W24-C1,high-school,그렇게 고른 까닭은 무엇인가요?,한 번에 이 질문 하나만 제시,nuvia.semantic.v1_1_r2.w24-c1.high-school.reason,gutenberg,gutenberg.c1,핵심 활동의 reason 한 입력,learner,nuvia.semantic.ref.w24-c1.object,nuvia.semantic.ref.w24-c1.resource,인쇄용 종이의 가용량,duringAction,revisePlan,reasonRef,이유를 선택하거나 명시적으로 아직 모르겠어요를 선택; 원문 쓰기는 강요하지 않음,"[""gutenberg.c1.reason.1"", ""gutenberg.c1.reason.2"", ""gutenberg.c1.reason.3""]","[""gutenberg.c1.prohibitedClaims"", ""질문에 없는 계획·근거·태도·정확성 생성"", ""응답 라벨을 나의 이야기로 저장""]",S1324-21,gutenberg.c1,cognitiveActionRecorded.payload.reasonRef,nuvia.age.high-school.v1,{}
coreSubquestion,W24-C1,adult,무엇을 하려고 하나요?,한 번에 이 질문 하나만 제시,nuvia.semantic.v1_1_r2.w24-c1.adult.goal,gutenberg,gutenberg.c1,핵심 활동의 goal 한 입력,learner,nuvia.semantic.ref.w24-c1.object,nuvia.semantic.ref.w24-c1.resource,인쇄용 종이의 가용량,duringAction,revisePlan,goalId,목표 확인,"[""gutenberg.c1.goal.1""]","[""gutenberg.c1.prohibitedClaims"", ""질문에 없는 계획·근거·태도·정확성 생성"", ""응답 라벨을 나의 이야기로 저장""]",S1324-21,gutenberg.c1,cognitiveActionRecorded.payload.goalId,nuvia.age.adult.v1,{}
coreSubquestion,W24-C1,adult,먼저 어떤 인쇄 일을 생각했나요?,한 번에 이 질문 하나만 제시,nuvia.semantic.v1_1_r2.w24-c1.adult.before,gutenberg,gutenberg.c1,핵심 활동의 before 한 입력,learner,nuvia.semantic.ref.w24-c1.object,nuvia.semantic.ref.w24-c1.resource,인쇄용 종이의 가용량,duringAction,revisePlan,beforeResponseId,이 활동에서 실제로 고른 첫 계획,"[""gutenberg.c1.response.1"", ""gutenberg.c1.response.2"", ""gutenberg.c1.response.3""]","[""gutenberg.c1.prohibitedClaims"", ""질문에 없는 계획·근거·태도·정확성 생성"", ""응답 라벨을 나의 이야기로 저장""]",S1324-21,gutenberg.c1,cognitiveActionRecorded.payload.beforeResponseId,nuvia.age.adult.v1,{}
coreSubquestion,W24-C1,adult,처음 계획에서 무엇을 바꿀까요?,한 번에 이 질문 하나만 제시,nuvia.semantic.v1_1_r2.w24-c1.adult.after,gutenberg,gutenberg.c1,핵심 활동의 after 한 입력,learner,nuvia.semantic.ref.w24-c1.object,nuvia.semantic.ref.w24-c1.resource,인쇄용 종이의 가용량,duringAction,revisePlan,"afterResponseId,decision",실제 수정 또는 유지,"[""gutenberg.c1.response.1"", ""gutenberg.c1.response.2"", ""gutenberg.c1.response.3"", ""keep"", ""change""]","[""gutenberg.c1.prohibitedClaims"", ""질문에 없는 계획·근거·태도·정확성 생성"", ""응답 라벨을 나의 이야기로 저장""]",S1324-21,gutenberg.c1,"cognitiveActionRecorded.payload.afterResponseId,decision",nuvia.age.adult.v1,{}
coreSubquestion,W24-C1,adult,그렇게 고른 까닭은 무엇인가요?,한 번에 이 질문 하나만 제시,nuvia.semantic.v1_1_r2.w24-c1.adult.reason,gutenberg,gutenberg.c1,핵심 활동의 reason 한 입력,learner,nuvia.semantic.ref.w24-c1.object,nuvia.semantic.ref.w24-c1.resource,인쇄용 종이의 가용량,duringAction,revisePlan,reasonRef,이유를 선택하거나 명시적으로 아직 모르겠어요를 선택; 원문 쓰기는 강요하지 않음,"[""gutenberg.c1.reason.1"", ""gutenberg.c1.reason.2"", ""gutenberg.c1.reason.3""]","[""gutenberg.c1.prohibitedClaims"", ""질문에 없는 계획·근거·태도·정확성 생성"", ""응답 라벨을 나의 이야기로 저장""]",S1324-21,gutenberg.c1,cognitiveActionRecorded.payload.reasonRef,nuvia.age.adult.v1,{}
coreSubquestion,W24-C2,preschool,무엇을 하려고 하나요?,한 번에 이 질문 하나만 제시,nuvia.semantic.v1_1_r2.w24-c2.preschool.goal,gutenberg,gutenberg.c2,핵심 활동의 goal 한 입력,learner,nuvia.semantic.ref.w24-c2.object,nuvia.semantic.ref.w24-c2.resource,직접 접근할 수 있는 사람 범위,duringAction,prioritizeActions,goalId,목표 확인,"[""gutenberg.c2.goal.1""]","[""gutenberg.c2.prohibitedClaims"", ""질문에 없는 계획·근거·태도·정확성 생성"", ""응답 라벨을 나의 이야기로 저장""]",S1324-21,gutenberg.c2,cognitiveActionRecorded.payload.goalId,nuvia.age.preschool.v1,{}
coreSubquestion,W24-C2,preschool,먼저 할 일부터 놓아 봐요.,한 번에 이 질문 하나만 제시,nuvia.semantic.v1_1_r2.w24-c2.preschool.priority,gutenberg,gutenberg.c2,핵심 활동의 priority 한 입력,learner,nuvia.semantic.ref.w24-c2.object,nuvia.semantic.ref.w24-c2.resource,직접 접근할 수 있는 사람 범위,duringAction,prioritizeActions,orderedResponseIds,행동 우선순위,"[""gutenberg.c2.response.1"", ""gutenberg.c2.response.2"", ""gutenberg.c2.response.3""]","[""gutenberg.c2.prohibitedClaims"", ""질문에 없는 계획·근거·태도·정확성 생성"", ""응답 라벨을 나의 이야기로 저장""]",S1324-21,gutenberg.c2,cognitiveActionRecorded.payload.orderedResponseIds,nuvia.age.preschool.v1,{}
coreSubquestion,W24-C2,preschool,무엇을 확인해야 함께 볼 수 있을까요?,한 번에 이 질문 하나만 제시,nuvia.semantic.v1_1_r2.w24-c2.preschool.constraint,gutenberg,gutenberg.c2,핵심 활동의 constraint 한 입력,learner,nuvia.semantic.ref.w24-c2.object,nuvia.semantic.ref.w24-c2.resource,직접 접근할 수 있는 사람 범위,duringAction,prioritizeActions,constraintId,접근 제약,"[""gutenberg.c2.constraint.1""]","[""gutenberg.c2.prohibitedClaims"", ""질문에 없는 계획·근거·태도·정확성 생성"", ""응답 라벨을 나의 이야기로 저장""]",S1324-21,gutenberg.c2,cognitiveActionRecorded.payload.constraintId,nuvia.age.preschool.v1,{}
coreSubquestion,W24-C2,preschool,그렇게 고른 까닭은 무엇인가요?,한 번에 이 질문 하나만 제시,nuvia.semantic.v1_1_r2.w24-c2.preschool.reason,gutenberg,gutenberg.c2,핵심 활동의 reason 한 입력,learner,nuvia.semantic.ref.w24-c2.object,nuvia.semantic.ref.w24-c2.resource,직접 접근할 수 있는 사람 범위,duringAction,prioritizeActions,reasonRef,이유를 선택하거나 명시적으로 아직 모르겠어요를 선택; 원문 쓰기는 강요하지 않음,"[""gutenberg.c2.reason.1"", ""gutenberg.c2.reason.2""]","[""gutenberg.c2.prohibitedClaims"", ""질문에 없는 계획·근거·태도·정확성 생성"", ""응답 라벨을 나의 이야기로 저장""]",S1324-21,gutenberg.c2,cognitiveActionRecorded.payload.reasonRef,nuvia.age.preschool.v1,{}
coreSubquestion,W24-C2,elementary-low,무엇을 하려고 하나요?,한 번에 이 질문 하나만 제시,nuvia.semantic.v1_1_r2.w24-c2.elementary-low.goal,gutenberg,gutenberg.c2,핵심 활동의 goal 한 입력,learner,nuvia.semantic.ref.w24-c2.object,nuvia.semantic.ref.w24-c2.resource,직접 접근할 수 있는 사람 범위,duringAction,prioritizeActions,goalId,목표 확인,"[""gutenberg.c2.goal.1""]","[""gutenberg.c2.prohibitedClaims"", ""질문에 없는 계획·근거·태도·정확성 생성"", ""응답 라벨을 나의 이야기로 저장""]",S1324-21,gutenberg.c2,cognitiveActionRecorded.payload.goalId,nuvia.age.elementary-low.v1,{}
coreSubquestion,W24-C2,elementary-low,먼저 할 일부터 놓아 봐요.,한 번에 이 질문 하나만 제시,nuvia.semantic.v1_1_r2.w24-c2.elementary-low.priority,gutenberg,gutenberg.c2,핵심 활동의 priority 한 입력,learner,nuvia.semantic.ref.w24-c2.object,nuvia.semantic.ref.w24-c2.resource,직접 접근할 수 있는 사람 범위,duringAction,prioritizeActions,orderedResponseIds,행동 우선순위,"[""gutenberg.c2.response.1"", ""gutenberg.c2.response.2"", ""gutenberg.c2.response.3""]","[""gutenberg.c2.prohibitedClaims"", ""질문에 없는 계획·근거·태도·정확성 생성"", ""응답 라벨을 나의 이야기로 저장""]",S1324-21,gutenberg.c2,cognitiveActionRecorded.payload.orderedResponseIds,nuvia.age.elementary-low.v1,{}
coreSubquestion,W24-C2,elementary-low,무엇을 확인해야 함께 볼 수 있을까요?,한 번에 이 질문 하나만 제시,nuvia.semantic.v1_1_r2.w24-c2.elementary-low.constraint,gutenberg,gutenberg.c2,핵심 활동의 constraint 한 입력,learner,nuvia.semantic.ref.w24-c2.object,nuvia.semantic.ref.w24-c2.resource,직접 접근할 수 있는 사람 범위,duringAction,prioritizeActions,constraintId,접근 제약,"[""gutenberg.c2.constraint.1""]","[""gutenberg.c2.prohibitedClaims"", ""질문에 없는 계획·근거·태도·정확성 생성"", ""응답 라벨을 나의 이야기로 저장""]",S1324-21,gutenberg.c2,cognitiveActionRecorded.payload.constraintId,nuvia.age.elementary-low.v1,{}
coreSubquestion,W24-C2,elementary-low,그렇게 고른 까닭은 무엇인가요?,한 번에 이 질문 하나만 제시,nuvia.semantic.v1_1_r2.w24-c2.elementary-low.reason,gutenberg,gutenberg.c2,핵심 활동의 reason 한 입력,learner,nuvia.semantic.ref.w24-c2.object,nuvia.semantic.ref.w24-c2.resource,직접 접근할 수 있는 사람 범위,duringAction,prioritizeActions,reasonRef,이유를 선택하거나 명시적으로 아직 모르겠어요를 선택; 원문 쓰기는 강요하지 않음,"[""gutenberg.c2.reason.1"", ""gutenberg.c2.reason.2""]","[""gutenberg.c2.prohibitedClaims"", ""질문에 없는 계획·근거·태도·정확성 생성"", ""응답 라벨을 나의 이야기로 저장""]",S1324-21,gutenberg.c2,cognitiveActionRecorded.payload.reasonRef,nuvia.age.elementary-low.v1,{}
coreSubquestion,W24-C2,elementary-high,무엇을 하려고 하나요?,한 번에 이 질문 하나만 제시,nuvia.semantic.v1_1_r2.w24-c2.elementary-high.goal,gutenberg,gutenberg.c2,핵심 활동의 goal 한 입력,learner,nuvia.semantic.ref.w24-c2.object,nuvia.semantic.ref.w24-c2.resource,직접 접근할 수 있는 사람 범위,duringAction,prioritizeActions,goalId,목표 확인,"[""gutenberg.c2.goal.1""]","[""gutenberg.c2.prohibitedClaims"", ""질문에 없는 계획·근거·태도·정확성 생성"", ""응답 라벨을 나의 이야기로 저장""]",S1324-21,gutenberg.c2,cognitiveActionRecorded.payload.goalId,nuvia.age.elementary-high.v1,{}
coreSubquestion,W24-C2,elementary-high,먼저 할 일부터 놓아 봐요.,한 번에 이 질문 하나만 제시,nuvia.semantic.v1_1_r2.w24-c2.elementary-high.priority,gutenberg,gutenberg.c2,핵심 활동의 priority 한 입력,learner,nuvia.semantic.ref.w24-c2.object,nuvia.semantic.ref.w24-c2.resource,직접 접근할 수 있는 사람 범위,duringAction,prioritizeActions,orderedResponseIds,행동 우선순위,"[""gutenberg.c2.response.1"", ""gutenberg.c2.response.2"", ""gutenberg.c2.response.3""]","[""gutenberg.c2.prohibitedClaims"", ""질문에 없는 계획·근거·태도·정확성 생성"", ""응답 라벨을 나의 이야기로 저장""]",S1324-21,gutenberg.c2,cognitiveActionRecorded.payload.orderedResponseIds,nuvia.age.elementary-high.v1,{}
coreSubquestion,W24-C2,elementary-high,무엇을 확인해야 함께 볼 수 있을까요?,한 번에 이 질문 하나만 제시,nuvia.semantic.v1_1_r2.w24-c2.elementary-high.constraint,gutenberg,gutenberg.c2,핵심 활동의 constraint 한 입력,learner,nuvia.semantic.ref.w24-c2.object,nuvia.semantic.ref.w24-c2.resource,직접 접근할 수 있는 사람 범위,duringAction,prioritizeActions,constraintId,접근 제약,"[""gutenberg.c2.constraint.1""]","[""gutenberg.c2.prohibitedClaims"", ""질문에 없는 계획·근거·태도·정확성 생성"", ""응답 라벨을 나의 이야기로 저장""]",S1324-21,gutenberg.c2,cognitiveActionRecorded.payload.constraintId,nuvia.age.elementary-high.v1,{}
coreSubquestion,W24-C2,elementary-high,그렇게 고른 까닭은 무엇인가요?,한 번에 이 질문 하나만 제시,nuvia.semantic.v1_1_r2.w24-c2.elementary-high.reason,gutenberg,gutenberg.c2,핵심 활동의 reason 한 입력,learner,nuvia.semantic.ref.w24-c2.object,nuvia.semantic.ref.w24-c2.resource,직접 접근할 수 있는 사람 범위,duringAction,prioritizeActions,reasonRef,이유를 선택하거나 명시적으로 아직 모르겠어요를 선택; 원문 쓰기는 강요하지 않음,"[""gutenberg.c2.reason.1"", ""gutenberg.c2.reason.2""]","[""gutenberg.c2.prohibitedClaims"", ""질문에 없는 계획·근거·태도·정확성 생성"", ""응답 라벨을 나의 이야기로 저장""]",S1324-21,gutenberg.c2,cognitiveActionRecorded.payload.reasonRef,nuvia.age.elementary-high.v1,{}
coreSubquestion,W24-C2,middle-school,무엇을 하려고 하나요?,한 번에 이 질문 하나만 제시,nuvia.semantic.v1_1_r2.w24-c2.middle-school.goal,gutenberg,gutenberg.c2,핵심 활동의 goal 한 입력,learner,nuvia.semantic.ref.w24-c2.object,nuvia.semantic.ref.w24-c2.resource,직접 접근할 수 있는 사람 범위,duringAction,prioritizeActions,goalId,목표 확인,"[""gutenberg.c2.goal.1""]","[""gutenberg.c2.prohibitedClaims"", ""질문에 없는 계획·근거·태도·정확성 생성"", ""응답 라벨을 나의 이야기로 저장""]",S1324-21,gutenberg.c2,cognitiveActionRecorded.payload.goalId,nuvia.age.middle-school.v1,{}
coreSubquestion,W24-C2,middle-school,먼저 할 일부터 놓아 봐요.,한 번에 이 질문 하나만 제시,nuvia.semantic.v1_1_r2.w24-c2.middle-school.priority,gutenberg,gutenberg.c2,핵심 활동의 priority 한 입력,learner,nuvia.semantic.ref.w24-c2.object,nuvia.semantic.ref.w24-c2.resource,직접 접근할 수 있는 사람 범위,duringAction,prioritizeActions,orderedResponseIds,행동 우선순위,"[""gutenberg.c2.response.1"", ""gutenberg.c2.response.2"", ""gutenberg.c2.response.3""]","[""gutenberg.c2.prohibitedClaims"", ""질문에 없는 계획·근거·태도·정확성 생성"", ""응답 라벨을 나의 이야기로 저장""]",S1324-21,gutenberg.c2,cognitiveActionRecorded.payload.orderedResponseIds,nuvia.age.middle-school.v1,{}
coreSubquestion,W24-C2,middle-school,무엇을 확인해야 함께 볼 수 있을까요?,한 번에 이 질문 하나만 제시,nuvia.semantic.v1_1_r2.w24-c2.middle-school.constraint,gutenberg,gutenberg.c2,핵심 활동의 constraint 한 입력,learner,nuvia.semantic.ref.w24-c2.object,nuvia.semantic.ref.w24-c2.resource,직접 접근할 수 있는 사람 범위,duringAction,prioritizeActions,constraintId,접근 제약,"[""gutenberg.c2.constraint.1""]","[""gutenberg.c2.prohibitedClaims"", ""질문에 없는 계획·근거·태도·정확성 생성"", ""응답 라벨을 나의 이야기로 저장""]",S1324-21,gutenberg.c2,cognitiveActionRecorded.payload.constraintId,nuvia.age.middle-school.v1,{}
coreSubquestion,W24-C2,middle-school,그렇게 고른 까닭은 무엇인가요?,한 번에 이 질문 하나만 제시,nuvia.semantic.v1_1_r2.w24-c2.middle-school.reason,gutenberg,gutenberg.c2,핵심 활동의 reason 한 입력,learner,nuvia.semantic.ref.w24-c2.object,nuvia.semantic.ref.w24-c2.resource,직접 접근할 수 있는 사람 범위,duringAction,prioritizeActions,reasonRef,이유를 선택하거나 명시적으로 아직 모르겠어요를 선택; 원문 쓰기는 강요하지 않음,"[""gutenberg.c2.reason.1"", ""gutenberg.c2.reason.2""]","[""gutenberg.c2.prohibitedClaims"", ""질문에 없는 계획·근거·태도·정확성 생성"", ""응답 라벨을 나의 이야기로 저장""]",S1324-21,gutenberg.c2,cognitiveActionRecorded.payload.reasonRef,nuvia.age.middle-school.v1,{}
coreSubquestion,W24-C2,high-school,무엇을 하려고 하나요?,한 번에 이 질문 하나만 제시,nuvia.semantic.v1_1_r2.w24-c2.high-school.goal,gutenberg,gutenberg.c2,핵심 활동의 goal 한 입력,learner,nuvia.semantic.ref.w24-c2.object,nuvia.semantic.ref.w24-c2.resource,직접 접근할 수 있는 사람 범위,duringAction,prioritizeActions,goalId,목표 확인,"[""gutenberg.c2.goal.1""]","[""gutenberg.c2.prohibitedClaims"", ""질문에 없는 계획·근거·태도·정확성 생성"", ""응답 라벨을 나의 이야기로 저장""]",S1324-21,gutenberg.c2,cognitiveActionRecorded.payload.goalId,nuvia.age.high-school.v1,{}
coreSubquestion,W24-C2,high-school,먼저 할 일부터 놓아 봐요.,한 번에 이 질문 하나만 제시,nuvia.semantic.v1_1_r2.w24-c2.high-school.priority,gutenberg,gutenberg.c2,핵심 활동의 priority 한 입력,learner,nuvia.semantic.ref.w24-c2.object,nuvia.semantic.ref.w24-c2.resource,직접 접근할 수 있는 사람 범위,duringAction,prioritizeActions,orderedResponseIds,행동 우선순위,"[""gutenberg.c2.response.1"", ""gutenberg.c2.response.2"", ""gutenberg.c2.response.3""]","[""gutenberg.c2.prohibitedClaims"", ""질문에 없는 계획·근거·태도·정확성 생성"", ""응답 라벨을 나의 이야기로 저장""]",S1324-21,gutenberg.c2,cognitiveActionRecorded.payload.orderedResponseIds,nuvia.age.high-school.v1,{}
coreSubquestion,W24-C2,high-school,무엇을 확인해야 함께 볼 수 있을까요?,한 번에 이 질문 하나만 제시,nuvia.semantic.v1_1_r2.w24-c2.high-school.constraint,gutenberg,gutenberg.c2,핵심 활동의 constraint 한 입력,learner,nuvia.semantic.ref.w24-c2.object,nuvia.semantic.ref.w24-c2.resource,직접 접근할 수 있는 사람 범위,duringAction,prioritizeActions,constraintId,접근 제약,"[""gutenberg.c2.constraint.1""]","[""gutenberg.c2.prohibitedClaims"", ""질문에 없는 계획·근거·태도·정확성 생성"", ""응답 라벨을 나의 이야기로 저장""]",S1324-21,gutenberg.c2,cognitiveActionRecorded.payload.constraintId,nuvia.age.high-school.v1,{}
coreSubquestion,W24-C2,high-school,그렇게 고른 까닭은 무엇인가요?,한 번에 이 질문 하나만 제시,nuvia.semantic.v1_1_r2.w24-c2.high-school.reason,gutenberg,gutenberg.c2,핵심 활동의 reason 한 입력,learner,nuvia.semantic.ref.w24-c2.object,nuvia.semantic.ref.w24-c2.resource,직접 접근할 수 있는 사람 범위,duringAction,prioritizeActions,reasonRef,이유를 선택하거나 명시적으로 아직 모르겠어요를 선택; 원문 쓰기는 강요하지 않음,"[""gutenberg.c2.reason.1"", ""gutenberg.c2.reason.2""]","[""gutenberg.c2.prohibitedClaims"", ""질문에 없는 계획·근거·태도·정확성 생성"", ""응답 라벨을 나의 이야기로 저장""]",S1324-21,gutenberg.c2,cognitiveActionRecorded.payload.reasonRef,nuvia.age.high-school.v1,{}
coreSubquestion,W24-C2,adult,무엇을 하려고 하나요?,한 번에 이 질문 하나만 제시,nuvia.semantic.v1_1_r2.w24-c2.adult.goal,gutenberg,gutenberg.c2,핵심 활동의 goal 한 입력,learner,nuvia.semantic.ref.w24-c2.object,nuvia.semantic.ref.w24-c2.resource,직접 접근할 수 있는 사람 범위,duringAction,prioritizeActions,goalId,목표 확인,"[""gutenberg.c2.goal.1""]","[""gutenberg.c2.prohibitedClaims"", ""질문에 없는 계획·근거·태도·정확성 생성"", ""응답 라벨을 나의 이야기로 저장""]",S1324-21,gutenberg.c2,cognitiveActionRecorded.payload.goalId,nuvia.age.adult.v1,{}
coreSubquestion,W24-C2,adult,먼저 할 일부터 놓아 봐요.,한 번에 이 질문 하나만 제시,nuvia.semantic.v1_1_r2.w24-c2.adult.priority,gutenberg,gutenberg.c2,핵심 활동의 priority 한 입력,learner,nuvia.semantic.ref.w24-c2.object,nuvia.semantic.ref.w24-c2.resource,직접 접근할 수 있는 사람 범위,duringAction,prioritizeActions,orderedResponseIds,행동 우선순위,"[""gutenberg.c2.response.1"", ""gutenberg.c2.response.2"", ""gutenberg.c2.response.3""]","[""gutenberg.c2.prohibitedClaims"", ""질문에 없는 계획·근거·태도·정확성 생성"", ""응답 라벨을 나의 이야기로 저장""]",S1324-21,gutenberg.c2,cognitiveActionRecorded.payload.orderedResponseIds,nuvia.age.adult.v1,{}
coreSubquestion,W24-C2,adult,무엇을 확인해야 함께 볼 수 있을까요?,한 번에 이 질문 하나만 제시,nuvia.semantic.v1_1_r2.w24-c2.adult.constraint,gutenberg,gutenberg.c2,핵심 활동의 constraint 한 입력,learner,nuvia.semantic.ref.w24-c2.object,nuvia.semantic.ref.w24-c2.resource,직접 접근할 수 있는 사람 범위,duringAction,prioritizeActions,constraintId,접근 제약,"[""gutenberg.c2.constraint.1""]","[""gutenberg.c2.prohibitedClaims"", ""질문에 없는 계획·근거·태도·정확성 생성"", ""응답 라벨을 나의 이야기로 저장""]",S1324-21,gutenberg.c2,cognitiveActionRecorded.payload.constraintId,nuvia.age.adult.v1,{}
coreSubquestion,W24-C2,adult,그렇게 고른 까닭은 무엇인가요?,한 번에 이 질문 하나만 제시,nuvia.semantic.v1_1_r2.w24-c2.adult.reason,gutenberg,gutenberg.c2,핵심 활동의 reason 한 입력,learner,nuvia.semantic.ref.w24-c2.object,nuvia.semantic.ref.w24-c2.resource,직접 접근할 수 있는 사람 범위,duringAction,prioritizeActions,reasonRef,이유를 선택하거나 명시적으로 아직 모르겠어요를 선택; 원문 쓰기는 강요하지 않음,"[""gutenberg.c2.reason.1"", ""gutenberg.c2.reason.2""]","[""gutenberg.c2.prohibitedClaims"", ""질문에 없는 계획·근거·태도·정확성 생성"", ""응답 라벨을 나의 이야기로 저장""]",S1324-21,gutenberg.c2,cognitiveActionRecorded.payload.reasonRef,nuvia.age.adult.v1,{}
coreSubquestion,W01-C1,preschool,서로 이어 볼 두 가지를 골라 봐요.,한 번에 이 질문 하나만 제시,nuvia.semantic.v1_1_r2.w01-c1.preschool.pair,nuvia.history.agriculture-settlement,nuvia.history.agriculture-settlement.c1,핵심 활동의 pair 한 입력,learner,nuvia.semantic.ref.w01-c1.object,nuvia.semantic.ref.w01-c1.resource,저장 공간의 크기,duringAction,mapRelation,nodeIds,두 노드 연결,"[""nuvia.history.agriculture-settlement.c1.node.1"", ""nuvia.history.agriculture-settlement.c1.node.2""]","[""nuvia.history.agriculture-settlement.c1.prohibitedClaims"", ""질문에 없는 계획·근거·태도·정확성 생성"", ""응답 라벨을 나의 이야기로 저장""]",S01,nuvia.history.agriculture-settlement.c1,cognitiveActionRecorded.payload.nodeIds,nuvia.age.preschool.v1,{}
coreSubquestion,W01-C1,preschool,이어 놓은 뜻을 남겨 봐요.,한 번에 이 질문 하나만 제시,nuvia.semantic.v1_1_r2.w01-c1.preschool.meaning,nuvia.history.agriculture-settlement,nuvia.history.agriculture-settlement.c1,핵심 활동의 meaning 한 입력,learner,nuvia.semantic.ref.w01-c1.object,nuvia.semantic.ref.w01-c1.resource,저장 공간의 크기,duringAction,mapRelation,"relationId,meaningKey",선택한 두 노드의 관계 의미,"[""nuvia.history.agriculture-settlement.c1.meaning.1"", ""nuvia.history.agriculture-settlement.c1.meaning.2"", ""nuvia.history.agriculture-settlement.c1.r3_2.activity.relation""]","[""nuvia.history.agriculture-settlement.c1.prohibitedClaims"", ""질문에 없는 계획·근거·태도·정확성 생성"", ""응답 라벨을 나의 이야기로 저장""]",S01,nuvia.history.agriculture-settlement.c1,"cognitiveActionRecorded.payload.relationId,meaningKey",nuvia.age.preschool.v1,{}
coreSubquestion,W01-C1,elementary-low,서로 이어 볼 두 가지를 골라 봐요.,한 번에 이 질문 하나만 제시,nuvia.semantic.v1_1_r2.w01-c1.elementary-low.pair,nuvia.history.agriculture-settlement,nuvia.history.agriculture-settlement.c1,핵심 활동의 pair 한 입력,learner,nuvia.semantic.ref.w01-c1.object,nuvia.semantic.ref.w01-c1.resource,저장 공간의 크기,duringAction,mapRelation,nodeIds,두 노드 연결,"[""nuvia.history.agriculture-settlement.c1.node.1"", ""nuvia.history.agriculture-settlement.c1.node.2""]","[""nuvia.history.agriculture-settlement.c1.prohibitedClaims"", ""질문에 없는 계획·근거·태도·정확성 생성"", ""응답 라벨을 나의 이야기로 저장""]",S01,nuvia.history.agriculture-settlement.c1,cognitiveActionRecorded.payload.nodeIds,nuvia.age.elementary-low.v1,{}
coreSubquestion,W01-C1,elementary-low,이어 놓은 뜻을 남겨 봐요.,한 번에 이 질문 하나만 제시,nuvia.semantic.v1_1_r2.w01-c1.elementary-low.meaning,nuvia.history.agriculture-settlement,nuvia.history.agriculture-settlement.c1,핵심 활동의 meaning 한 입력,learner,nuvia.semantic.ref.w01-c1.object,nuvia.semantic.ref.w01-c1.resource,저장 공간의 크기,duringAction,mapRelation,"relationId,meaningKey",선택한 두 노드의 관계 의미,"[""nuvia.history.agriculture-settlement.c1.meaning.1"", ""nuvia.history.agriculture-settlement.c1.meaning.2"", ""nuvia.history.agriculture-settlement.c1.r3_2.activity.relation""]","[""nuvia.history.agriculture-settlement.c1.prohibitedClaims"", ""질문에 없는 계획·근거·태도·정확성 생성"", ""응답 라벨을 나의 이야기로 저장""]",S01,nuvia.history.agriculture-settlement.c1,"cognitiveActionRecorded.payload.relationId,meaningKey",nuvia.age.elementary-low.v1,{}
coreSubquestion,W01-C1,elementary-high,서로 이어 볼 두 가지를 골라 봐요.,한 번에 이 질문 하나만 제시,nuvia.semantic.v1_1_r2.w01-c1.elementary-high.pair,nuvia.history.agriculture-settlement,nuvia.history.agriculture-settlement.c1,핵심 활동의 pair 한 입력,learner,nuvia.semantic.ref.w01-c1.object,nuvia.semantic.ref.w01-c1.resource,저장 공간의 크기,duringAction,mapRelation,nodeIds,두 노드 연결,"[""nuvia.history.agriculture-settlement.c1.node.1"", ""nuvia.history.agriculture-settlement.c1.node.2""]","[""nuvia.history.agriculture-settlement.c1.prohibitedClaims"", ""질문에 없는 계획·근거·태도·정확성 생성"", ""응답 라벨을 나의 이야기로 저장""]",S01,nuvia.history.agriculture-settlement.c1,cognitiveActionRecorded.payload.nodeIds,nuvia.age.elementary-high.v1,{}
coreSubquestion,W01-C1,elementary-high,이어 놓은 뜻을 남겨 봐요.,한 번에 이 질문 하나만 제시,nuvia.semantic.v1_1_r2.w01-c1.elementary-high.meaning,nuvia.history.agriculture-settlement,nuvia.history.agriculture-settlement.c1,핵심 활동의 meaning 한 입력,learner,nuvia.semantic.ref.w01-c1.object,nuvia.semantic.ref.w01-c1.resource,저장 공간의 크기,duringAction,mapRelation,"relationId,meaningKey",선택한 두 노드의 관계 의미,"[""nuvia.history.agriculture-settlement.c1.meaning.1"", ""nuvia.history.agriculture-settlement.c1.meaning.2"", ""nuvia.history.agriculture-settlement.c1.r3_2.activity.relation""]","[""nuvia.history.agriculture-settlement.c1.prohibitedClaims"", ""질문에 없는 계획·근거·태도·정확성 생성"", ""응답 라벨을 나의 이야기로 저장""]",S01,nuvia.history.agriculture-settlement.c1,"cognitiveActionRecorded.payload.relationId,meaningKey",nuvia.age.elementary-high.v1,{}
coreSubquestion,W01-C1,middle-school,서로 이어 볼 두 가지를 골라 봐요.,한 번에 이 질문 하나만 제시,nuvia.semantic.v1_1_r2.w01-c1.middle-school.pair,nuvia.history.agriculture-settlement,nuvia.history.agriculture-settlement.c1,핵심 활동의 pair 한 입력,learner,nuvia.semantic.ref.w01-c1.object,nuvia.semantic.ref.w01-c1.resource,저장 공간의 크기,duringAction,mapRelation,nodeIds,두 노드 연결,"[""nuvia.history.agriculture-settlement.c1.node.1"", ""nuvia.history.agriculture-settlement.c1.node.2""]","[""nuvia.history.agriculture-settlement.c1.prohibitedClaims"", ""질문에 없는 계획·근거·태도·정확성 생성"", ""응답 라벨을 나의 이야기로 저장""]",S01,nuvia.history.agriculture-settlement.c1,cognitiveActionRecorded.payload.nodeIds,nuvia.age.middle-school.v1,{}
coreSubquestion,W01-C1,middle-school,이어 놓은 뜻을 남겨 봐요.,한 번에 이 질문 하나만 제시,nuvia.semantic.v1_1_r2.w01-c1.middle-school.meaning,nuvia.history.agriculture-settlement,nuvia.history.agriculture-settlement.c1,핵심 활동의 meaning 한 입력,learner,nuvia.semantic.ref.w01-c1.object,nuvia.semantic.ref.w01-c1.resource,저장 공간의 크기,duringAction,mapRelation,"relationId,meaningKey",선택한 두 노드의 관계 의미,"[""nuvia.history.agriculture-settlement.c1.meaning.1"", ""nuvia.history.agriculture-settlement.c1.meaning.2"", ""nuvia.history.agriculture-settlement.c1.r3_2.activity.relation""]","[""nuvia.history.agriculture-settlement.c1.prohibitedClaims"", ""질문에 없는 계획·근거·태도·정확성 생성"", ""응답 라벨을 나의 이야기로 저장""]",S01,nuvia.history.agriculture-settlement.c1,"cognitiveActionRecorded.payload.relationId,meaningKey",nuvia.age.middle-school.v1,{}
coreSubquestion,W01-C1,high-school,서로 이어 볼 두 가지를 골라 봐요.,한 번에 이 질문 하나만 제시,nuvia.semantic.v1_1_r2.w01-c1.high-school.pair,nuvia.history.agriculture-settlement,nuvia.history.agriculture-settlement.c1,핵심 활동의 pair 한 입력,learner,nuvia.semantic.ref.w01-c1.object,nuvia.semantic.ref.w01-c1.resource,저장 공간의 크기,duringAction,mapRelation,nodeIds,두 노드 연결,"[""nuvia.history.agriculture-settlement.c1.node.1"", ""nuvia.history.agriculture-settlement.c1.node.2""]","[""nuvia.history.agriculture-settlement.c1.prohibitedClaims"", ""질문에 없는 계획·근거·태도·정확성 생성"", ""응답 라벨을 나의 이야기로 저장""]",S01,nuvia.history.agriculture-settlement.c1,cognitiveActionRecorded.payload.nodeIds,nuvia.age.high-school.v1,{}
coreSubquestion,W01-C1,high-school,이어 놓은 뜻을 남겨 봐요.,한 번에 이 질문 하나만 제시,nuvia.semantic.v1_1_r2.w01-c1.high-school.meaning,nuvia.history.agriculture-settlement,nuvia.history.agriculture-settlement.c1,핵심 활동의 meaning 한 입력,learner,nuvia.semantic.ref.w01-c1.object,nuvia.semantic.ref.w01-c1.resource,저장 공간의 크기,duringAction,mapRelation,"relationId,meaningKey",선택한 두 노드의 관계 의미,"[""nuvia.history.agriculture-settlement.c1.meaning.1"", ""nuvia.history.agriculture-settlement.c1.meaning.2"", ""nuvia.history.agriculture-settlement.c1.r3_2.activity.relation""]","[""nuvia.history.agriculture-settlement.c1.prohibitedClaims"", ""질문에 없는 계획·근거·태도·정확성 생성"", ""응답 라벨을 나의 이야기로 저장""]",S01,nuvia.history.agriculture-settlement.c1,"cognitiveActionRecorded.payload.relationId,meaningKey",nuvia.age.high-school.v1,{}
coreSubquestion,W01-C1,adult,서로 이어 볼 두 가지를 골라 봐요.,한 번에 이 질문 하나만 제시,nuvia.semantic.v1_1_r2.w01-c1.adult.pair,nuvia.history.agriculture-settlement,nuvia.history.agriculture-settlement.c1,핵심 활동의 pair 한 입력,learner,nuvia.semantic.ref.w01-c1.object,nuvia.semantic.ref.w01-c1.resource,저장 공간의 크기,duringAction,mapRelation,nodeIds,두 노드 연결,"[""nuvia.history.agriculture-settlement.c1.node.1"", ""nuvia.history.agriculture-settlement.c1.node.2""]","[""nuvia.history.agriculture-settlement.c1.prohibitedClaims"", ""질문에 없는 계획·근거·태도·정확성 생성"", ""응답 라벨을 나의 이야기로 저장""]",S01,nuvia.history.agriculture-settlement.c1,cognitiveActionRecorded.payload.nodeIds,nuvia.age.adult.v1,{}
coreSubquestion,W01-C1,adult,이어 놓은 뜻을 남겨 봐요.,한 번에 이 질문 하나만 제시,nuvia.semantic.v1_1_r2.w01-c1.adult.meaning,nuvia.history.agriculture-settlement,nuvia.history.agriculture-settlement.c1,핵심 활동의 meaning 한 입력,learner,nuvia.semantic.ref.w01-c1.object,nuvia.semantic.ref.w01-c1.resource,저장 공간의 크기,duringAction,mapRelation,"relationId,meaningKey",선택한 두 노드의 관계 의미,"[""nuvia.history.agriculture-settlement.c1.meaning.1"", ""nuvia.history.agriculture-settlement.c1.meaning.2"", ""nuvia.history.agriculture-settlement.c1.r3_2.activity.relation""]","[""nuvia.history.agriculture-settlement.c1.prohibitedClaims"", ""질문에 없는 계획·근거·태도·정확성 생성"", ""응답 라벨을 나의 이야기로 저장""]",S01,nuvia.history.agriculture-settlement.c1,"cognitiveActionRecorded.payload.relationId,meaningKey",nuvia.age.adult.v1,{}
coreSubquestion,W01-C2,preschool,서로 이어 볼 두 가지를 골라 봐요.,한 번에 이 질문 하나만 제시,nuvia.semantic.v1_1_r2.w01-c2.preschool.pair,nuvia.history.agriculture-settlement,nuvia.history.agriculture-settlement.c2,핵심 활동의 pair 한 입력,learner,nuvia.semantic.ref.w01-c2.object,nuvia.semantic.ref.w01-c2.resource,갈돌 한 개의 사용 가능 여부,duringAction,mapRelation,nodeIds,두 노드 연결,"[""nuvia.history.agriculture-settlement.c2.node.1"", ""nuvia.history.agriculture-settlement.c2.node.2"", ""nuvia.history.agriculture-settlement.c2.node.3""]","[""nuvia.history.agriculture-settlement.c2.prohibitedClaims"", ""질문에 없는 계획·근거·태도·정확성 생성"", ""응답 라벨을 나의 이야기로 저장""]",N01,nuvia.history.agriculture-settlement.c2,cognitiveActionRecorded.payload.nodeIds,nuvia.age.preschool.v1,{}
coreSubquestion,W01-C2,preschool,이어 놓은 뜻을 남겨 봐요.,한 번에 이 질문 하나만 제시,nuvia.semantic.v1_1_r2.w01-c2.preschool.meaning,nuvia.history.agriculture-settlement,nuvia.history.agriculture-settlement.c2,핵심 활동의 meaning 한 입력,learner,nuvia.semantic.ref.w01-c2.object,nuvia.semantic.ref.w01-c2.resource,갈돌 한 개의 사용 가능 여부,duringAction,mapRelation,"relationId,meaningKey",선택한 두 노드의 관계 의미,"[""nuvia.history.agriculture-settlement.c2.meaning.1"", ""nuvia.history.agriculture-settlement.c2.meaning.2"", ""nuvia.history.agriculture-settlement.c2.r3_2.activity.relation""]","[""nuvia.history.agriculture-settlement.c2.prohibitedClaims"", ""질문에 없는 계획·근거·태도·정확성 생성"", ""응답 라벨을 나의 이야기로 저장""]",N01,nuvia.history.agriculture-settlement.c2,"cognitiveActionRecorded.payload.relationId,meaningKey",nuvia.age.preschool.v1,{}
coreSubquestion,W01-C2,elementary-low,서로 이어 볼 두 가지를 골라 봐요.,한 번에 이 질문 하나만 제시,nuvia.semantic.v1_1_r2.w01-c2.elementary-low.pair,nuvia.history.agriculture-settlement,nuvia.history.agriculture-settlement.c2,핵심 활동의 pair 한 입력,learner,nuvia.semantic.ref.w01-c2.object,nuvia.semantic.ref.w01-c2.resource,갈돌 한 개의 사용 가능 여부,duringAction,mapRelation,nodeIds,두 노드 연결,"[""nuvia.history.agriculture-settlement.c2.node.1"", ""nuvia.history.agriculture-settlement.c2.node.2"", ""nuvia.history.agriculture-settlement.c2.node.3""]","[""nuvia.history.agriculture-settlement.c2.prohibitedClaims"", ""질문에 없는 계획·근거·태도·정확성 생성"", ""응답 라벨을 나의 이야기로 저장""]",N01,nuvia.history.agriculture-settlement.c2,cognitiveActionRecorded.payload.nodeIds,nuvia.age.elementary-low.v1,{}
coreSubquestion,W01-C2,elementary-low,이어 놓은 뜻을 남겨 봐요.,한 번에 이 질문 하나만 제시,nuvia.semantic.v1_1_r2.w01-c2.elementary-low.meaning,nuvia.history.agriculture-settlement,nuvia.history.agriculture-settlement.c2,핵심 활동의 meaning 한 입력,learner,nuvia.semantic.ref.w01-c2.object,nuvia.semantic.ref.w01-c2.resource,갈돌 한 개의 사용 가능 여부,duringAction,mapRelation,"relationId,meaningKey",선택한 두 노드의 관계 의미,"[""nuvia.history.agriculture-settlement.c2.meaning.1"", ""nuvia.history.agriculture-settlement.c2.meaning.2"", ""nuvia.history.agriculture-settlement.c2.r3_2.activity.relation""]","[""nuvia.history.agriculture-settlement.c2.prohibitedClaims"", ""질문에 없는 계획·근거·태도·정확성 생성"", ""응답 라벨을 나의 이야기로 저장""]",N01,nuvia.history.agriculture-settlement.c2,"cognitiveActionRecorded.payload.relationId,meaningKey",nuvia.age.elementary-low.v1,{}
coreSubquestion,W01-C2,elementary-high,서로 이어 볼 두 가지를 골라 봐요.,한 번에 이 질문 하나만 제시,nuvia.semantic.v1_1_r2.w01-c2.elementary-high.pair,nuvia.history.agriculture-settlement,nuvia.history.agriculture-settlement.c2,핵심 활동의 pair 한 입력,learner,nuvia.semantic.ref.w01-c2.object,nuvia.semantic.ref.w01-c2.resource,갈돌 한 개의 사용 가능 여부,duringAction,mapRelation,nodeIds,두 노드 연결,"[""nuvia.history.agriculture-settlement.c2.node.1"", ""nuvia.history.agriculture-settlement.c2.node.2"", ""nuvia.history.agriculture-settlement.c2.node.3""]","[""nuvia.history.agriculture-settlement.c2.prohibitedClaims"", ""질문에 없는 계획·근거·태도·정확성 생성"", ""응답 라벨을 나의 이야기로 저장""]",N01,nuvia.history.agriculture-settlement.c2,cognitiveActionRecorded.payload.nodeIds,nuvia.age.elementary-high.v1,{}
coreSubquestion,W01-C2,elementary-high,이어 놓은 뜻을 남겨 봐요.,한 번에 이 질문 하나만 제시,nuvia.semantic.v1_1_r2.w01-c2.elementary-high.meaning,nuvia.history.agriculture-settlement,nuvia.history.agriculture-settlement.c2,핵심 활동의 meaning 한 입력,learner,nuvia.semantic.ref.w01-c2.object,nuvia.semantic.ref.w01-c2.resource,갈돌 한 개의 사용 가능 여부,duringAction,mapRelation,"relationId,meaningKey",선택한 두 노드의 관계 의미,"[""nuvia.history.agriculture-settlement.c2.meaning.1"", ""nuvia.history.agriculture-settlement.c2.meaning.2"", ""nuvia.history.agriculture-settlement.c2.r3_2.activity.relation""]","[""nuvia.history.agriculture-settlement.c2.prohibitedClaims"", ""질문에 없는 계획·근거·태도·정확성 생성"", ""응답 라벨을 나의 이야기로 저장""]",N01,nuvia.history.agriculture-settlement.c2,"cognitiveActionRecorded.payload.relationId,meaningKey",nuvia.age.elementary-high.v1,{}
coreSubquestion,W01-C2,middle-school,서로 이어 볼 두 가지를 골라 봐요.,한 번에 이 질문 하나만 제시,nuvia.semantic.v1_1_r2.w01-c2.middle-school.pair,nuvia.history.agriculture-settlement,nuvia.history.agriculture-settlement.c2,핵심 활동의 pair 한 입력,learner,nuvia.semantic.ref.w01-c2.object,nuvia.semantic.ref.w01-c2.resource,갈돌 한 개의 사용 가능 여부,duringAction,mapRelation,nodeIds,두 노드 연결,"[""nuvia.history.agriculture-settlement.c2.node.1"", ""nuvia.history.agriculture-settlement.c2.node.2"", ""nuvia.history.agriculture-settlement.c2.node.3""]","[""nuvia.history.agriculture-settlement.c2.prohibitedClaims"", ""질문에 없는 계획·근거·태도·정확성 생성"", ""응답 라벨을 나의 이야기로 저장""]",N01,nuvia.history.agriculture-settlement.c2,cognitiveActionRecorded.payload.nodeIds,nuvia.age.middle-school.v1,{}
coreSubquestion,W01-C2,middle-school,이어 놓은 뜻을 남겨 봐요.,한 번에 이 질문 하나만 제시,nuvia.semantic.v1_1_r2.w01-c2.middle-school.meaning,nuvia.history.agriculture-settlement,nuvia.history.agriculture-settlement.c2,핵심 활동의 meaning 한 입력,learner,nuvia.semantic.ref.w01-c2.object,nuvia.semantic.ref.w01-c2.resource,갈돌 한 개의 사용 가능 여부,duringAction,mapRelation,"relationId,meaningKey",선택한 두 노드의 관계 의미,"[""nuvia.history.agriculture-settlement.c2.meaning.1"", ""nuvia.history.agriculture-settlement.c2.meaning.2"", ""nuvia.history.agriculture-settlement.c2.r3_2.activity.relation""]","[""nuvia.history.agriculture-settlement.c2.prohibitedClaims"", ""질문에 없는 계획·근거·태도·정확성 생성"", ""응답 라벨을 나의 이야기로 저장""]",N01,nuvia.history.agriculture-settlement.c2,"cognitiveActionRecorded.payload.relationId,meaningKey",nuvia.age.middle-school.v1,{}
coreSubquestion,W01-C2,high-school,서로 이어 볼 두 가지를 골라 봐요.,한 번에 이 질문 하나만 제시,nuvia.semantic.v1_1_r2.w01-c2.high-school.pair,nuvia.history.agriculture-settlement,nuvia.history.agriculture-settlement.c2,핵심 활동의 pair 한 입력,learner,nuvia.semantic.ref.w01-c2.object,nuvia.semantic.ref.w01-c2.resource,갈돌 한 개의 사용 가능 여부,duringAction,mapRelation,nodeIds,두 노드 연결,"[""nuvia.history.agriculture-settlement.c2.node.1"", ""nuvia.history.agriculture-settlement.c2.node.2"", ""nuvia.history.agriculture-settlement.c2.node.3""]","[""nuvia.history.agriculture-settlement.c2.prohibitedClaims"", ""질문에 없는 계획·근거·태도·정확성 생성"", ""응답 라벨을 나의 이야기로 저장""]",N01,nuvia.history.agriculture-settlement.c2,cognitiveActionRecorded.payload.nodeIds,nuvia.age.high-school.v1,{}
coreSubquestion,W01-C2,high-school,이어 놓은 뜻을 남겨 봐요.,한 번에 이 질문 하나만 제시,nuvia.semantic.v1_1_r2.w01-c2.high-school.meaning,nuvia.history.agriculture-settlement,nuvia.history.agriculture-settlement.c2,핵심 활동의 meaning 한 입력,learner,nuvia.semantic.ref.w01-c2.object,nuvia.semantic.ref.w01-c2.resource,갈돌 한 개의 사용 가능 여부,duringAction,mapRelation,"relationId,meaningKey",선택한 두 노드의 관계 의미,"[""nuvia.history.agriculture-settlement.c2.meaning.1"", ""nuvia.history.agriculture-settlement.c2.meaning.2"", ""nuvia.history.agriculture-settlement.c2.r3_2.activity.relation""]","[""nuvia.history.agriculture-settlement.c2.prohibitedClaims"", ""질문에 없는 계획·근거·태도·정확성 생성"", ""응답 라벨을 나의 이야기로 저장""]",N01,nuvia.history.agriculture-settlement.c2,"cognitiveActionRecorded.payload.relationId,meaningKey",nuvia.age.high-school.v1,{}
coreSubquestion,W01-C2,adult,서로 이어 볼 두 가지를 골라 봐요.,한 번에 이 질문 하나만 제시,nuvia.semantic.v1_1_r2.w01-c2.adult.pair,nuvia.history.agriculture-settlement,nuvia.history.agriculture-settlement.c2,핵심 활동의 pair 한 입력,learner,nuvia.semantic.ref.w01-c2.object,nuvia.semantic.ref.w01-c2.resource,갈돌 한 개의 사용 가능 여부,duringAction,mapRelation,nodeIds,두 노드 연결,"[""nuvia.history.agriculture-settlement.c2.node.1"", ""nuvia.history.agriculture-settlement.c2.node.2"", ""nuvia.history.agriculture-settlement.c2.node.3""]","[""nuvia.history.agriculture-settlement.c2.prohibitedClaims"", ""질문에 없는 계획·근거·태도·정확성 생성"", ""응답 라벨을 나의 이야기로 저장""]",N01,nuvia.history.agriculture-settlement.c2,cognitiveActionRecorded.payload.nodeIds,nuvia.age.adult.v1,{}
coreSubquestion,W01-C2,adult,이어 놓은 뜻을 남겨 봐요.,한 번에 이 질문 하나만 제시,nuvia.semantic.v1_1_r2.w01-c2.adult.meaning,nuvia.history.agriculture-settlement,nuvia.history.agriculture-settlement.c2,핵심 활동의 meaning 한 입력,learner,nuvia.semantic.ref.w01-c2.object,nuvia.semantic.ref.w01-c2.resource,갈돌 한 개의 사용 가능 여부,duringAction,mapRelation,"relationId,meaningKey",선택한 두 노드의 관계 의미,"[""nuvia.history.agriculture-settlement.c2.meaning.1"", ""nuvia.history.agriculture-settlement.c2.meaning.2"", ""nuvia.history.agriculture-settlement.c2.r3_2.activity.relation""]","[""nuvia.history.agriculture-settlement.c2.prohibitedClaims"", ""질문에 없는 계획·근거·태도·정확성 생성"", ""응답 라벨을 나의 이야기로 저장""]",N01,nuvia.history.agriculture-settlement.c2,"cognitiveActionRecorded.payload.relationId,meaningKey",nuvia.age.adult.v1,{}
coreSubquestion,W15-C1,preschool,할 일의 차례를 놓아 봐요.,한 번에 이 질문 하나만 제시,nuvia.semantic.v1_1_r2.w15-c1.preschool.order,nuvia.history.baghdad-translation,nuvia.history.baghdad-translation.c1,핵심 활동의 order 한 입력,learner,nuvia.semantic.ref.w15-c1.object,nuvia.semantic.ref.w15-c1.resource,사본 접근 가능 여부,duringAction,arrangeSequence,"orderedStepIds,precedenceRefs",선후 순서,"[""nuvia.history.baghdad-translation.c1.step.1"", ""nuvia.history.baghdad-translation.c1.step.2"", ""nuvia.history.baghdad-translation.c1.step.3"", ""derivedFromOrderedStepIds""]","[""nuvia.history.baghdad-translation.c1.prohibitedClaims"", ""질문에 없는 계획·근거·태도·정확성 생성"", ""응답 라벨을 나의 이야기로 저장""]","[""S1324-04"", ""S1324-05""]",nuvia.history.baghdad-translation.c1,"cognitiveActionRecorded.payload.orderedStepIds,precedenceRefs",nuvia.age.preschool.v1,{}
coreSubquestion,W15-C1,preschool,지금 이어 할 수 없는 곳을 표시해 봐요.,한 번에 이 질문 하나만 제시,nuvia.semantic.v1_1_r2.w15-c1.preschool.interrupt,nuvia.history.baghdad-translation,nuvia.history.baghdad-translation.c1,핵심 활동의 interrupt 한 입력,learner,nuvia.semantic.ref.w15-c1.object,nuvia.semantic.ref.w15-c1.resource,사본 접근 가능 여부,duringAction,arrangeSequence,interruptedStepId,접근 불가로 대조할 수 없는 단계; 실제 완료 증거 아님,"[""nuvia.history.baghdad-translation.c1.step.1"", ""nuvia.history.baghdad-translation.c1.step.2"", ""nuvia.history.baghdad-translation.c1.step.3""]","[""nuvia.history.baghdad-translation.c1.prohibitedClaims"", ""질문에 없는 계획·근거·태도·정확성 생성"", ""응답 라벨을 나의 이야기로 저장""]","[""S1324-04"", ""S1324-05""]",nuvia.history.baghdad-translation.c1,cognitiveActionRecorded.payload.interruptedStepId,nuvia.age.preschool.v1,{}
coreSubquestion,W15-C1,elementary-low,할 일의 차례를 놓아 봐요.,한 번에 이 질문 하나만 제시,nuvia.semantic.v1_1_r2.w15-c1.elementary-low.order,nuvia.history.baghdad-translation,nuvia.history.baghdad-translation.c1,핵심 활동의 order 한 입력,learner,nuvia.semantic.ref.w15-c1.object,nuvia.semantic.ref.w15-c1.resource,사본 접근 가능 여부,duringAction,arrangeSequence,"orderedStepIds,precedenceRefs",선후 순서,"[""nuvia.history.baghdad-translation.c1.step.1"", ""nuvia.history.baghdad-translation.c1.step.2"", ""nuvia.history.baghdad-translation.c1.step.3"", ""derivedFromOrderedStepIds""]","[""nuvia.history.baghdad-translation.c1.prohibitedClaims"", ""질문에 없는 계획·근거·태도·정확성 생성"", ""응답 라벨을 나의 이야기로 저장""]","[""S1324-04"", ""S1324-05""]",nuvia.history.baghdad-translation.c1,"cognitiveActionRecorded.payload.orderedStepIds,precedenceRefs",nuvia.age.elementary-low.v1,{}
coreSubquestion,W15-C1,elementary-low,지금 이어 할 수 없는 곳을 표시해 봐요.,한 번에 이 질문 하나만 제시,nuvia.semantic.v1_1_r2.w15-c1.elementary-low.interrupt,nuvia.history.baghdad-translation,nuvia.history.baghdad-translation.c1,핵심 활동의 interrupt 한 입력,learner,nuvia.semantic.ref.w15-c1.object,nuvia.semantic.ref.w15-c1.resource,사본 접근 가능 여부,duringAction,arrangeSequence,interruptedStepId,접근 불가로 대조할 수 없는 단계; 실제 완료 증거 아님,"[""nuvia.history.baghdad-translation.c1.step.1"", ""nuvia.history.baghdad-translation.c1.step.2"", ""nuvia.history.baghdad-translation.c1.step.3""]","[""nuvia.history.baghdad-translation.c1.prohibitedClaims"", ""질문에 없는 계획·근거·태도·정확성 생성"", ""응답 라벨을 나의 이야기로 저장""]","[""S1324-04"", ""S1324-05""]",nuvia.history.baghdad-translation.c1,cognitiveActionRecorded.payload.interruptedStepId,nuvia.age.elementary-low.v1,{}
coreSubquestion,W15-C1,elementary-high,할 일의 차례를 놓아 봐요.,한 번에 이 질문 하나만 제시,nuvia.semantic.v1_1_r2.w15-c1.elementary-high.order,nuvia.history.baghdad-translation,nuvia.history.baghdad-translation.c1,핵심 활동의 order 한 입력,learner,nuvia.semantic.ref.w15-c1.object,nuvia.semantic.ref.w15-c1.resource,사본 접근 가능 여부,duringAction,arrangeSequence,"orderedStepIds,precedenceRefs",선후 순서,"[""nuvia.history.baghdad-translation.c1.step.1"", ""nuvia.history.baghdad-translation.c1.step.2"", ""nuvia.history.baghdad-translation.c1.step.3"", ""derivedFromOrderedStepIds""]","[""nuvia.history.baghdad-translation.c1.prohibitedClaims"", ""질문에 없는 계획·근거·태도·정확성 생성"", ""응답 라벨을 나의 이야기로 저장""]","[""S1324-04"", ""S1324-05""]",nuvia.history.baghdad-translation.c1,"cognitiveActionRecorded.payload.orderedStepIds,precedenceRefs",nuvia.age.elementary-high.v1,{}
coreSubquestion,W15-C1,elementary-high,지금 이어 할 수 없는 곳을 표시해 봐요.,한 번에 이 질문 하나만 제시,nuvia.semantic.v1_1_r2.w15-c1.elementary-high.interrupt,nuvia.history.baghdad-translation,nuvia.history.baghdad-translation.c1,핵심 활동의 interrupt 한 입력,learner,nuvia.semantic.ref.w15-c1.object,nuvia.semantic.ref.w15-c1.resource,사본 접근 가능 여부,duringAction,arrangeSequence,interruptedStepId,접근 불가로 대조할 수 없는 단계; 실제 완료 증거 아님,"[""nuvia.history.baghdad-translation.c1.step.1"", ""nuvia.history.baghdad-translation.c1.step.2"", ""nuvia.history.baghdad-translation.c1.step.3""]","[""nuvia.history.baghdad-translation.c1.prohibitedClaims"", ""질문에 없는 계획·근거·태도·정확성 생성"", ""응답 라벨을 나의 이야기로 저장""]","[""S1324-04"", ""S1324-05""]",nuvia.history.baghdad-translation.c1,cognitiveActionRecorded.payload.interruptedStepId,nuvia.age.elementary-high.v1,{}
coreSubquestion,W15-C1,middle-school,할 일의 차례를 놓아 봐요.,한 번에 이 질문 하나만 제시,nuvia.semantic.v1_1_r2.w15-c1.middle-school.order,nuvia.history.baghdad-translation,nuvia.history.baghdad-translation.c1,핵심 활동의 order 한 입력,learner,nuvia.semantic.ref.w15-c1.object,nuvia.semantic.ref.w15-c1.resource,사본 접근 가능 여부,duringAction,arrangeSequence,"orderedStepIds,precedenceRefs",선후 순서,"[""nuvia.history.baghdad-translation.c1.step.1"", ""nuvia.history.baghdad-translation.c1.step.2"", ""nuvia.history.baghdad-translation.c1.step.3"", ""derivedFromOrderedStepIds""]","[""nuvia.history.baghdad-translation.c1.prohibitedClaims"", ""질문에 없는 계획·근거·태도·정확성 생성"", ""응답 라벨을 나의 이야기로 저장""]","[""S1324-04"", ""S1324-05""]",nuvia.history.baghdad-translation.c1,"cognitiveActionRecorded.payload.orderedStepIds,precedenceRefs",nuvia.age.middle-school.v1,{}
coreSubquestion,W15-C1,middle-school,지금 이어 할 수 없는 곳을 표시해 봐요.,한 번에 이 질문 하나만 제시,nuvia.semantic.v1_1_r2.w15-c1.middle-school.interrupt,nuvia.history.baghdad-translation,nuvia.history.baghdad-translation.c1,핵심 활동의 interrupt 한 입력,learner,nuvia.semantic.ref.w15-c1.object,nuvia.semantic.ref.w15-c1.resource,사본 접근 가능 여부,duringAction,arrangeSequence,interruptedStepId,접근 불가로 대조할 수 없는 단계; 실제 완료 증거 아님,"[""nuvia.history.baghdad-translation.c1.step.1"", ""nuvia.history.baghdad-translation.c1.step.2"", ""nuvia.history.baghdad-translation.c1.step.3""]","[""nuvia.history.baghdad-translation.c1.prohibitedClaims"", ""질문에 없는 계획·근거·태도·정확성 생성"", ""응답 라벨을 나의 이야기로 저장""]","[""S1324-04"", ""S1324-05""]",nuvia.history.baghdad-translation.c1,cognitiveActionRecorded.payload.interruptedStepId,nuvia.age.middle-school.v1,{}
coreSubquestion,W15-C1,high-school,할 일의 차례를 놓아 봐요.,한 번에 이 질문 하나만 제시,nuvia.semantic.v1_1_r2.w15-c1.high-school.order,nuvia.history.baghdad-translation,nuvia.history.baghdad-translation.c1,핵심 활동의 order 한 입력,learner,nuvia.semantic.ref.w15-c1.object,nuvia.semantic.ref.w15-c1.resource,사본 접근 가능 여부,duringAction,arrangeSequence,"orderedStepIds,precedenceRefs",선후 순서,"[""nuvia.history.baghdad-translation.c1.step.1"", ""nuvia.history.baghdad-translation.c1.step.2"", ""nuvia.history.baghdad-translation.c1.step.3"", ""derivedFromOrderedStepIds""]","[""nuvia.history.baghdad-translation.c1.prohibitedClaims"", ""질문에 없는 계획·근거·태도·정확성 생성"", ""응답 라벨을 나의 이야기로 저장""]","[""S1324-04"", ""S1324-05""]",nuvia.history.baghdad-translation.c1,"cognitiveActionRecorded.payload.orderedStepIds,precedenceRefs",nuvia.age.high-school.v1,{}
coreSubquestion,W15-C1,high-school,지금 이어 할 수 없는 곳을 표시해 봐요.,한 번에 이 질문 하나만 제시,nuvia.semantic.v1_1_r2.w15-c1.high-school.interrupt,nuvia.history.baghdad-translation,nuvia.history.baghdad-translation.c1,핵심 활동의 interrupt 한 입력,learner,nuvia.semantic.ref.w15-c1.object,nuvia.semantic.ref.w15-c1.resource,사본 접근 가능 여부,duringAction,arrangeSequence,interruptedStepId,접근 불가로 대조할 수 없는 단계; 실제 완료 증거 아님,"[""nuvia.history.baghdad-translation.c1.step.1"", ""nuvia.history.baghdad-translation.c1.step.2"", ""nuvia.history.baghdad-translation.c1.step.3""]","[""nuvia.history.baghdad-translation.c1.prohibitedClaims"", ""질문에 없는 계획·근거·태도·정확성 생성"", ""응답 라벨을 나의 이야기로 저장""]","[""S1324-04"", ""S1324-05""]",nuvia.history.baghdad-translation.c1,cognitiveActionRecorded.payload.interruptedStepId,nuvia.age.high-school.v1,{}
coreSubquestion,W15-C1,adult,할 일의 차례를 놓아 봐요.,한 번에 이 질문 하나만 제시,nuvia.semantic.v1_1_r2.w15-c1.adult.order,nuvia.history.baghdad-translation,nuvia.history.baghdad-translation.c1,핵심 활동의 order 한 입력,learner,nuvia.semantic.ref.w15-c1.object,nuvia.semantic.ref.w15-c1.resource,사본 접근 가능 여부,duringAction,arrangeSequence,"orderedStepIds,precedenceRefs",선후 순서,"[""nuvia.history.baghdad-translation.c1.step.1"", ""nuvia.history.baghdad-translation.c1.step.2"", ""nuvia.history.baghdad-translation.c1.step.3"", ""derivedFromOrderedStepIds""]","[""nuvia.history.baghdad-translation.c1.prohibitedClaims"", ""질문에 없는 계획·근거·태도·정확성 생성"", ""응답 라벨을 나의 이야기로 저장""]","[""S1324-04"", ""S1324-05""]",nuvia.history.baghdad-translation.c1,"cognitiveActionRecorded.payload.orderedStepIds,precedenceRefs",nuvia.age.adult.v1,{}
coreSubquestion,W15-C1,adult,지금 이어 할 수 없는 곳을 표시해 봐요.,한 번에 이 질문 하나만 제시,nuvia.semantic.v1_1_r2.w15-c1.adult.interrupt,nuvia.history.baghdad-translation,nuvia.history.baghdad-translation.c1,핵심 활동의 interrupt 한 입력,learner,nuvia.semantic.ref.w15-c1.object,nuvia.semantic.ref.w15-c1.resource,사본 접근 가능 여부,duringAction,arrangeSequence,interruptedStepId,접근 불가로 대조할 수 없는 단계; 실제 완료 증거 아님,"[""nuvia.history.baghdad-translation.c1.step.1"", ""nuvia.history.baghdad-translation.c1.step.2"", ""nuvia.history.baghdad-translation.c1.step.3""]","[""nuvia.history.baghdad-translation.c1.prohibitedClaims"", ""질문에 없는 계획·근거·태도·정확성 생성"", ""응답 라벨을 나의 이야기로 저장""]","[""S1324-04"", ""S1324-05""]",nuvia.history.baghdad-translation.c1,cognitiveActionRecorded.payload.interruptedStepId,nuvia.age.adult.v1,{}
coreSubquestion,W15-C2,preschool,이 단서를 한 칸에 놓아 봐요.,한 번에 이 질문 하나만 제시,nuvia.semantic.v1_1_r2.w15-c2.preschool.classify,nuvia.history.baghdad-translation,nuvia.history.baghdad-translation.c2,핵심 활동의 classify 한 입력,learner,nuvia.semantic.ref.w15-c2.object,nuvia.semantic.ref.w15-c2.resource,설명 한 부분의 가시성,duringAction,classifyEvidence,"evidenceItemIds,categoryByItem,uncertainItemIds",현재 제시한 단서의 확인 상태,"[""marker"", ""reading-note"", ""confirmed"", ""hidden"", ""unknown""]","[""nuvia.history.baghdad-translation.c2.prohibitedClaims"", ""질문에 없는 계획·근거·태도·정확성 생성"", ""응답 라벨을 나의 이야기로 저장""]",S1324-04,nuvia.history.baghdad-translation.c2,"cognitiveActionRecorded.payload.evidenceItemIds,categoryByItem,uncertainItemIds",nuvia.age.preschool.v1,{}
coreSubquestion,W15-C2,preschool,그렇게 고른 까닭은 무엇인가요?,한 번에 이 질문 하나만 제시,nuvia.semantic.v1_1_r2.w15-c2.preschool.reason,nuvia.history.baghdad-translation,nuvia.history.baghdad-translation.c2,핵심 활동의 reason 한 입력,learner,nuvia.semantic.ref.w15-c2.object,nuvia.semantic.ref.w15-c2.resource,설명 한 부분의 가시성,duringAction,classifyEvidence,reasonRef,이유를 선택하거나 명시적으로 아직 모르겠어요를 선택; 원문 쓰기는 강요하지 않음,"[""nuvia.history.baghdad-translation.c2.reason.1"", ""nuvia.history.baghdad-translation.c2.reason.2"", ""nuvia.history.baghdad-translation.c2.reason.3""]","[""nuvia.history.baghdad-translation.c2.prohibitedClaims"", ""질문에 없는 계획·근거·태도·정확성 생성"", ""응답 라벨을 나의 이야기로 저장""]",S1324-04,nuvia.history.baghdad-translation.c2,cognitiveActionRecorded.payload.reasonRef,nuvia.age.preschool.v1,{}
coreSubquestion,W15-C2,elementary-low,이 단서를 한 칸에 놓아 봐요.,한 번에 이 질문 하나만 제시,nuvia.semantic.v1_1_r2.w15-c2.elementary-low.classify,nuvia.history.baghdad-translation,nuvia.history.baghdad-translation.c2,핵심 활동의 classify 한 입력,learner,nuvia.semantic.ref.w15-c2.object,nuvia.semantic.ref.w15-c2.resource,설명 한 부분의 가시성,duringAction,classifyEvidence,"evidenceItemIds,categoryByItem,uncertainItemIds",현재 제시한 단서의 확인 상태,"[""marker"", ""reading-note"", ""confirmed"", ""hidden"", ""unknown""]","[""nuvia.history.baghdad-translation.c2.prohibitedClaims"", ""질문에 없는 계획·근거·태도·정확성 생성"", ""응답 라벨을 나의 이야기로 저장""]",S1324-04,nuvia.history.baghdad-translation.c2,"cognitiveActionRecorded.payload.evidenceItemIds,categoryByItem,uncertainItemIds",nuvia.age.elementary-low.v1,{}
coreSubquestion,W15-C2,elementary-low,그렇게 고른 까닭은 무엇인가요?,한 번에 이 질문 하나만 제시,nuvia.semantic.v1_1_r2.w15-c2.elementary-low.reason,nuvia.history.baghdad-translation,nuvia.history.baghdad-translation.c2,핵심 활동의 reason 한 입력,learner,nuvia.semantic.ref.w15-c2.object,nuvia.semantic.ref.w15-c2.resource,설명 한 부분의 가시성,duringAction,classifyEvidence,reasonRef,이유를 선택하거나 명시적으로 아직 모르겠어요를 선택; 원문 쓰기는 강요하지 않음,"[""nuvia.history.baghdad-translation.c2.reason.1"", ""nuvia.history.baghdad-translation.c2.reason.2"", ""nuvia.history.baghdad-translation.c2.reason.3""]","[""nuvia.history.baghdad-translation.c2.prohibitedClaims"", ""질문에 없는 계획·근거·태도·정확성 생성"", ""응답 라벨을 나의 이야기로 저장""]",S1324-04,nuvia.history.baghdad-translation.c2,cognitiveActionRecorded.payload.reasonRef,nuvia.age.elementary-low.v1,{}
coreSubquestion,W15-C2,elementary-high,이 단서를 한 칸에 놓아 봐요.,한 번에 이 질문 하나만 제시,nuvia.semantic.v1_1_r2.w15-c2.elementary-high.classify,nuvia.history.baghdad-translation,nuvia.history.baghdad-translation.c2,핵심 활동의 classify 한 입력,learner,nuvia.semantic.ref.w15-c2.object,nuvia.semantic.ref.w15-c2.resource,설명 한 부분의 가시성,duringAction,classifyEvidence,"evidenceItemIds,categoryByItem,uncertainItemIds",현재 제시한 단서의 확인 상태,"[""marker"", ""reading-note"", ""confirmed"", ""hidden"", ""unknown""]","[""nuvia.history.baghdad-translation.c2.prohibitedClaims"", ""질문에 없는 계획·근거·태도·정확성 생성"", ""응답 라벨을 나의 이야기로 저장""]",S1324-04,nuvia.history.baghdad-translation.c2,"cognitiveActionRecorded.payload.evidenceItemIds,categoryByItem,uncertainItemIds",nuvia.age.elementary-high.v1,{}
coreSubquestion,W15-C2,elementary-high,그렇게 고른 까닭은 무엇인가요?,한 번에 이 질문 하나만 제시,nuvia.semantic.v1_1_r2.w15-c2.elementary-high.reason,nuvia.history.baghdad-translation,nuvia.history.baghdad-translation.c2,핵심 활동의 reason 한 입력,learner,nuvia.semantic.ref.w15-c2.object,nuvia.semantic.ref.w15-c2.resource,설명 한 부분의 가시성,duringAction,classifyEvidence,reasonRef,이유를 선택하거나 명시적으로 아직 모르겠어요를 선택; 원문 쓰기는 강요하지 않음,"[""nuvia.history.baghdad-translation.c2.reason.1"", ""nuvia.history.baghdad-translation.c2.reason.2"", ""nuvia.history.baghdad-translation.c2.reason.3""]","[""nuvia.history.baghdad-translation.c2.prohibitedClaims"", ""질문에 없는 계획·근거·태도·정확성 생성"", ""응답 라벨을 나의 이야기로 저장""]",S1324-04,nuvia.history.baghdad-translation.c2,cognitiveActionRecorded.payload.reasonRef,nuvia.age.elementary-high.v1,{}
coreSubquestion,W15-C2,middle-school,이 단서를 한 칸에 놓아 봐요.,한 번에 이 질문 하나만 제시,nuvia.semantic.v1_1_r2.w15-c2.middle-school.classify,nuvia.history.baghdad-translation,nuvia.history.baghdad-translation.c2,핵심 활동의 classify 한 입력,learner,nuvia.semantic.ref.w15-c2.object,nuvia.semantic.ref.w15-c2.resource,설명 한 부분의 가시성,duringAction,classifyEvidence,"evidenceItemIds,categoryByItem,uncertainItemIds",현재 제시한 단서의 확인 상태,"[""marker"", ""reading-note"", ""confirmed"", ""hidden"", ""unknown""]","[""nuvia.history.baghdad-translation.c2.prohibitedClaims"", ""질문에 없는 계획·근거·태도·정확성 생성"", ""응답 라벨을 나의 이야기로 저장""]",S1324-04,nuvia.history.baghdad-translation.c2,"cognitiveActionRecorded.payload.evidenceItemIds,categoryByItem,uncertainItemIds",nuvia.age.middle-school.v1,{}
coreSubquestion,W15-C2,middle-school,그렇게 고른 까닭은 무엇인가요?,한 번에 이 질문 하나만 제시,nuvia.semantic.v1_1_r2.w15-c2.middle-school.reason,nuvia.history.baghdad-translation,nuvia.history.baghdad-translation.c2,핵심 활동의 reason 한 입력,learner,nuvia.semantic.ref.w15-c2.object,nuvia.semantic.ref.w15-c2.resource,설명 한 부분의 가시성,duringAction,classifyEvidence,reasonRef,이유를 선택하거나 명시적으로 아직 모르겠어요를 선택; 원문 쓰기는 강요하지 않음,"[""nuvia.history.baghdad-translation.c2.reason.1"", ""nuvia.history.baghdad-translation.c2.reason.2"", ""nuvia.history.baghdad-translation.c2.reason.3""]","[""nuvia.history.baghdad-translation.c2.prohibitedClaims"", ""질문에 없는 계획·근거·태도·정확성 생성"", ""응답 라벨을 나의 이야기로 저장""]",S1324-04,nuvia.history.baghdad-translation.c2,cognitiveActionRecorded.payload.reasonRef,nuvia.age.middle-school.v1,{}
coreSubquestion,W15-C2,high-school,이 단서를 한 칸에 놓아 봐요.,한 번에 이 질문 하나만 제시,nuvia.semantic.v1_1_r2.w15-c2.high-school.classify,nuvia.history.baghdad-translation,nuvia.history.baghdad-translation.c2,핵심 활동의 classify 한 입력,learner,nuvia.semantic.ref.w15-c2.object,nuvia.semantic.ref.w15-c2.resource,설명 한 부분의 가시성,duringAction,classifyEvidence,"evidenceItemIds,categoryByItem,uncertainItemIds",현재 제시한 단서의 확인 상태,"[""marker"", ""reading-note"", ""confirmed"", ""hidden"", ""unknown""]","[""nuvia.history.baghdad-translation.c2.prohibitedClaims"", ""질문에 없는 계획·근거·태도·정확성 생성"", ""응답 라벨을 나의 이야기로 저장""]",S1324-04,nuvia.history.baghdad-translation.c2,"cognitiveActionRecorded.payload.evidenceItemIds,categoryByItem,uncertainItemIds",nuvia.age.high-school.v1,{}
coreSubquestion,W15-C2,high-school,그렇게 고른 까닭은 무엇인가요?,한 번에 이 질문 하나만 제시,nuvia.semantic.v1_1_r2.w15-c2.high-school.reason,nuvia.history.baghdad-translation,nuvia.history.baghdad-translation.c2,핵심 활동의 reason 한 입력,learner,nuvia.semantic.ref.w15-c2.object,nuvia.semantic.ref.w15-c2.resource,설명 한 부분의 가시성,duringAction,classifyEvidence,reasonRef,이유를 선택하거나 명시적으로 아직 모르겠어요를 선택; 원문 쓰기는 강요하지 않음,"[""nuvia.history.baghdad-translation.c2.reason.1"", ""nuvia.history.baghdad-translation.c2.reason.2"", ""nuvia.history.baghdad-translation.c2.reason.3""]","[""nuvia.history.baghdad-translation.c2.prohibitedClaims"", ""질문에 없는 계획·근거·태도·정확성 생성"", ""응답 라벨을 나의 이야기로 저장""]",S1324-04,nuvia.history.baghdad-translation.c2,cognitiveActionRecorded.payload.reasonRef,nuvia.age.high-school.v1,{}
coreSubquestion,W15-C2,adult,이 단서를 한 칸에 놓아 봐요.,한 번에 이 질문 하나만 제시,nuvia.semantic.v1_1_r2.w15-c2.adult.classify,nuvia.history.baghdad-translation,nuvia.history.baghdad-translation.c2,핵심 활동의 classify 한 입력,learner,nuvia.semantic.ref.w15-c2.object,nuvia.semantic.ref.w15-c2.resource,설명 한 부분의 가시성,duringAction,classifyEvidence,"evidenceItemIds,categoryByItem,uncertainItemIds",현재 제시한 단서의 확인 상태,"[""marker"", ""reading-note"", ""confirmed"", ""hidden"", ""unknown""]","[""nuvia.history.baghdad-translation.c2.prohibitedClaims"", ""질문에 없는 계획·근거·태도·정확성 생성"", ""응답 라벨을 나의 이야기로 저장""]",S1324-04,nuvia.history.baghdad-translation.c2,"cognitiveActionRecorded.payload.evidenceItemIds,categoryByItem,uncertainItemIds",nuvia.age.adult.v1,{}
coreSubquestion,W15-C2,adult,그렇게 고른 까닭은 무엇인가요?,한 번에 이 질문 하나만 제시,nuvia.semantic.v1_1_r2.w15-c2.adult.reason,nuvia.history.baghdad-translation,nuvia.history.baghdad-translation.c2,핵심 활동의 reason 한 입력,learner,nuvia.semantic.ref.w15-c2.object,nuvia.semantic.ref.w15-c2.resource,설명 한 부분의 가시성,duringAction,classifyEvidence,reasonRef,이유를 선택하거나 명시적으로 아직 모르겠어요를 선택; 원문 쓰기는 강요하지 않음,"[""nuvia.history.baghdad-translation.c2.reason.1"", ""nuvia.history.baghdad-translation.c2.reason.2"", ""nuvia.history.baghdad-translation.c2.reason.3""]","[""nuvia.history.baghdad-translation.c2.prohibitedClaims"", ""질문에 없는 계획·근거·태도·정확성 생성"", ""응답 라벨을 나의 이야기로 저장""]",S1324-04,nuvia.history.baghdad-translation.c2,cognitiveActionRecorded.payload.reasonRef,nuvia.age.adult.v1,{}
coreSubquestion,W29-C1,preschool,살펴볼 두 모습을 나란히 놓아 봐요.,한 번에 이 질문 하나만 제시,nuvia.semantic.v1_1_r2.w29-c1.preschool.pair,nuvia.history.american-conquest,nuvia.history.american-conquest.c1,핵심 활동의 pair 한 입력,learner,nuvia.semantic.ref.w29-c1.object,nuvia.semantic.ref.w29-c1.resource,색 종류 수 두 가지→한 가지,duringAction,compareStructures,"leftRelationIds,rightRelationIds",같은 자원의 실제·가상 관계 두 개,"[""nuvia.history.american-conquest.c1.left.1"", ""nuvia.history.american-conquest.c1.right.1""]","[""nuvia.history.american-conquest.c1.prohibitedClaims"", ""질문에 없는 계획·근거·태도·정확성 생성"", ""응답 라벨을 나의 이야기로 저장""]","[""W29-S01"", ""W29-S02"", ""W29-S03"", ""W29-S04""]",nuvia.history.american-conquest.c1,"cognitiveActionRecorded.payload.leftRelationIds,rightRelationIds",nuvia.age.preschool.v1,{}
coreSubquestion,W29-C1,preschool,두 모습에서 눈에 띈 점을 남겨 봐요.,한 번에 이 질문 하나만 제시,nuvia.semantic.v1_1_r2.w29-c1.preschool.difference,nuvia.history.american-conquest,nuvia.history.american-conquest.c1,핵심 활동의 difference 한 입력,learner,nuvia.semantic.ref.w29-c1.object,nuvia.semantic.ref.w29-c1.resource,색 종류 수 두 가지→한 가지,duringAction,compareStructures,differenceRef,관계 차이를 선택 또는 보류,"[""nuvia.history.american-conquest.c1.reason.1"", ""nuvia.history.american-conquest.c1.reason.2"", ""nuvia.history.american-conquest.c1.reason.3""]","[""nuvia.history.american-conquest.c1.prohibitedClaims"", ""질문에 없는 계획·근거·태도·정확성 생성"", ""응답 라벨을 나의 이야기로 저장""]","[""W29-S01"", ""W29-S02"", ""W29-S03"", ""W29-S04""]",nuvia.history.american-conquest.c1,cognitiveActionRecorded.payload.differenceRef,nuvia.age.preschool.v1,{}
coreSubquestion,W29-C1,elementary-low,살펴볼 두 모습을 나란히 놓아 봐요.,한 번에 이 질문 하나만 제시,nuvia.semantic.v1_1_r2.w29-c1.elementary-low.pair,nuvia.history.american-conquest,nuvia.history.american-conquest.c1,핵심 활동의 pair 한 입력,learner,nuvia.semantic.ref.w29-c1.object,nuvia.semantic.ref.w29-c1.resource,색 종류 수 두 가지→한 가지,duringAction,compareStructures,"leftRelationIds,rightRelationIds",같은 자원의 실제·가상 관계 두 개,"[""nuvia.history.american-conquest.c1.left.1"", ""nuvia.history.american-conquest.c1.right.1""]","[""nuvia.history.american-conquest.c1.prohibitedClaims"", ""질문에 없는 계획·근거·태도·정확성 생성"", ""응답 라벨을 나의 이야기로 저장""]","[""W29-S01"", ""W29-S02"", ""W29-S03"", ""W29-S04""]",nuvia.history.american-conquest.c1,"cognitiveActionRecorded.payload.leftRelationIds,rightRelationIds",nuvia.age.elementary-low.v1,{}
coreSubquestion,W29-C1,elementary-low,두 모습에서 눈에 띈 점을 남겨 봐요.,한 번에 이 질문 하나만 제시,nuvia.semantic.v1_1_r2.w29-c1.elementary-low.difference,nuvia.history.american-conquest,nuvia.history.american-conquest.c1,핵심 활동의 difference 한 입력,learner,nuvia.semantic.ref.w29-c1.object,nuvia.semantic.ref.w29-c1.resource,색 종류 수 두 가지→한 가지,duringAction,compareStructures,differenceRef,관계 차이를 선택 또는 보류,"[""nuvia.history.american-conquest.c1.reason.1"", ""nuvia.history.american-conquest.c1.reason.2"", ""nuvia.history.american-conquest.c1.reason.3""]","[""nuvia.history.american-conquest.c1.prohibitedClaims"", ""질문에 없는 계획·근거·태도·정확성 생성"", ""응답 라벨을 나의 이야기로 저장""]","[""W29-S01"", ""W29-S02"", ""W29-S03"", ""W29-S04""]",nuvia.history.american-conquest.c1,cognitiveActionRecorded.payload.differenceRef,nuvia.age.elementary-low.v1,{}
coreSubquestion,W29-C1,elementary-high,살펴볼 두 모습을 나란히 놓아 봐요.,한 번에 이 질문 하나만 제시,nuvia.semantic.v1_1_r2.w29-c1.elementary-high.pair,nuvia.history.american-conquest,nuvia.history.american-conquest.c1,핵심 활동의 pair 한 입력,learner,nuvia.semantic.ref.w29-c1.object,nuvia.semantic.ref.w29-c1.resource,색 종류 수 두 가지→한 가지,duringAction,compareStructures,"leftRelationIds,rightRelationIds",같은 자원의 실제·가상 관계 두 개,"[""nuvia.history.american-conquest.c1.left.1"", ""nuvia.history.american-conquest.c1.right.1""]","[""nuvia.history.american-conquest.c1.prohibitedClaims"", ""질문에 없는 계획·근거·태도·정확성 생성"", ""응답 라벨을 나의 이야기로 저장""]","[""W29-S01"", ""W29-S02"", ""W29-S03"", ""W29-S04""]",nuvia.history.american-conquest.c1,"cognitiveActionRecorded.payload.leftRelationIds,rightRelationIds",nuvia.age.elementary-high.v1,{}
coreSubquestion,W29-C1,elementary-high,두 모습에서 눈에 띈 점을 남겨 봐요.,한 번에 이 질문 하나만 제시,nuvia.semantic.v1_1_r2.w29-c1.elementary-high.difference,nuvia.history.american-conquest,nuvia.history.american-conquest.c1,핵심 활동의 difference 한 입력,learner,nuvia.semantic.ref.w29-c1.object,nuvia.semantic.ref.w29-c1.resource,색 종류 수 두 가지→한 가지,duringAction,compareStructures,differenceRef,관계 차이를 선택 또는 보류,"[""nuvia.history.american-conquest.c1.reason.1"", ""nuvia.history.american-conquest.c1.reason.2"", ""nuvia.history.american-conquest.c1.reason.3""]","[""nuvia.history.american-conquest.c1.prohibitedClaims"", ""질문에 없는 계획·근거·태도·정확성 생성"", ""응답 라벨을 나의 이야기로 저장""]","[""W29-S01"", ""W29-S02"", ""W29-S03"", ""W29-S04""]",nuvia.history.american-conquest.c1,cognitiveActionRecorded.payload.differenceRef,nuvia.age.elementary-high.v1,{}
coreSubquestion,W29-C1,middle-school,살펴볼 두 모습을 나란히 놓아 봐요.,한 번에 이 질문 하나만 제시,nuvia.semantic.v1_1_r2.w29-c1.middle-school.pair,nuvia.history.american-conquest,nuvia.history.american-conquest.c1,핵심 활동의 pair 한 입력,learner,nuvia.semantic.ref.w29-c1.object,nuvia.semantic.ref.w29-c1.resource,색 종류 수 두 가지→한 가지,duringAction,compareStructures,"leftRelationIds,rightRelationIds",같은 자원의 실제·가상 관계 두 개,"[""nuvia.history.american-conquest.c1.left.1"", ""nuvia.history.american-conquest.c1.right.1""]","[""nuvia.history.american-conquest.c1.prohibitedClaims"", ""질문에 없는 계획·근거·태도·정확성 생성"", ""응답 라벨을 나의 이야기로 저장""]","[""W29-S01"", ""W29-S02"", ""W29-S03"", ""W29-S04""]",nuvia.history.american-conquest.c1,"cognitiveActionRecorded.payload.leftRelationIds,rightRelationIds",nuvia.age.middle-school.v1,{}
coreSubquestion,W29-C1,middle-school,두 모습에서 눈에 띈 점을 남겨 봐요.,한 번에 이 질문 하나만 제시,nuvia.semantic.v1_1_r2.w29-c1.middle-school.difference,nuvia.history.american-conquest,nuvia.history.american-conquest.c1,핵심 활동의 difference 한 입력,learner,nuvia.semantic.ref.w29-c1.object,nuvia.semantic.ref.w29-c1.resource,색 종류 수 두 가지→한 가지,duringAction,compareStructures,differenceRef,관계 차이를 선택 또는 보류,"[""nuvia.history.american-conquest.c1.reason.1"", ""nuvia.history.american-conquest.c1.reason.2"", ""nuvia.history.american-conquest.c1.reason.3""]","[""nuvia.history.american-conquest.c1.prohibitedClaims"", ""질문에 없는 계획·근거·태도·정확성 생성"", ""응답 라벨을 나의 이야기로 저장""]","[""W29-S01"", ""W29-S02"", ""W29-S03"", ""W29-S04""]",nuvia.history.american-conquest.c1,cognitiveActionRecorded.payload.differenceRef,nuvia.age.middle-school.v1,{}
coreSubquestion,W29-C1,high-school,살펴볼 두 모습을 나란히 놓아 봐요.,한 번에 이 질문 하나만 제시,nuvia.semantic.v1_1_r2.w29-c1.high-school.pair,nuvia.history.american-conquest,nuvia.history.american-conquest.c1,핵심 활동의 pair 한 입력,learner,nuvia.semantic.ref.w29-c1.object,nuvia.semantic.ref.w29-c1.resource,색 종류 수 두 가지→한 가지,duringAction,compareStructures,"leftRelationIds,rightRelationIds",같은 자원의 실제·가상 관계 두 개,"[""nuvia.history.american-conquest.c1.left.1"", ""nuvia.history.american-conquest.c1.right.1""]","[""nuvia.history.american-conquest.c1.prohibitedClaims"", ""질문에 없는 계획·근거·태도·정확성 생성"", ""응답 라벨을 나의 이야기로 저장""]","[""W29-S01"", ""W29-S02"", ""W29-S03"", ""W29-S04""]",nuvia.history.american-conquest.c1,"cognitiveActionRecorded.payload.leftRelationIds,rightRelationIds",nuvia.age.high-school.v1,{}
coreSubquestion,W29-C1,high-school,두 모습에서 눈에 띈 점을 남겨 봐요.,한 번에 이 질문 하나만 제시,nuvia.semantic.v1_1_r2.w29-c1.high-school.difference,nuvia.history.american-conquest,nuvia.history.american-conquest.c1,핵심 활동의 difference 한 입력,learner,nuvia.semantic.ref.w29-c1.object,nuvia.semantic.ref.w29-c1.resource,색 종류 수 두 가지→한 가지,duringAction,compareStructures,differenceRef,관계 차이를 선택 또는 보류,"[""nuvia.history.american-conquest.c1.reason.1"", ""nuvia.history.american-conquest.c1.reason.2"", ""nuvia.history.american-conquest.c1.reason.3""]","[""nuvia.history.american-conquest.c1.prohibitedClaims"", ""질문에 없는 계획·근거·태도·정확성 생성"", ""응답 라벨을 나의 이야기로 저장""]","[""W29-S01"", ""W29-S02"", ""W29-S03"", ""W29-S04""]",nuvia.history.american-conquest.c1,cognitiveActionRecorded.payload.differenceRef,nuvia.age.high-school.v1,{}
coreSubquestion,W29-C1,adult,살펴볼 두 모습을 나란히 놓아 봐요.,한 번에 이 질문 하나만 제시,nuvia.semantic.v1_1_r2.w29-c1.adult.pair,nuvia.history.american-conquest,nuvia.history.american-conquest.c1,핵심 활동의 pair 한 입력,learner,nuvia.semantic.ref.w29-c1.object,nuvia.semantic.ref.w29-c1.resource,색 종류 수 두 가지→한 가지,duringAction,compareStructures,"leftRelationIds,rightRelationIds",같은 자원의 실제·가상 관계 두 개,"[""nuvia.history.american-conquest.c1.left.1"", ""nuvia.history.american-conquest.c1.right.1""]","[""nuvia.history.american-conquest.c1.prohibitedClaims"", ""질문에 없는 계획·근거·태도·정확성 생성"", ""응답 라벨을 나의 이야기로 저장""]","[""W29-S01"", ""W29-S02"", ""W29-S03"", ""W29-S04""]",nuvia.history.american-conquest.c1,"cognitiveActionRecorded.payload.leftRelationIds,rightRelationIds",nuvia.age.adult.v1,{}
coreSubquestion,W29-C1,adult,두 모습에서 눈에 띈 점을 남겨 봐요.,한 번에 이 질문 하나만 제시,nuvia.semantic.v1_1_r2.w29-c1.adult.difference,nuvia.history.american-conquest,nuvia.history.american-conquest.c1,핵심 활동의 difference 한 입력,learner,nuvia.semantic.ref.w29-c1.object,nuvia.semantic.ref.w29-c1.resource,색 종류 수 두 가지→한 가지,duringAction,compareStructures,differenceRef,관계 차이를 선택 또는 보류,"[""nuvia.history.american-conquest.c1.reason.1"", ""nuvia.history.american-conquest.c1.reason.2"", ""nuvia.history.american-conquest.c1.reason.3""]","[""nuvia.history.american-conquest.c1.prohibitedClaims"", ""질문에 없는 계획·근거·태도·정확성 생성"", ""응답 라벨을 나의 이야기로 저장""]","[""W29-S01"", ""W29-S02"", ""W29-S03"", ""W29-S04""]",nuvia.history.american-conquest.c1,cognitiveActionRecorded.payload.differenceRef,nuvia.age.adult.v1,{}
coreSubquestion,W29-C2,preschool,무엇을 하려고 하나요?,한 번에 이 질문 하나만 제시,nuvia.semantic.v1_1_r2.w29-c2.preschool.goal,nuvia.history.american-conquest,nuvia.history.american-conquest.c2,핵심 활동의 goal 한 입력,learner,nuvia.semantic.ref.w29-c2.object,nuvia.semantic.ref.w29-c2.resource,보고 자리에서 원물 동반 여부,duringAction,chooseGoalAndSteps,goalId,목표 확인,"[""nuvia.history.american-conquest.c2.goal.1""]","[""nuvia.history.american-conquest.c2.prohibitedClaims"", ""질문에 없는 계획·근거·태도·정확성 생성"", ""응답 라벨을 나의 이야기로 저장""]","[""W29-S01"", ""W29-S02"", ""W29-S03"", ""W29-S04""]",nuvia.history.american-conquest.c2,cognitiveActionRecorded.payload.goalId,nuvia.age.preschool.v1,{}
coreSubquestion,W29-C2,preschool,어떤 일을 먼저 할까요?,한 번에 이 질문 하나만 제시,nuvia.semantic.v1_1_r2.w29-c2.preschool.response,nuvia.history.american-conquest,nuvia.history.american-conquest.c2,핵심 활동의 response 한 입력,learner,nuvia.semantic.ref.w29-c2.object,nuvia.semantic.ref.w29-c2.resource,보고 자리에서 원물 동반 여부,duringAction,chooseGoalAndSteps,responseId,목표를 위한 한 행동,"[""nuvia.history.american-conquest.c2.response.1"", ""nuvia.history.american-conquest.c2.response.2""]","[""nuvia.history.american-conquest.c2.prohibitedClaims"", ""질문에 없는 계획·근거·태도·정확성 생성"", ""응답 라벨을 나의 이야기로 저장""]","[""W29-S01"", ""W29-S02"", ""W29-S03"", ""W29-S04""]",nuvia.history.american-conquest.c2,cognitiveActionRecorded.payload.responseId,nuvia.age.preschool.v1,{}
coreSubquestion,W29-C2,preschool,지금 확인할 수 없는 것은 무엇인가요?,한 번에 이 질문 하나만 제시,nuvia.semantic.v1_1_r2.w29-c2.preschool.constraint,nuvia.history.american-conquest,nuvia.history.american-conquest.c2,핵심 활동의 constraint 한 입력,learner,nuvia.semantic.ref.w29-c2.object,nuvia.semantic.ref.w29-c2.resource,보고 자리에서 원물 동반 여부,duringAction,chooseGoalAndSteps,constraintId,제공된 제약 확인,"[""nuvia.history.american-conquest.c2.constraint.1""]","[""nuvia.history.american-conquest.c2.prohibitedClaims"", ""질문에 없는 계획·근거·태도·정확성 생성"", ""응답 라벨을 나의 이야기로 저장""]","[""W29-S01"", ""W29-S02"", ""W29-S03"", ""W29-S04""]",nuvia.history.american-conquest.c2,cognitiveActionRecorded.payload.constraintId,nuvia.age.preschool.v1,{}
coreSubquestion,W29-C2,preschool,그렇게 고른 까닭은 무엇인가요?,한 번에 이 질문 하나만 제시,nuvia.semantic.v1_1_r2.w29-c2.preschool.reason,nuvia.history.american-conquest,nuvia.history.american-conquest.c2,핵심 활동의 reason 한 입력,learner,nuvia.semantic.ref.w29-c2.object,nuvia.semantic.ref.w29-c2.resource,보고 자리에서 원물 동반 여부,duringAction,chooseGoalAndSteps,reasonRef,이유를 선택하거나 명시적으로 아직 모르겠어요를 선택; 원문 쓰기는 강요하지 않음,"[""nuvia.history.american-conquest.c2.reason.1"", ""nuvia.history.american-conquest.c2.reason.2""]","[""nuvia.history.american-conquest.c2.prohibitedClaims"", ""질문에 없는 계획·근거·태도·정확성 생성"", ""응답 라벨을 나의 이야기로 저장""]","[""W29-S01"", ""W29-S02"", ""W29-S03"", ""W29-S04""]",nuvia.history.american-conquest.c2,cognitiveActionRecorded.payload.reasonRef,nuvia.age.preschool.v1,{}
coreSubquestion,W29-C2,elementary-low,무엇을 하려고 하나요?,한 번에 이 질문 하나만 제시,nuvia.semantic.v1_1_r2.w29-c2.elementary-low.goal,nuvia.history.american-conquest,nuvia.history.american-conquest.c2,핵심 활동의 goal 한 입력,learner,nuvia.semantic.ref.w29-c2.object,nuvia.semantic.ref.w29-c2.resource,보고 자리에서 원물 동반 여부,duringAction,chooseGoalAndSteps,goalId,목표 확인,"[""nuvia.history.american-conquest.c2.goal.1""]","[""nuvia.history.american-conquest.c2.prohibitedClaims"", ""질문에 없는 계획·근거·태도·정확성 생성"", ""응답 라벨을 나의 이야기로 저장""]","[""W29-S01"", ""W29-S02"", ""W29-S03"", ""W29-S04""]",nuvia.history.american-conquest.c2,cognitiveActionRecorded.payload.goalId,nuvia.age.elementary-low.v1,{}
coreSubquestion,W29-C2,elementary-low,어떤 일을 먼저 할까요?,한 번에 이 질문 하나만 제시,nuvia.semantic.v1_1_r2.w29-c2.elementary-low.response,nuvia.history.american-conquest,nuvia.history.american-conquest.c2,핵심 활동의 response 한 입력,learner,nuvia.semantic.ref.w29-c2.object,nuvia.semantic.ref.w29-c2.resource,보고 자리에서 원물 동반 여부,duringAction,chooseGoalAndSteps,responseId,목표를 위한 한 행동,"[""nuvia.history.american-conquest.c2.response.1"", ""nuvia.history.american-conquest.c2.response.2""]","[""nuvia.history.american-conquest.c2.prohibitedClaims"", ""질문에 없는 계획·근거·태도·정확성 생성"", ""응답 라벨을 나의 이야기로 저장""]","[""W29-S01"", ""W29-S02"", ""W29-S03"", ""W29-S04""]",nuvia.history.american-conquest.c2,cognitiveActionRecorded.payload.responseId,nuvia.age.elementary-low.v1,{}
coreSubquestion,W29-C2,elementary-low,지금 확인할 수 없는 것은 무엇인가요?,한 번에 이 질문 하나만 제시,nuvia.semantic.v1_1_r2.w29-c2.elementary-low.constraint,nuvia.history.american-conquest,nuvia.history.american-conquest.c2,핵심 활동의 constraint 한 입력,learner,nuvia.semantic.ref.w29-c2.object,nuvia.semantic.ref.w29-c2.resource,보고 자리에서 원물 동반 여부,duringAction,chooseGoalAndSteps,constraintId,제공된 제약 확인,"[""nuvia.history.american-conquest.c2.constraint.1""]","[""nuvia.history.american-conquest.c2.prohibitedClaims"", ""질문에 없는 계획·근거·태도·정확성 생성"", ""응답 라벨을 나의 이야기로 저장""]","[""W29-S01"", ""W29-S02"", ""W29-S03"", ""W29-S04""]",nuvia.history.american-conquest.c2,cognitiveActionRecorded.payload.constraintId,nuvia.age.elementary-low.v1,{}
coreSubquestion,W29-C2,elementary-low,그렇게 고른 까닭은 무엇인가요?,한 번에 이 질문 하나만 제시,nuvia.semantic.v1_1_r2.w29-c2.elementary-low.reason,nuvia.history.american-conquest,nuvia.history.american-conquest.c2,핵심 활동의 reason 한 입력,learner,nuvia.semantic.ref.w29-c2.object,nuvia.semantic.ref.w29-c2.resource,보고 자리에서 원물 동반 여부,duringAction,chooseGoalAndSteps,reasonRef,이유를 선택하거나 명시적으로 아직 모르겠어요를 선택; 원문 쓰기는 강요하지 않음,"[""nuvia.history.american-conquest.c2.reason.1"", ""nuvia.history.american-conquest.c2.reason.2""]","[""nuvia.history.american-conquest.c2.prohibitedClaims"", ""질문에 없는 계획·근거·태도·정확성 생성"", ""응답 라벨을 나의 이야기로 저장""]","[""W29-S01"", ""W29-S02"", ""W29-S03"", ""W29-S04""]",nuvia.history.american-conquest.c2,cognitiveActionRecorded.payload.reasonRef,nuvia.age.elementary-low.v1,{}
coreSubquestion,W29-C2,elementary-high,무엇을 하려고 하나요?,한 번에 이 질문 하나만 제시,nuvia.semantic.v1_1_r2.w29-c2.elementary-high.goal,nuvia.history.american-conquest,nuvia.history.american-conquest.c2,핵심 활동의 goal 한 입력,learner,nuvia.semantic.ref.w29-c2.object,nuvia.semantic.ref.w29-c2.resource,보고 자리에서 원물 동반 여부,duringAction,chooseGoalAndSteps,goalId,목표 확인,"[""nuvia.history.american-conquest.c2.goal.1""]","[""nuvia.history.american-conquest.c2.prohibitedClaims"", ""질문에 없는 계획·근거·태도·정확성 생성"", ""응답 라벨을 나의 이야기로 저장""]","[""W29-S01"", ""W29-S02"", ""W29-S03"", ""W29-S04""]",nuvia.history.american-conquest.c2,cognitiveActionRecorded.payload.goalId,nuvia.age.elementary-high.v1,{}
coreSubquestion,W29-C2,elementary-high,어떤 일을 먼저 할까요?,한 번에 이 질문 하나만 제시,nuvia.semantic.v1_1_r2.w29-c2.elementary-high.response,nuvia.history.american-conquest,nuvia.history.american-conquest.c2,핵심 활동의 response 한 입력,learner,nuvia.semantic.ref.w29-c2.object,nuvia.semantic.ref.w29-c2.resource,보고 자리에서 원물 동반 여부,duringAction,chooseGoalAndSteps,responseId,목표를 위한 한 행동,"[""nuvia.history.american-conquest.c2.response.1"", ""nuvia.history.american-conquest.c2.response.2""]","[""nuvia.history.american-conquest.c2.prohibitedClaims"", ""질문에 없는 계획·근거·태도·정확성 생성"", ""응답 라벨을 나의 이야기로 저장""]","[""W29-S01"", ""W29-S02"", ""W29-S03"", ""W29-S04""]",nuvia.history.american-conquest.c2,cognitiveActionRecorded.payload.responseId,nuvia.age.elementary-high.v1,{}
coreSubquestion,W29-C2,elementary-high,지금 확인할 수 없는 것은 무엇인가요?,한 번에 이 질문 하나만 제시,nuvia.semantic.v1_1_r2.w29-c2.elementary-high.constraint,nuvia.history.american-conquest,nuvia.history.american-conquest.c2,핵심 활동의 constraint 한 입력,learner,nuvia.semantic.ref.w29-c2.object,nuvia.semantic.ref.w29-c2.resource,보고 자리에서 원물 동반 여부,duringAction,chooseGoalAndSteps,constraintId,제공된 제약 확인,"[""nuvia.history.american-conquest.c2.constraint.1""]","[""nuvia.history.american-conquest.c2.prohibitedClaims"", ""질문에 없는 계획·근거·태도·정확성 생성"", ""응답 라벨을 나의 이야기로 저장""]","[""W29-S01"", ""W29-S02"", ""W29-S03"", ""W29-S04""]",nuvia.history.american-conquest.c2,cognitiveActionRecorded.payload.constraintId,nuvia.age.elementary-high.v1,{}
coreSubquestion,W29-C2,elementary-high,그렇게 고른 까닭은 무엇인가요?,한 번에 이 질문 하나만 제시,nuvia.semantic.v1_1_r2.w29-c2.elementary-high.reason,nuvia.history.american-conquest,nuvia.history.american-conquest.c2,핵심 활동의 reason 한 입력,learner,nuvia.semantic.ref.w29-c2.object,nuvia.semantic.ref.w29-c2.resource,보고 자리에서 원물 동반 여부,duringAction,chooseGoalAndSteps,reasonRef,이유를 선택하거나 명시적으로 아직 모르겠어요를 선택; 원문 쓰기는 강요하지 않음,"[""nuvia.history.american-conquest.c2.reason.1"", ""nuvia.history.american-conquest.c2.reason.2""]","[""nuvia.history.american-conquest.c2.prohibitedClaims"", ""질문에 없는 계획·근거·태도·정확성 생성"", ""응답 라벨을 나의 이야기로 저장""]","[""W29-S01"", ""W29-S02"", ""W29-S03"", ""W29-S04""]",nuvia.history.american-conquest.c2,cognitiveActionRecorded.payload.reasonRef,nuvia.age.elementary-high.v1,{}
coreSubquestion,W29-C2,middle-school,무엇을 하려고 하나요?,한 번에 이 질문 하나만 제시,nuvia.semantic.v1_1_r2.w29-c2.middle-school.goal,nuvia.history.american-conquest,nuvia.history.american-conquest.c2,핵심 활동의 goal 한 입력,learner,nuvia.semantic.ref.w29-c2.object,nuvia.semantic.ref.w29-c2.resource,보고 자리에서 원물 동반 여부,duringAction,chooseGoalAndSteps,goalId,목표 확인,"[""nuvia.history.american-conquest.c2.goal.1""]","[""nuvia.history.american-conquest.c2.prohibitedClaims"", ""질문에 없는 계획·근거·태도·정확성 생성"", ""응답 라벨을 나의 이야기로 저장""]","[""W29-S01"", ""W29-S02"", ""W29-S03"", ""W29-S04""]",nuvia.history.american-conquest.c2,cognitiveActionRecorded.payload.goalId,nuvia.age.middle-school.v1,{}
coreSubquestion,W29-C2,middle-school,어떤 일을 먼저 할까요?,한 번에 이 질문 하나만 제시,nuvia.semantic.v1_1_r2.w29-c2.middle-school.response,nuvia.history.american-conquest,nuvia.history.american-conquest.c2,핵심 활동의 response 한 입력,learner,nuvia.semantic.ref.w29-c2.object,nuvia.semantic.ref.w29-c2.resource,보고 자리에서 원물 동반 여부,duringAction,chooseGoalAndSteps,responseId,목표를 위한 한 행동,"[""nuvia.history.american-conquest.c2.response.1"", ""nuvia.history.american-conquest.c2.response.2""]","[""nuvia.history.american-conquest.c2.prohibitedClaims"", ""질문에 없는 계획·근거·태도·정확성 생성"", ""응답 라벨을 나의 이야기로 저장""]","[""W29-S01"", ""W29-S02"", ""W29-S03"", ""W29-S04""]",nuvia.history.american-conquest.c2,cognitiveActionRecorded.payload.responseId,nuvia.age.middle-school.v1,{}
coreSubquestion,W29-C2,middle-school,지금 확인할 수 없는 것은 무엇인가요?,한 번에 이 질문 하나만 제시,nuvia.semantic.v1_1_r2.w29-c2.middle-school.constraint,nuvia.history.american-conquest,nuvia.history.american-conquest.c2,핵심 활동의 constraint 한 입력,learner,nuvia.semantic.ref.w29-c2.object,nuvia.semantic.ref.w29-c2.resource,보고 자리에서 원물 동반 여부,duringAction,chooseGoalAndSteps,constraintId,제공된 제약 확인,"[""nuvia.history.american-conquest.c2.constraint.1""]","[""nuvia.history.american-conquest.c2.prohibitedClaims"", ""질문에 없는 계획·근거·태도·정확성 생성"", ""응답 라벨을 나의 이야기로 저장""]","[""W29-S01"", ""W29-S02"", ""W29-S03"", ""W29-S04""]",nuvia.history.american-conquest.c2,cognitiveActionRecorded.payload.constraintId,nuvia.age.middle-school.v1,{}
coreSubquestion,W29-C2,middle-school,그렇게 고른 까닭은 무엇인가요?,한 번에 이 질문 하나만 제시,nuvia.semantic.v1_1_r2.w29-c2.middle-school.reason,nuvia.history.american-conquest,nuvia.history.american-conquest.c2,핵심 활동의 reason 한 입력,learner,nuvia.semantic.ref.w29-c2.object,nuvia.semantic.ref.w29-c2.resource,보고 자리에서 원물 동반 여부,duringAction,chooseGoalAndSteps,reasonRef,이유를 선택하거나 명시적으로 아직 모르겠어요를 선택; 원문 쓰기는 강요하지 않음,"[""nuvia.history.american-conquest.c2.reason.1"", ""nuvia.history.american-conquest.c2.reason.2""]","[""nuvia.history.american-conquest.c2.prohibitedClaims"", ""질문에 없는 계획·근거·태도·정확성 생성"", ""응답 라벨을 나의 이야기로 저장""]","[""W29-S01"", ""W29-S02"", ""W29-S03"", ""W29-S04""]",nuvia.history.american-conquest.c2,cognitiveActionRecorded.payload.reasonRef,nuvia.age.middle-school.v1,{}
coreSubquestion,W29-C2,high-school,무엇을 하려고 하나요?,한 번에 이 질문 하나만 제시,nuvia.semantic.v1_1_r2.w29-c2.high-school.goal,nuvia.history.american-conquest,nuvia.history.american-conquest.c2,핵심 활동의 goal 한 입력,learner,nuvia.semantic.ref.w29-c2.object,nuvia.semantic.ref.w29-c2.resource,보고 자리에서 원물 동반 여부,duringAction,chooseGoalAndSteps,goalId,목표 확인,"[""nuvia.history.american-conquest.c2.goal.1""]","[""nuvia.history.american-conquest.c2.prohibitedClaims"", ""질문에 없는 계획·근거·태도·정확성 생성"", ""응답 라벨을 나의 이야기로 저장""]","[""W29-S01"", ""W29-S02"", ""W29-S03"", ""W29-S04""]",nuvia.history.american-conquest.c2,cognitiveActionRecorded.payload.goalId,nuvia.age.high-school.v1,{}
coreSubquestion,W29-C2,high-school,어떤 일을 먼저 할까요?,한 번에 이 질문 하나만 제시,nuvia.semantic.v1_1_r2.w29-c2.high-school.response,nuvia.history.american-conquest,nuvia.history.american-conquest.c2,핵심 활동의 response 한 입력,learner,nuvia.semantic.ref.w29-c2.object,nuvia.semantic.ref.w29-c2.resource,보고 자리에서 원물 동반 여부,duringAction,chooseGoalAndSteps,responseId,목표를 위한 한 행동,"[""nuvia.history.american-conquest.c2.response.1"", ""nuvia.history.american-conquest.c2.response.2""]","[""nuvia.history.american-conquest.c2.prohibitedClaims"", ""질문에 없는 계획·근거·태도·정확성 생성"", ""응답 라벨을 나의 이야기로 저장""]","[""W29-S01"", ""W29-S02"", ""W29-S03"", ""W29-S04""]",nuvia.history.american-conquest.c2,cognitiveActionRecorded.payload.responseId,nuvia.age.high-school.v1,{}
coreSubquestion,W29-C2,high-school,지금 확인할 수 없는 것은 무엇인가요?,한 번에 이 질문 하나만 제시,nuvia.semantic.v1_1_r2.w29-c2.high-school.constraint,nuvia.history.american-conquest,nuvia.history.american-conquest.c2,핵심 활동의 constraint 한 입력,learner,nuvia.semantic.ref.w29-c2.object,nuvia.semantic.ref.w29-c2.resource,보고 자리에서 원물 동반 여부,duringAction,chooseGoalAndSteps,constraintId,제공된 제약 확인,"[""nuvia.history.american-conquest.c2.constraint.1""]","[""nuvia.history.american-conquest.c2.prohibitedClaims"", ""질문에 없는 계획·근거·태도·정확성 생성"", ""응답 라벨을 나의 이야기로 저장""]","[""W29-S01"", ""W29-S02"", ""W29-S03"", ""W29-S04""]",nuvia.history.american-conquest.c2,cognitiveActionRecorded.payload.constraintId,nuvia.age.high-school.v1,{}
coreSubquestion,W29-C2,high-school,그렇게 고른 까닭은 무엇인가요?,한 번에 이 질문 하나만 제시,nuvia.semantic.v1_1_r2.w29-c2.high-school.reason,nuvia.history.american-conquest,nuvia.history.american-conquest.c2,핵심 활동의 reason 한 입력,learner,nuvia.semantic.ref.w29-c2.object,nuvia.semantic.ref.w29-c2.resource,보고 자리에서 원물 동반 여부,duringAction,chooseGoalAndSteps,reasonRef,이유를 선택하거나 명시적으로 아직 모르겠어요를 선택; 원문 쓰기는 강요하지 않음,"[""nuvia.history.american-conquest.c2.reason.1"", ""nuvia.history.american-conquest.c2.reason.2""]","[""nuvia.history.american-conquest.c2.prohibitedClaims"", ""질문에 없는 계획·근거·태도·정확성 생성"", ""응답 라벨을 나의 이야기로 저장""]","[""W29-S01"", ""W29-S02"", ""W29-S03"", ""W29-S04""]",nuvia.history.american-conquest.c2,cognitiveActionRecorded.payload.reasonRef,nuvia.age.high-school.v1,{}
coreSubquestion,W29-C2,adult,무엇을 하려고 하나요?,한 번에 이 질문 하나만 제시,nuvia.semantic.v1_1_r2.w29-c2.adult.goal,nuvia.history.american-conquest,nuvia.history.american-conquest.c2,핵심 활동의 goal 한 입력,learner,nuvia.semantic.ref.w29-c2.object,nuvia.semantic.ref.w29-c2.resource,보고 자리에서 원물 동반 여부,duringAction,chooseGoalAndSteps,goalId,목표 확인,"[""nuvia.history.american-conquest.c2.goal.1""]","[""nuvia.history.american-conquest.c2.prohibitedClaims"", ""질문에 없는 계획·근거·태도·정확성 생성"", ""응답 라벨을 나의 이야기로 저장""]","[""W29-S01"", ""W29-S02"", ""W29-S03"", ""W29-S04""]",nuvia.history.american-conquest.c2,cognitiveActionRecorded.payload.goalId,nuvia.age.adult.v1,{}
coreSubquestion,W29-C2,adult,어떤 일을 먼저 할까요?,한 번에 이 질문 하나만 제시,nuvia.semantic.v1_1_r2.w29-c2.adult.response,nuvia.history.american-conquest,nuvia.history.american-conquest.c2,핵심 활동의 response 한 입력,learner,nuvia.semantic.ref.w29-c2.object,nuvia.semantic.ref.w29-c2.resource,보고 자리에서 원물 동반 여부,duringAction,chooseGoalAndSteps,responseId,목표를 위한 한 행동,"[""nuvia.history.american-conquest.c2.response.1"", ""nuvia.history.american-conquest.c2.response.2""]","[""nuvia.history.american-conquest.c2.prohibitedClaims"", ""질문에 없는 계획·근거·태도·정확성 생성"", ""응답 라벨을 나의 이야기로 저장""]","[""W29-S01"", ""W29-S02"", ""W29-S03"", ""W29-S04""]",nuvia.history.american-conquest.c2,cognitiveActionRecorded.payload.responseId,nuvia.age.adult.v1,{}
coreSubquestion,W29-C2,adult,지금 확인할 수 없는 것은 무엇인가요?,한 번에 이 질문 하나만 제시,nuvia.semantic.v1_1_r2.w29-c2.adult.constraint,nuvia.history.american-conquest,nuvia.history.american-conquest.c2,핵심 활동의 constraint 한 입력,learner,nuvia.semantic.ref.w29-c2.object,nuvia.semantic.ref.w29-c2.resource,보고 자리에서 원물 동반 여부,duringAction,chooseGoalAndSteps,constraintId,제공된 제약 확인,"[""nuvia.history.american-conquest.c2.constraint.1""]","[""nuvia.history.american-conquest.c2.prohibitedClaims"", ""질문에 없는 계획·근거·태도·정확성 생성"", ""응답 라벨을 나의 이야기로 저장""]","[""W29-S01"", ""W29-S02"", ""W29-S03"", ""W29-S04""]",nuvia.history.american-conquest.c2,cognitiveActionRecorded.payload.constraintId,nuvia.age.adult.v1,{}
coreSubquestion,W29-C2,adult,그렇게 고른 까닭은 무엇인가요?,한 번에 이 질문 하나만 제시,nuvia.semantic.v1_1_r2.w29-c2.adult.reason,nuvia.history.american-conquest,nuvia.history.american-conquest.c2,핵심 활동의 reason 한 입력,learner,nuvia.semantic.ref.w29-c2.object,nuvia.semantic.ref.w29-c2.resource,보고 자리에서 원물 동반 여부,duringAction,chooseGoalAndSteps,reasonRef,이유를 선택하거나 명시적으로 아직 모르겠어요를 선택; 원문 쓰기는 강요하지 않음,"[""nuvia.history.american-conquest.c2.reason.1"", ""nuvia.history.american-conquest.c2.reason.2""]","[""nuvia.history.american-conquest.c2.prohibitedClaims"", ""질문에 없는 계획·근거·태도·정확성 생성"", ""응답 라벨을 나의 이야기로 저장""]","[""W29-S01"", ""W29-S02"", ""W29-S03"", ""W29-S04""]",nuvia.history.american-conquest.c2,cognitiveActionRecorded.payload.reasonRef,nuvia.age.adult.v1,{}
coreSubquestion,W39-C1,preschool,서로 이어 볼 두 가지를 골라 봐요.,한 번에 이 질문 하나만 제시,nuvia.semantic.v1_1_r2.w39-c1.preschool.pair,nuvia.history.africa-partition,nuvia.history.africa-partition.c1,핵심 활동의 pair 한 입력,learner,nuvia.semantic.ref.w39-c1.object,nuvia.semantic.ref.w39-c1.resource,표시의 가시성,duringAction,mapRelation,nodeIds,두 노드 연결,"[""nuvia.history.africa-partition.c1.node.1"", ""nuvia.history.africa-partition.c1.node.2"", ""nuvia.history.africa-partition.c1.node.3"", ""nuvia.history.africa-partition.c1.node.4""]","[""nuvia.history.africa-partition.c1.prohibitedClaims"", ""질문에 없는 계획·근거·태도·정확성 생성"", ""응답 라벨을 나의 이야기로 저장""]",R2-S39-A,nuvia.history.africa-partition.c1,cognitiveActionRecorded.payload.nodeIds,nuvia.age.preschool.v1,{}
coreSubquestion,W39-C1,preschool,이어 놓은 뜻을 남겨 봐요.,한 번에 이 질문 하나만 제시,nuvia.semantic.v1_1_r2.w39-c1.preschool.meaning,nuvia.history.africa-partition,nuvia.history.africa-partition.c1,핵심 활동의 meaning 한 입력,learner,nuvia.semantic.ref.w39-c1.object,nuvia.semantic.ref.w39-c1.resource,표시의 가시성,duringAction,mapRelation,"relationId,meaningKey",선택한 두 노드의 관계 의미,"[""nuvia.history.africa-partition.c1.meaning.1"", ""nuvia.history.africa-partition.c1.meaning.2"", ""nuvia.history.africa-partition.c1.meaning.3"", ""nuvia.history.africa-partition.c1.core.relation""]","[""nuvia.history.africa-partition.c1.prohibitedClaims"", ""질문에 없는 계획·근거·태도·정확성 생성"", ""응답 라벨을 나의 이야기로 저장""]",R2-S39-A,nuvia.history.africa-partition.c1,"cognitiveActionRecorded.payload.relationId,meaningKey",nuvia.age.preschool.v1,{}
coreSubquestion,W39-C1,elementary-low,서로 이어 볼 두 가지를 골라 봐요.,한 번에 이 질문 하나만 제시,nuvia.semantic.v1_1_r2.w39-c1.elementary-low.pair,nuvia.history.africa-partition,nuvia.history.africa-partition.c1,핵심 활동의 pair 한 입력,learner,nuvia.semantic.ref.w39-c1.object,nuvia.semantic.ref.w39-c1.resource,표시의 가시성,duringAction,mapRelation,nodeIds,두 노드 연결,"[""nuvia.history.africa-partition.c1.node.1"", ""nuvia.history.africa-partition.c1.node.2"", ""nuvia.history.africa-partition.c1.node.3"", ""nuvia.history.africa-partition.c1.node.4""]","[""nuvia.history.africa-partition.c1.prohibitedClaims"", ""질문에 없는 계획·근거·태도·정확성 생성"", ""응답 라벨을 나의 이야기로 저장""]",R2-S39-A,nuvia.history.africa-partition.c1,cognitiveActionRecorded.payload.nodeIds,nuvia.age.elementary-low.v1,{}
coreSubquestion,W39-C1,elementary-low,이어 놓은 뜻을 남겨 봐요.,한 번에 이 질문 하나만 제시,nuvia.semantic.v1_1_r2.w39-c1.elementary-low.meaning,nuvia.history.africa-partition,nuvia.history.africa-partition.c1,핵심 활동의 meaning 한 입력,learner,nuvia.semantic.ref.w39-c1.object,nuvia.semantic.ref.w39-c1.resource,표시의 가시성,duringAction,mapRelation,"relationId,meaningKey",선택한 두 노드의 관계 의미,"[""nuvia.history.africa-partition.c1.meaning.1"", ""nuvia.history.africa-partition.c1.meaning.2"", ""nuvia.history.africa-partition.c1.meaning.3"", ""nuvia.history.africa-partition.c1.core.relation""]","[""nuvia.history.africa-partition.c1.prohibitedClaims"", ""질문에 없는 계획·근거·태도·정확성 생성"", ""응답 라벨을 나의 이야기로 저장""]",R2-S39-A,nuvia.history.africa-partition.c1,"cognitiveActionRecorded.payload.relationId,meaningKey",nuvia.age.elementary-low.v1,{}
coreSubquestion,W39-C1,elementary-high,서로 이어 볼 두 가지를 골라 봐요.,한 번에 이 질문 하나만 제시,nuvia.semantic.v1_1_r2.w39-c1.elementary-high.pair,nuvia.history.africa-partition,nuvia.history.africa-partition.c1,핵심 활동의 pair 한 입력,learner,nuvia.semantic.ref.w39-c1.object,nuvia.semantic.ref.w39-c1.resource,표시의 가시성,duringAction,mapRelation,nodeIds,두 노드 연결,"[""nuvia.history.africa-partition.c1.node.1"", ""nuvia.history.africa-partition.c1.node.2"", ""nuvia.history.africa-partition.c1.node.3"", ""nuvia.history.africa-partition.c1.node.4""]","[""nuvia.history.africa-partition.c1.prohibitedClaims"", ""질문에 없는 계획·근거·태도·정확성 생성"", ""응답 라벨을 나의 이야기로 저장""]",R2-S39-A,nuvia.history.africa-partition.c1,cognitiveActionRecorded.payload.nodeIds,nuvia.age.elementary-high.v1,{}
coreSubquestion,W39-C1,elementary-high,이어 놓은 뜻을 남겨 봐요.,한 번에 이 질문 하나만 제시,nuvia.semantic.v1_1_r2.w39-c1.elementary-high.meaning,nuvia.history.africa-partition,nuvia.history.africa-partition.c1,핵심 활동의 meaning 한 입력,learner,nuvia.semantic.ref.w39-c1.object,nuvia.semantic.ref.w39-c1.resource,표시의 가시성,duringAction,mapRelation,"relationId,meaningKey",선택한 두 노드의 관계 의미,"[""nuvia.history.africa-partition.c1.meaning.1"", ""nuvia.history.africa-partition.c1.meaning.2"", ""nuvia.history.africa-partition.c1.meaning.3"", ""nuvia.history.africa-partition.c1.core.relation""]","[""nuvia.history.africa-partition.c1.prohibitedClaims"", ""질문에 없는 계획·근거·태도·정확성 생성"", ""응답 라벨을 나의 이야기로 저장""]",R2-S39-A,nuvia.history.africa-partition.c1,"cognitiveActionRecorded.payload.relationId,meaningKey",nuvia.age.elementary-high.v1,{}
coreSubquestion,W39-C1,middle-school,서로 이어 볼 두 가지를 골라 봐요.,한 번에 이 질문 하나만 제시,nuvia.semantic.v1_1_r2.w39-c1.middle-school.pair,nuvia.history.africa-partition,nuvia.history.africa-partition.c1,핵심 활동의 pair 한 입력,learner,nuvia.semantic.ref.w39-c1.object,nuvia.semantic.ref.w39-c1.resource,표시의 가시성,duringAction,mapRelation,nodeIds,두 노드 연결,"[""nuvia.history.africa-partition.c1.node.1"", ""nuvia.history.africa-partition.c1.node.2"", ""nuvia.history.africa-partition.c1.node.3"", ""nuvia.history.africa-partition.c1.node.4""]","[""nuvia.history.africa-partition.c1.prohibitedClaims"", ""질문에 없는 계획·근거·태도·정확성 생성"", ""응답 라벨을 나의 이야기로 저장""]",R2-S39-A,nuvia.history.africa-partition.c1,cognitiveActionRecorded.payload.nodeIds,nuvia.age.middle-school.v1,{}
coreSubquestion,W39-C1,middle-school,이어 놓은 뜻을 남겨 봐요.,한 번에 이 질문 하나만 제시,nuvia.semantic.v1_1_r2.w39-c1.middle-school.meaning,nuvia.history.africa-partition,nuvia.history.africa-partition.c1,핵심 활동의 meaning 한 입력,learner,nuvia.semantic.ref.w39-c1.object,nuvia.semantic.ref.w39-c1.resource,표시의 가시성,duringAction,mapRelation,"relationId,meaningKey",선택한 두 노드의 관계 의미,"[""nuvia.history.africa-partition.c1.meaning.1"", ""nuvia.history.africa-partition.c1.meaning.2"", ""nuvia.history.africa-partition.c1.meaning.3"", ""nuvia.history.africa-partition.c1.core.relation""]","[""nuvia.history.africa-partition.c1.prohibitedClaims"", ""질문에 없는 계획·근거·태도·정확성 생성"", ""응답 라벨을 나의 이야기로 저장""]",R2-S39-A,nuvia.history.africa-partition.c1,"cognitiveActionRecorded.payload.relationId,meaningKey",nuvia.age.middle-school.v1,{}
coreSubquestion,W39-C1,high-school,서로 이어 볼 두 가지를 골라 봐요.,한 번에 이 질문 하나만 제시,nuvia.semantic.v1_1_r2.w39-c1.high-school.pair,nuvia.history.africa-partition,nuvia.history.africa-partition.c1,핵심 활동의 pair 한 입력,learner,nuvia.semantic.ref.w39-c1.object,nuvia.semantic.ref.w39-c1.resource,표시의 가시성,duringAction,mapRelation,nodeIds,두 노드 연결,"[""nuvia.history.africa-partition.c1.node.1"", ""nuvia.history.africa-partition.c1.node.2"", ""nuvia.history.africa-partition.c1.node.3"", ""nuvia.history.africa-partition.c1.node.4""]","[""nuvia.history.africa-partition.c1.prohibitedClaims"", ""질문에 없는 계획·근거·태도·정확성 생성"", ""응답 라벨을 나의 이야기로 저장""]",R2-S39-A,nuvia.history.africa-partition.c1,cognitiveActionRecorded.payload.nodeIds,nuvia.age.high-school.v1,{}
coreSubquestion,W39-C1,high-school,이어 놓은 뜻을 남겨 봐요.,한 번에 이 질문 하나만 제시,nuvia.semantic.v1_1_r2.w39-c1.high-school.meaning,nuvia.history.africa-partition,nuvia.history.africa-partition.c1,핵심 활동의 meaning 한 입력,learner,nuvia.semantic.ref.w39-c1.object,nuvia.semantic.ref.w39-c1.resource,표시의 가시성,duringAction,mapRelation,"relationId,meaningKey",선택한 두 노드의 관계 의미,"[""nuvia.history.africa-partition.c1.meaning.1"", ""nuvia.history.africa-partition.c1.meaning.2"", ""nuvia.history.africa-partition.c1.meaning.3"", ""nuvia.history.africa-partition.c1.core.relation""]","[""nuvia.history.africa-partition.c1.prohibitedClaims"", ""질문에 없는 계획·근거·태도·정확성 생성"", ""응답 라벨을 나의 이야기로 저장""]",R2-S39-A,nuvia.history.africa-partition.c1,"cognitiveActionRecorded.payload.relationId,meaningKey",nuvia.age.high-school.v1,{}
coreSubquestion,W39-C1,adult,서로 이어 볼 두 가지를 골라 봐요.,한 번에 이 질문 하나만 제시,nuvia.semantic.v1_1_r2.w39-c1.adult.pair,nuvia.history.africa-partition,nuvia.history.africa-partition.c1,핵심 활동의 pair 한 입력,learner,nuvia.semantic.ref.w39-c1.object,nuvia.semantic.ref.w39-c1.resource,표시의 가시성,duringAction,mapRelation,nodeIds,두 노드 연결,"[""nuvia.history.africa-partition.c1.node.1"", ""nuvia.history.africa-partition.c1.node.2"", ""nuvia.history.africa-partition.c1.node.3"", ""nuvia.history.africa-partition.c1.node.4""]","[""nuvia.history.africa-partition.c1.prohibitedClaims"", ""질문에 없는 계획·근거·태도·정확성 생성"", ""응답 라벨을 나의 이야기로 저장""]",R2-S39-A,nuvia.history.africa-partition.c1,cognitiveActionRecorded.payload.nodeIds,nuvia.age.adult.v1,{}
coreSubquestion,W39-C1,adult,이어 놓은 뜻을 남겨 봐요.,한 번에 이 질문 하나만 제시,nuvia.semantic.v1_1_r2.w39-c1.adult.meaning,nuvia.history.africa-partition,nuvia.history.africa-partition.c1,핵심 활동의 meaning 한 입력,learner,nuvia.semantic.ref.w39-c1.object,nuvia.semantic.ref.w39-c1.resource,표시의 가시성,duringAction,mapRelation,"relationId,meaningKey",선택한 두 노드의 관계 의미,"[""nuvia.history.africa-partition.c1.meaning.1"", ""nuvia.history.africa-partition.c1.meaning.2"", ""nuvia.history.africa-partition.c1.meaning.3"", ""nuvia.history.africa-partition.c1.core.relation""]","[""nuvia.history.africa-partition.c1.prohibitedClaims"", ""질문에 없는 계획·근거·태도·정확성 생성"", ""응답 라벨을 나의 이야기로 저장""]",R2-S39-A,nuvia.history.africa-partition.c1,"cognitiveActionRecorded.payload.relationId,meaningKey",nuvia.age.adult.v1,{}
coreSubquestion,W39-C2,preschool,할 일의 차례를 놓아 봐요.,한 번에 이 질문 하나만 제시,nuvia.semantic.v1_1_r2.w39-c2.preschool.order,nuvia.history.africa-partition,nuvia.history.africa-partition.c2,핵심 활동의 order 한 입력,learner,nuvia.semantic.ref.w39-c2.object,nuvia.semantic.ref.w39-c2.resource,계획된 전달 시점의 앞뒤,duringAction,arrangeSequence,"orderedStepIds,precedenceRefs",선후 순서,"[""nuvia.history.africa-partition.c2.step.1"", ""nuvia.history.africa-partition.c2.step.2"", ""derivedFromOrderedStepIds""]","[""nuvia.history.africa-partition.c2.prohibitedClaims"", ""질문에 없는 계획·근거·태도·정확성 생성"", ""응답 라벨을 나의 이야기로 저장""]",R2-S39-A,nuvia.history.africa-partition.c2,"cognitiveActionRecorded.payload.orderedStepIds,precedenceRefs",nuvia.age.preschool.v1,{}
coreSubquestion,W39-C2,elementary-low,할 일의 차례를 놓아 봐요.,한 번에 이 질문 하나만 제시,nuvia.semantic.v1_1_r2.w39-c2.elementary-low.order,nuvia.history.africa-partition,nuvia.history.africa-partition.c2,핵심 활동의 order 한 입력,learner,nuvia.semantic.ref.w39-c2.object,nuvia.semantic.ref.w39-c2.resource,계획된 전달 시점의 앞뒤,duringAction,arrangeSequence,"orderedStepIds,precedenceRefs",선후 순서,"[""nuvia.history.africa-partition.c2.step.1"", ""nuvia.history.africa-partition.c2.step.2"", ""derivedFromOrderedStepIds""]","[""nuvia.history.africa-partition.c2.prohibitedClaims"", ""질문에 없는 계획·근거·태도·정확성 생성"", ""응답 라벨을 나의 이야기로 저장""]",R2-S39-A,nuvia.history.africa-partition.c2,"cognitiveActionRecorded.payload.orderedStepIds,precedenceRefs",nuvia.age.elementary-low.v1,{}
coreSubquestion,W39-C2,elementary-high,할 일의 차례를 놓아 봐요.,한 번에 이 질문 하나만 제시,nuvia.semantic.v1_1_r2.w39-c2.elementary-high.order,nuvia.history.africa-partition,nuvia.history.africa-partition.c2,핵심 활동의 order 한 입력,learner,nuvia.semantic.ref.w39-c2.object,nuvia.semantic.ref.w39-c2.resource,계획된 전달 시점의 앞뒤,duringAction,arrangeSequence,"orderedStepIds,precedenceRefs",선후 순서,"[""nuvia.history.africa-partition.c2.step.1"", ""nuvia.history.africa-partition.c2.step.2"", ""derivedFromOrderedStepIds""]","[""nuvia.history.africa-partition.c2.prohibitedClaims"", ""질문에 없는 계획·근거·태도·정확성 생성"", ""응답 라벨을 나의 이야기로 저장""]",R2-S39-A,nuvia.history.africa-partition.c2,"cognitiveActionRecorded.payload.orderedStepIds,precedenceRefs",nuvia.age.elementary-high.v1,{}
coreSubquestion,W39-C2,middle-school,할 일의 차례를 놓아 봐요.,한 번에 이 질문 하나만 제시,nuvia.semantic.v1_1_r2.w39-c2.middle-school.order,nuvia.history.africa-partition,nuvia.history.africa-partition.c2,핵심 활동의 order 한 입력,learner,nuvia.semantic.ref.w39-c2.object,nuvia.semantic.ref.w39-c2.resource,계획된 전달 시점의 앞뒤,duringAction,arrangeSequence,"orderedStepIds,precedenceRefs",선후 순서,"[""nuvia.history.africa-partition.c2.step.1"", ""nuvia.history.africa-partition.c2.step.2"", ""derivedFromOrderedStepIds""]","[""nuvia.history.africa-partition.c2.prohibitedClaims"", ""질문에 없는 계획·근거·태도·정확성 생성"", ""응답 라벨을 나의 이야기로 저장""]",R2-S39-A,nuvia.history.africa-partition.c2,"cognitiveActionRecorded.payload.orderedStepIds,precedenceRefs",nuvia.age.middle-school.v1,{}
coreSubquestion,W39-C2,high-school,할 일의 차례를 놓아 봐요.,한 번에 이 질문 하나만 제시,nuvia.semantic.v1_1_r2.w39-c2.high-school.order,nuvia.history.africa-partition,nuvia.history.africa-partition.c2,핵심 활동의 order 한 입력,learner,nuvia.semantic.ref.w39-c2.object,nuvia.semantic.ref.w39-c2.resource,계획된 전달 시점의 앞뒤,duringAction,arrangeSequence,"orderedStepIds,precedenceRefs",선후 순서,"[""nuvia.history.africa-partition.c2.step.1"", ""nuvia.history.africa-partition.c2.step.2"", ""derivedFromOrderedStepIds""]","[""nuvia.history.africa-partition.c2.prohibitedClaims"", ""질문에 없는 계획·근거·태도·정확성 생성"", ""응답 라벨을 나의 이야기로 저장""]",R2-S39-A,nuvia.history.africa-partition.c2,"cognitiveActionRecorded.payload.orderedStepIds,precedenceRefs",nuvia.age.high-school.v1,{}
coreSubquestion,W39-C2,adult,할 일의 차례를 놓아 봐요.,한 번에 이 질문 하나만 제시,nuvia.semantic.v1_1_r2.w39-c2.adult.order,nuvia.history.africa-partition,nuvia.history.africa-partition.c2,핵심 활동의 order 한 입력,learner,nuvia.semantic.ref.w39-c2.object,nuvia.semantic.ref.w39-c2.resource,계획된 전달 시점의 앞뒤,duringAction,arrangeSequence,"orderedStepIds,precedenceRefs",선후 순서,"[""nuvia.history.africa-partition.c2.step.1"", ""nuvia.history.africa-partition.c2.step.2"", ""derivedFromOrderedStepIds""]","[""nuvia.history.africa-partition.c2.prohibitedClaims"", ""질문에 없는 계획·근거·태도·정확성 생성"", ""응답 라벨을 나의 이야기로 저장""]",R2-S39-A,nuvia.history.africa-partition.c2,"cognitiveActionRecorded.payload.orderedStepIds,precedenceRefs",nuvia.age.adult.v1,{}
coreSubquestion,W44-C1,preschool,살펴볼 두 모습을 나란히 놓아 봐요.,한 번에 이 질문 하나만 제시,nuvia.semantic.v1_1_r2.w44-c1.preschool.pair,nuvia.history.un-human-rights,nuvia.history.un-human-rights.c1,핵심 활동의 pair 한 입력,learner,nuvia.semantic.ref.w44-c1.object,nuvia.semantic.ref.w44-c1.resource,all human beings 대신 all men,duringAction,compareStructures,"leftRelationIds,rightRelationIds",같은 자원의 실제·가상 관계 두 개,"[""nuvia.history.un-human-rights.c1.left.1"", ""nuvia.history.un-human-rights.c1.right.1""]","[""nuvia.history.un-human-rights.c1.prohibitedClaims"", ""질문에 없는 계획·근거·태도·정확성 생성"", ""응답 라벨을 나의 이야기로 저장""]","[""R2-S44-A"", ""R2-S44-B"", ""R2-S44-C"", ""R2-S44-D""]",nuvia.history.un-human-rights.c1,"cognitiveActionRecorded.payload.leftRelationIds,rightRelationIds",nuvia.age.preschool.v1,{}
coreSubquestion,W44-C1,preschool,두 모습에서 눈에 띈 점을 남겨 봐요.,한 번에 이 질문 하나만 제시,nuvia.semantic.v1_1_r2.w44-c1.preschool.difference,nuvia.history.un-human-rights,nuvia.history.un-human-rights.c1,핵심 활동의 difference 한 입력,learner,nuvia.semantic.ref.w44-c1.object,nuvia.semantic.ref.w44-c1.resource,all human beings 대신 all men,duringAction,compareStructures,differenceRef,관계 차이를 선택 또는 보류,"[""nuvia.history.un-human-rights.c1.reason.1"", ""nuvia.history.un-human-rights.c1.reason.2"", ""nuvia.history.un-human-rights.c1.reason.3""]","[""nuvia.history.un-human-rights.c1.prohibitedClaims"", ""질문에 없는 계획·근거·태도·정확성 생성"", ""응답 라벨을 나의 이야기로 저장""]","[""R2-S44-A"", ""R2-S44-B"", ""R2-S44-C"", ""R2-S44-D""]",nuvia.history.un-human-rights.c1,cognitiveActionRecorded.payload.differenceRef,nuvia.age.preschool.v1,{}
coreSubquestion,W44-C1,elementary-low,살펴볼 두 모습을 나란히 놓아 봐요.,한 번에 이 질문 하나만 제시,nuvia.semantic.v1_1_r2.w44-c1.elementary-low.pair,nuvia.history.un-human-rights,nuvia.history.un-human-rights.c1,핵심 활동의 pair 한 입력,learner,nuvia.semantic.ref.w44-c1.object,nuvia.semantic.ref.w44-c1.resource,all human beings 대신 all men,duringAction,compareStructures,"leftRelationIds,rightRelationIds",같은 자원의 실제·가상 관계 두 개,"[""nuvia.history.un-human-rights.c1.left.1"", ""nuvia.history.un-human-rights.c1.right.1""]","[""nuvia.history.un-human-rights.c1.prohibitedClaims"", ""질문에 없는 계획·근거·태도·정확성 생성"", ""응답 라벨을 나의 이야기로 저장""]","[""R2-S44-A"", ""R2-S44-B"", ""R2-S44-C"", ""R2-S44-D""]",nuvia.history.un-human-rights.c1,"cognitiveActionRecorded.payload.leftRelationIds,rightRelationIds",nuvia.age.elementary-low.v1,{}
coreSubquestion,W44-C1,elementary-low,두 모습에서 눈에 띈 점을 남겨 봐요.,한 번에 이 질문 하나만 제시,nuvia.semantic.v1_1_r2.w44-c1.elementary-low.difference,nuvia.history.un-human-rights,nuvia.history.un-human-rights.c1,핵심 활동의 difference 한 입력,learner,nuvia.semantic.ref.w44-c1.object,nuvia.semantic.ref.w44-c1.resource,all human beings 대신 all men,duringAction,compareStructures,differenceRef,관계 차이를 선택 또는 보류,"[""nuvia.history.un-human-rights.c1.reason.1"", ""nuvia.history.un-human-rights.c1.reason.2"", ""nuvia.history.un-human-rights.c1.reason.3""]","[""nuvia.history.un-human-rights.c1.prohibitedClaims"", ""질문에 없는 계획·근거·태도·정확성 생성"", ""응답 라벨을 나의 이야기로 저장""]","[""R2-S44-A"", ""R2-S44-B"", ""R2-S44-C"", ""R2-S44-D""]",nuvia.history.un-human-rights.c1,cognitiveActionRecorded.payload.differenceRef,nuvia.age.elementary-low.v1,{}
coreSubquestion,W44-C1,elementary-high,살펴볼 두 모습을 나란히 놓아 봐요.,한 번에 이 질문 하나만 제시,nuvia.semantic.v1_1_r2.w44-c1.elementary-high.pair,nuvia.history.un-human-rights,nuvia.history.un-human-rights.c1,핵심 활동의 pair 한 입력,learner,nuvia.semantic.ref.w44-c1.object,nuvia.semantic.ref.w44-c1.resource,all human beings 대신 all men,duringAction,compareStructures,"leftRelationIds,rightRelationIds",같은 자원의 실제·가상 관계 두 개,"[""nuvia.history.un-human-rights.c1.left.1"", ""nuvia.history.un-human-rights.c1.right.1""]","[""nuvia.history.un-human-rights.c1.prohibitedClaims"", ""질문에 없는 계획·근거·태도·정확성 생성"", ""응답 라벨을 나의 이야기로 저장""]","[""R2-S44-A"", ""R2-S44-B"", ""R2-S44-C"", ""R2-S44-D""]",nuvia.history.un-human-rights.c1,"cognitiveActionRecorded.payload.leftRelationIds,rightRelationIds",nuvia.age.elementary-high.v1,{}
coreSubquestion,W44-C1,elementary-high,두 모습에서 눈에 띈 점을 남겨 봐요.,한 번에 이 질문 하나만 제시,nuvia.semantic.v1_1_r2.w44-c1.elementary-high.difference,nuvia.history.un-human-rights,nuvia.history.un-human-rights.c1,핵심 활동의 difference 한 입력,learner,nuvia.semantic.ref.w44-c1.object,nuvia.semantic.ref.w44-c1.resource,all human beings 대신 all men,duringAction,compareStructures,differenceRef,관계 차이를 선택 또는 보류,"[""nuvia.history.un-human-rights.c1.reason.1"", ""nuvia.history.un-human-rights.c1.reason.2"", ""nuvia.history.un-human-rights.c1.reason.3""]","[""nuvia.history.un-human-rights.c1.prohibitedClaims"", ""질문에 없는 계획·근거·태도·정확성 생성"", ""응답 라벨을 나의 이야기로 저장""]","[""R2-S44-A"", ""R2-S44-B"", ""R2-S44-C"", ""R2-S44-D""]",nuvia.history.un-human-rights.c1,cognitiveActionRecorded.payload.differenceRef,nuvia.age.elementary-high.v1,{}
coreSubquestion,W44-C1,middle-school,살펴볼 두 모습을 나란히 놓아 봐요.,한 번에 이 질문 하나만 제시,nuvia.semantic.v1_1_r2.w44-c1.middle-school.pair,nuvia.history.un-human-rights,nuvia.history.un-human-rights.c1,핵심 활동의 pair 한 입력,learner,nuvia.semantic.ref.w44-c1.object,nuvia.semantic.ref.w44-c1.resource,all human beings 대신 all men,duringAction,compareStructures,"leftRelationIds,rightRelationIds",같은 자원의 실제·가상 관계 두 개,"[""nuvia.history.un-human-rights.c1.left.1"", ""nuvia.history.un-human-rights.c1.right.1""]","[""nuvia.history.un-human-rights.c1.prohibitedClaims"", ""질문에 없는 계획·근거·태도·정확성 생성"", ""응답 라벨을 나의 이야기로 저장""]","[""R2-S44-A"", ""R2-S44-B"", ""R2-S44-C"", ""R2-S44-D""]",nuvia.history.un-human-rights.c1,"cognitiveActionRecorded.payload.leftRelationIds,rightRelationIds",nuvia.age.middle-school.v1,{}
coreSubquestion,W44-C1,middle-school,두 모습에서 눈에 띈 점을 남겨 봐요.,한 번에 이 질문 하나만 제시,nuvia.semantic.v1_1_r2.w44-c1.middle-school.difference,nuvia.history.un-human-rights,nuvia.history.un-human-rights.c1,핵심 활동의 difference 한 입력,learner,nuvia.semantic.ref.w44-c1.object,nuvia.semantic.ref.w44-c1.resource,all human beings 대신 all men,duringAction,compareStructures,differenceRef,관계 차이를 선택 또는 보류,"[""nuvia.history.un-human-rights.c1.reason.1"", ""nuvia.history.un-human-rights.c1.reason.2"", ""nuvia.history.un-human-rights.c1.reason.3""]","[""nuvia.history.un-human-rights.c1.prohibitedClaims"", ""질문에 없는 계획·근거·태도·정확성 생성"", ""응답 라벨을 나의 이야기로 저장""]","[""R2-S44-A"", ""R2-S44-B"", ""R2-S44-C"", ""R2-S44-D""]",nuvia.history.un-human-rights.c1,cognitiveActionRecorded.payload.differenceRef,nuvia.age.middle-school.v1,{}
coreSubquestion,W44-C1,high-school,살펴볼 두 모습을 나란히 놓아 봐요.,한 번에 이 질문 하나만 제시,nuvia.semantic.v1_1_r2.w44-c1.high-school.pair,nuvia.history.un-human-rights,nuvia.history.un-human-rights.c1,핵심 활동의 pair 한 입력,learner,nuvia.semantic.ref.w44-c1.object,nuvia.semantic.ref.w44-c1.resource,all human beings 대신 all men,duringAction,compareStructures,"leftRelationIds,rightRelationIds",같은 자원의 실제·가상 관계 두 개,"[""nuvia.history.un-human-rights.c1.left.1"", ""nuvia.history.un-human-rights.c1.right.1""]","[""nuvia.history.un-human-rights.c1.prohibitedClaims"", ""질문에 없는 계획·근거·태도·정확성 생성"", ""응답 라벨을 나의 이야기로 저장""]","[""R2-S44-A"", ""R2-S44-B"", ""R2-S44-C"", ""R2-S44-D""]",nuvia.history.un-human-rights.c1,"cognitiveActionRecorded.payload.leftRelationIds,rightRelationIds",nuvia.age.high-school.v1,{}
coreSubquestion,W44-C1,high-school,두 모습에서 눈에 띈 점을 남겨 봐요.,한 번에 이 질문 하나만 제시,nuvia.semantic.v1_1_r2.w44-c1.high-school.difference,nuvia.history.un-human-rights,nuvia.history.un-human-rights.c1,핵심 활동의 difference 한 입력,learner,nuvia.semantic.ref.w44-c1.object,nuvia.semantic.ref.w44-c1.resource,all human beings 대신 all men,duringAction,compareStructures,differenceRef,관계 차이를 선택 또는 보류,"[""nuvia.history.un-human-rights.c1.reason.1"", ""nuvia.history.un-human-rights.c1.reason.2"", ""nuvia.history.un-human-rights.c1.reason.3""]","[""nuvia.history.un-human-rights.c1.prohibitedClaims"", ""질문에 없는 계획·근거·태도·정확성 생성"", ""응답 라벨을 나의 이야기로 저장""]","[""R2-S44-A"", ""R2-S44-B"", ""R2-S44-C"", ""R2-S44-D""]",nuvia.history.un-human-rights.c1,cognitiveActionRecorded.payload.differenceRef,nuvia.age.high-school.v1,{}
coreSubquestion,W44-C1,adult,살펴볼 두 모습을 나란히 놓아 봐요.,한 번에 이 질문 하나만 제시,nuvia.semantic.v1_1_r2.w44-c1.adult.pair,nuvia.history.un-human-rights,nuvia.history.un-human-rights.c1,핵심 활동의 pair 한 입력,learner,nuvia.semantic.ref.w44-c1.object,nuvia.semantic.ref.w44-c1.resource,all human beings 대신 all men,duringAction,compareStructures,"leftRelationIds,rightRelationIds",같은 자원의 실제·가상 관계 두 개,"[""nuvia.history.un-human-rights.c1.left.1"", ""nuvia.history.un-human-rights.c1.right.1""]","[""nuvia.history.un-human-rights.c1.prohibitedClaims"", ""질문에 없는 계획·근거·태도·정확성 생성"", ""응답 라벨을 나의 이야기로 저장""]","[""R2-S44-A"", ""R2-S44-B"", ""R2-S44-C"", ""R2-S44-D""]",nuvia.history.un-human-rights.c1,"cognitiveActionRecorded.payload.leftRelationIds,rightRelationIds",nuvia.age.adult.v1,{}
coreSubquestion,W44-C1,adult,두 모습에서 눈에 띈 점을 남겨 봐요.,한 번에 이 질문 하나만 제시,nuvia.semantic.v1_1_r2.w44-c1.adult.difference,nuvia.history.un-human-rights,nuvia.history.un-human-rights.c1,핵심 활동의 difference 한 입력,learner,nuvia.semantic.ref.w44-c1.object,nuvia.semantic.ref.w44-c1.resource,all human beings 대신 all men,duringAction,compareStructures,differenceRef,관계 차이를 선택 또는 보류,"[""nuvia.history.un-human-rights.c1.reason.1"", ""nuvia.history.un-human-rights.c1.reason.2"", ""nuvia.history.un-human-rights.c1.reason.3""]","[""nuvia.history.un-human-rights.c1.prohibitedClaims"", ""질문에 없는 계획·근거·태도·정확성 생성"", ""응답 라벨을 나의 이야기로 저장""]","[""R2-S44-A"", ""R2-S44-B"", ""R2-S44-C"", ""R2-S44-D""]",nuvia.history.un-human-rights.c1,cognitiveActionRecorded.payload.differenceRef,nuvia.age.adult.v1,{}
coreSubquestion,W44-C2,preschool,무엇을 하려고 하나요?,한 번에 이 질문 하나만 제시,nuvia.semantic.v1_1_r2.w44-c2.preschool.goal,nuvia.history.un-human-rights,nuvia.history.un-human-rights.c2,핵심 활동의 goal 한 입력,learner,nuvia.semantic.ref.w44-c2.object,nuvia.semantic.ref.w44-c2.resource,특정 문서의 접근 가능 여부,duringAction,chooseGoalAndSteps,goalId,목표 확인,"[""nuvia.history.un-human-rights.c2.goal.1""]","[""nuvia.history.un-human-rights.c2.prohibitedClaims"", ""질문에 없는 계획·근거·태도·정확성 생성"", ""응답 라벨을 나의 이야기로 저장""]",S44-03,nuvia.history.un-human-rights.c2,cognitiveActionRecorded.payload.goalId,nuvia.age.preschool.v1,{}
coreSubquestion,W44-C2,preschool,어떤 일을 먼저 할까요?,한 번에 이 질문 하나만 제시,nuvia.semantic.v1_1_r2.w44-c2.preschool.response,nuvia.history.un-human-rights,nuvia.history.un-human-rights.c2,핵심 활동의 response 한 입력,learner,nuvia.semantic.ref.w44-c2.object,nuvia.semantic.ref.w44-c2.resource,특정 문서의 접근 가능 여부,duringAction,chooseGoalAndSteps,responseId,목표를 위한 한 행동,"[""nuvia.history.un-human-rights.c2.response.1"", ""nuvia.history.un-human-rights.c2.response.2""]","[""nuvia.history.un-human-rights.c2.prohibitedClaims"", ""질문에 없는 계획·근거·태도·정확성 생성"", ""응답 라벨을 나의 이야기로 저장""]",S44-03,nuvia.history.un-human-rights.c2,cognitiveActionRecorded.payload.responseId,nuvia.age.preschool.v1,{}
coreSubquestion,W44-C2,preschool,지금 확인할 수 없는 것은 무엇인가요?,한 번에 이 질문 하나만 제시,nuvia.semantic.v1_1_r2.w44-c2.preschool.constraint,nuvia.history.un-human-rights,nuvia.history.un-human-rights.c2,핵심 활동의 constraint 한 입력,learner,nuvia.semantic.ref.w44-c2.object,nuvia.semantic.ref.w44-c2.resource,특정 문서의 접근 가능 여부,duringAction,chooseGoalAndSteps,constraintId,제공된 제약 확인,"[""nuvia.history.un-human-rights.c2.constraint.1""]","[""nuvia.history.un-human-rights.c2.prohibitedClaims"", ""질문에 없는 계획·근거·태도·정확성 생성"", ""응답 라벨을 나의 이야기로 저장""]",S44-03,nuvia.history.un-human-rights.c2,cognitiveActionRecorded.payload.constraintId,nuvia.age.preschool.v1,{}
coreSubquestion,W44-C2,preschool,그렇게 고른 까닭은 무엇인가요?,한 번에 이 질문 하나만 제시,nuvia.semantic.v1_1_r2.w44-c2.preschool.reason,nuvia.history.un-human-rights,nuvia.history.un-human-rights.c2,핵심 활동의 reason 한 입력,learner,nuvia.semantic.ref.w44-c2.object,nuvia.semantic.ref.w44-c2.resource,특정 문서의 접근 가능 여부,duringAction,chooseGoalAndSteps,reasonRef,이유를 선택하거나 명시적으로 아직 모르겠어요를 선택; 원문 쓰기는 강요하지 않음,"[""nuvia.history.un-human-rights.c2.reason.1"", ""nuvia.history.un-human-rights.c2.reason.2""]","[""nuvia.history.un-human-rights.c2.prohibitedClaims"", ""질문에 없는 계획·근거·태도·정확성 생성"", ""응답 라벨을 나의 이야기로 저장""]",S44-03,nuvia.history.un-human-rights.c2,cognitiveActionRecorded.payload.reasonRef,nuvia.age.preschool.v1,{}
coreSubquestion,W44-C2,elementary-low,무엇을 하려고 하나요?,한 번에 이 질문 하나만 제시,nuvia.semantic.v1_1_r2.w44-c2.elementary-low.goal,nuvia.history.un-human-rights,nuvia.history.un-human-rights.c2,핵심 활동의 goal 한 입력,learner,nuvia.semantic.ref.w44-c2.object,nuvia.semantic.ref.w44-c2.resource,특정 문서의 접근 가능 여부,duringAction,chooseGoalAndSteps,goalId,목표 확인,"[""nuvia.history.un-human-rights.c2.goal.1""]","[""nuvia.history.un-human-rights.c2.prohibitedClaims"", ""질문에 없는 계획·근거·태도·정확성 생성"", ""응답 라벨을 나의 이야기로 저장""]",S44-03,nuvia.history.un-human-rights.c2,cognitiveActionRecorded.payload.goalId,nuvia.age.elementary-low.v1,{}
coreSubquestion,W44-C2,elementary-low,어떤 일을 먼저 할까요?,한 번에 이 질문 하나만 제시,nuvia.semantic.v1_1_r2.w44-c2.elementary-low.response,nuvia.history.un-human-rights,nuvia.history.un-human-rights.c2,핵심 활동의 response 한 입력,learner,nuvia.semantic.ref.w44-c2.object,nuvia.semantic.ref.w44-c2.resource,특정 문서의 접근 가능 여부,duringAction,chooseGoalAndSteps,responseId,목표를 위한 한 행동,"[""nuvia.history.un-human-rights.c2.response.1"", ""nuvia.history.un-human-rights.c2.response.2""]","[""nuvia.history.un-human-rights.c2.prohibitedClaims"", ""질문에 없는 계획·근거·태도·정확성 생성"", ""응답 라벨을 나의 이야기로 저장""]",S44-03,nuvia.history.un-human-rights.c2,cognitiveActionRecorded.payload.responseId,nuvia.age.elementary-low.v1,{}
coreSubquestion,W44-C2,elementary-low,지금 확인할 수 없는 것은 무엇인가요?,한 번에 이 질문 하나만 제시,nuvia.semantic.v1_1_r2.w44-c2.elementary-low.constraint,nuvia.history.un-human-rights,nuvia.history.un-human-rights.c2,핵심 활동의 constraint 한 입력,learner,nuvia.semantic.ref.w44-c2.object,nuvia.semantic.ref.w44-c2.resource,특정 문서의 접근 가능 여부,duringAction,chooseGoalAndSteps,constraintId,제공된 제약 확인,"[""nuvia.history.un-human-rights.c2.constraint.1""]","[""nuvia.history.un-human-rights.c2.prohibitedClaims"", ""질문에 없는 계획·근거·태도·정확성 생성"", ""응답 라벨을 나의 이야기로 저장""]",S44-03,nuvia.history.un-human-rights.c2,cognitiveActionRecorded.payload.constraintId,nuvia.age.elementary-low.v1,{}
coreSubquestion,W44-C2,elementary-low,그렇게 고른 까닭은 무엇인가요?,한 번에 이 질문 하나만 제시,nuvia.semantic.v1_1_r2.w44-c2.elementary-low.reason,nuvia.history.un-human-rights,nuvia.history.un-human-rights.c2,핵심 활동의 reason 한 입력,learner,nuvia.semantic.ref.w44-c2.object,nuvia.semantic.ref.w44-c2.resource,특정 문서의 접근 가능 여부,duringAction,chooseGoalAndSteps,reasonRef,이유를 선택하거나 명시적으로 아직 모르겠어요를 선택; 원문 쓰기는 강요하지 않음,"[""nuvia.history.un-human-rights.c2.reason.1"", ""nuvia.history.un-human-rights.c2.reason.2""]","[""nuvia.history.un-human-rights.c2.prohibitedClaims"", ""질문에 없는 계획·근거·태도·정확성 생성"", ""응답 라벨을 나의 이야기로 저장""]",S44-03,nuvia.history.un-human-rights.c2,cognitiveActionRecorded.payload.reasonRef,nuvia.age.elementary-low.v1,{}
coreSubquestion,W44-C2,elementary-high,무엇을 하려고 하나요?,한 번에 이 질문 하나만 제시,nuvia.semantic.v1_1_r2.w44-c2.elementary-high.goal,nuvia.history.un-human-rights,nuvia.history.un-human-rights.c2,핵심 활동의 goal 한 입력,learner,nuvia.semantic.ref.w44-c2.object,nuvia.semantic.ref.w44-c2.resource,특정 문서의 접근 가능 여부,duringAction,chooseGoalAndSteps,goalId,목표 확인,"[""nuvia.history.un-human-rights.c2.goal.1""]","[""nuvia.history.un-human-rights.c2.prohibitedClaims"", ""질문에 없는 계획·근거·태도·정확성 생성"", ""응답 라벨을 나의 이야기로 저장""]",S44-03,nuvia.history.un-human-rights.c2,cognitiveActionRecorded.payload.goalId,nuvia.age.elementary-high.v1,{}
coreSubquestion,W44-C2,elementary-high,어떤 일을 먼저 할까요?,한 번에 이 질문 하나만 제시,nuvia.semantic.v1_1_r2.w44-c2.elementary-high.response,nuvia.history.un-human-rights,nuvia.history.un-human-rights.c2,핵심 활동의 response 한 입력,learner,nuvia.semantic.ref.w44-c2.object,nuvia.semantic.ref.w44-c2.resource,특정 문서의 접근 가능 여부,duringAction,chooseGoalAndSteps,responseId,목표를 위한 한 행동,"[""nuvia.history.un-human-rights.c2.response.1"", ""nuvia.history.un-human-rights.c2.response.2""]","[""nuvia.history.un-human-rights.c2.prohibitedClaims"", ""질문에 없는 계획·근거·태도·정확성 생성"", ""응답 라벨을 나의 이야기로 저장""]",S44-03,nuvia.history.un-human-rights.c2,cognitiveActionRecorded.payload.responseId,nuvia.age.elementary-high.v1,{}
coreSubquestion,W44-C2,elementary-high,지금 확인할 수 없는 것은 무엇인가요?,한 번에 이 질문 하나만 제시,nuvia.semantic.v1_1_r2.w44-c2.elementary-high.constraint,nuvia.history.un-human-rights,nuvia.history.un-human-rights.c2,핵심 활동의 constraint 한 입력,learner,nuvia.semantic.ref.w44-c2.object,nuvia.semantic.ref.w44-c2.resource,특정 문서의 접근 가능 여부,duringAction,chooseGoalAndSteps,constraintId,제공된 제약 확인,"[""nuvia.history.un-human-rights.c2.constraint.1""]","[""nuvia.history.un-human-rights.c2.prohibitedClaims"", ""질문에 없는 계획·근거·태도·정확성 생성"", ""응답 라벨을 나의 이야기로 저장""]",S44-03,nuvia.history.un-human-rights.c2,cognitiveActionRecorded.payload.constraintId,nuvia.age.elementary-high.v1,{}
coreSubquestion,W44-C2,elementary-high,그렇게 고른 까닭은 무엇인가요?,한 번에 이 질문 하나만 제시,nuvia.semantic.v1_1_r2.w44-c2.elementary-high.reason,nuvia.history.un-human-rights,nuvia.history.un-human-rights.c2,핵심 활동의 reason 한 입력,learner,nuvia.semantic.ref.w44-c2.object,nuvia.semantic.ref.w44-c2.resource,특정 문서의 접근 가능 여부,duringAction,chooseGoalAndSteps,reasonRef,이유를 선택하거나 명시적으로 아직 모르겠어요를 선택; 원문 쓰기는 강요하지 않음,"[""nuvia.history.un-human-rights.c2.reason.1"", ""nuvia.history.un-human-rights.c2.reason.2""]","[""nuvia.history.un-human-rights.c2.prohibitedClaims"", ""질문에 없는 계획·근거·태도·정확성 생성"", ""응답 라벨을 나의 이야기로 저장""]",S44-03,nuvia.history.un-human-rights.c2,cognitiveActionRecorded.payload.reasonRef,nuvia.age.elementary-high.v1,{}
coreSubquestion,W44-C2,middle-school,무엇을 하려고 하나요?,한 번에 이 질문 하나만 제시,nuvia.semantic.v1_1_r2.w44-c2.middle-school.goal,nuvia.history.un-human-rights,nuvia.history.un-human-rights.c2,핵심 활동의 goal 한 입력,learner,nuvia.semantic.ref.w44-c2.object,nuvia.semantic.ref.w44-c2.resource,특정 문서의 접근 가능 여부,duringAction,chooseGoalAndSteps,goalId,목표 확인,"[""nuvia.history.un-human-rights.c2.goal.1""]","[""nuvia.history.un-human-rights.c2.prohibitedClaims"", ""질문에 없는 계획·근거·태도·정확성 생성"", ""응답 라벨을 나의 이야기로 저장""]",S44-03,nuvia.history.un-human-rights.c2,cognitiveActionRecorded.payload.goalId,nuvia.age.middle-school.v1,{}
coreSubquestion,W44-C2,middle-school,어떤 일을 먼저 할까요?,한 번에 이 질문 하나만 제시,nuvia.semantic.v1_1_r2.w44-c2.middle-school.response,nuvia.history.un-human-rights,nuvia.history.un-human-rights.c2,핵심 활동의 response 한 입력,learner,nuvia.semantic.ref.w44-c2.object,nuvia.semantic.ref.w44-c2.resource,특정 문서의 접근 가능 여부,duringAction,chooseGoalAndSteps,responseId,목표를 위한 한 행동,"[""nuvia.history.un-human-rights.c2.response.1"", ""nuvia.history.un-human-rights.c2.response.2""]","[""nuvia.history.un-human-rights.c2.prohibitedClaims"", ""질문에 없는 계획·근거·태도·정확성 생성"", ""응답 라벨을 나의 이야기로 저장""]",S44-03,nuvia.history.un-human-rights.c2,cognitiveActionRecorded.payload.responseId,nuvia.age.middle-school.v1,{}
coreSubquestion,W44-C2,middle-school,지금 확인할 수 없는 것은 무엇인가요?,한 번에 이 질문 하나만 제시,nuvia.semantic.v1_1_r2.w44-c2.middle-school.constraint,nuvia.history.un-human-rights,nuvia.history.un-human-rights.c2,핵심 활동의 constraint 한 입력,learner,nuvia.semantic.ref.w44-c2.object,nuvia.semantic.ref.w44-c2.resource,특정 문서의 접근 가능 여부,duringAction,chooseGoalAndSteps,constraintId,제공된 제약 확인,"[""nuvia.history.un-human-rights.c2.constraint.1""]","[""nuvia.history.un-human-rights.c2.prohibitedClaims"", ""질문에 없는 계획·근거·태도·정확성 생성"", ""응답 라벨을 나의 이야기로 저장""]",S44-03,nuvia.history.un-human-rights.c2,cognitiveActionRecorded.payload.constraintId,nuvia.age.middle-school.v1,{}
coreSubquestion,W44-C2,middle-school,그렇게 고른 까닭은 무엇인가요?,한 번에 이 질문 하나만 제시,nuvia.semantic.v1_1_r2.w44-c2.middle-school.reason,nuvia.history.un-human-rights,nuvia.history.un-human-rights.c2,핵심 활동의 reason 한 입력,learner,nuvia.semantic.ref.w44-c2.object,nuvia.semantic.ref.w44-c2.resource,특정 문서의 접근 가능 여부,duringAction,chooseGoalAndSteps,reasonRef,이유를 선택하거나 명시적으로 아직 모르겠어요를 선택; 원문 쓰기는 강요하지 않음,"[""nuvia.history.un-human-rights.c2.reason.1"", ""nuvia.history.un-human-rights.c2.reason.2""]","[""nuvia.history.un-human-rights.c2.prohibitedClaims"", ""질문에 없는 계획·근거·태도·정확성 생성"", ""응답 라벨을 나의 이야기로 저장""]",S44-03,nuvia.history.un-human-rights.c2,cognitiveActionRecorded.payload.reasonRef,nuvia.age.middle-school.v1,{}
coreSubquestion,W44-C2,high-school,무엇을 하려고 하나요?,한 번에 이 질문 하나만 제시,nuvia.semantic.v1_1_r2.w44-c2.high-school.goal,nuvia.history.un-human-rights,nuvia.history.un-human-rights.c2,핵심 활동의 goal 한 입력,learner,nuvia.semantic.ref.w44-c2.object,nuvia.semantic.ref.w44-c2.resource,특정 문서의 접근 가능 여부,duringAction,chooseGoalAndSteps,goalId,목표 확인,"[""nuvia.history.un-human-rights.c2.goal.1""]","[""nuvia.history.un-human-rights.c2.prohibitedClaims"", ""질문에 없는 계획·근거·태도·정확성 생성"", ""응답 라벨을 나의 이야기로 저장""]",S44-03,nuvia.history.un-human-rights.c2,cognitiveActionRecorded.payload.goalId,nuvia.age.high-school.v1,{}
coreSubquestion,W44-C2,high-school,어떤 일을 먼저 할까요?,한 번에 이 질문 하나만 제시,nuvia.semantic.v1_1_r2.w44-c2.high-school.response,nuvia.history.un-human-rights,nuvia.history.un-human-rights.c2,핵심 활동의 response 한 입력,learner,nuvia.semantic.ref.w44-c2.object,nuvia.semantic.ref.w44-c2.resource,특정 문서의 접근 가능 여부,duringAction,chooseGoalAndSteps,responseId,목표를 위한 한 행동,"[""nuvia.history.un-human-rights.c2.response.1"", ""nuvia.history.un-human-rights.c2.response.2""]","[""nuvia.history.un-human-rights.c2.prohibitedClaims"", ""질문에 없는 계획·근거·태도·정확성 생성"", ""응답 라벨을 나의 이야기로 저장""]",S44-03,nuvia.history.un-human-rights.c2,cognitiveActionRecorded.payload.responseId,nuvia.age.high-school.v1,{}
coreSubquestion,W44-C2,high-school,지금 확인할 수 없는 것은 무엇인가요?,한 번에 이 질문 하나만 제시,nuvia.semantic.v1_1_r2.w44-c2.high-school.constraint,nuvia.history.un-human-rights,nuvia.history.un-human-rights.c2,핵심 활동의 constraint 한 입력,learner,nuvia.semantic.ref.w44-c2.object,nuvia.semantic.ref.w44-c2.resource,특정 문서의 접근 가능 여부,duringAction,chooseGoalAndSteps,constraintId,제공된 제약 확인,"[""nuvia.history.un-human-rights.c2.constraint.1""]","[""nuvia.history.un-human-rights.c2.prohibitedClaims"", ""질문에 없는 계획·근거·태도·정확성 생성"", ""응답 라벨을 나의 이야기로 저장""]",S44-03,nuvia.history.un-human-rights.c2,cognitiveActionRecorded.payload.constraintId,nuvia.age.high-school.v1,{}
coreSubquestion,W44-C2,high-school,그렇게 고른 까닭은 무엇인가요?,한 번에 이 질문 하나만 제시,nuvia.semantic.v1_1_r2.w44-c2.high-school.reason,nuvia.history.un-human-rights,nuvia.history.un-human-rights.c2,핵심 활동의 reason 한 입력,learner,nuvia.semantic.ref.w44-c2.object,nuvia.semantic.ref.w44-c2.resource,특정 문서의 접근 가능 여부,duringAction,chooseGoalAndSteps,reasonRef,이유를 선택하거나 명시적으로 아직 모르겠어요를 선택; 원문 쓰기는 강요하지 않음,"[""nuvia.history.un-human-rights.c2.reason.1"", ""nuvia.history.un-human-rights.c2.reason.2""]","[""nuvia.history.un-human-rights.c2.prohibitedClaims"", ""질문에 없는 계획·근거·태도·정확성 생성"", ""응답 라벨을 나의 이야기로 저장""]",S44-03,nuvia.history.un-human-rights.c2,cognitiveActionRecorded.payload.reasonRef,nuvia.age.high-school.v1,{}
coreSubquestion,W44-C2,adult,무엇을 하려고 하나요?,한 번에 이 질문 하나만 제시,nuvia.semantic.v1_1_r2.w44-c2.adult.goal,nuvia.history.un-human-rights,nuvia.history.un-human-rights.c2,핵심 활동의 goal 한 입력,learner,nuvia.semantic.ref.w44-c2.object,nuvia.semantic.ref.w44-c2.resource,특정 문서의 접근 가능 여부,duringAction,chooseGoalAndSteps,goalId,목표 확인,"[""nuvia.history.un-human-rights.c2.goal.1""]","[""nuvia.history.un-human-rights.c2.prohibitedClaims"", ""질문에 없는 계획·근거·태도·정확성 생성"", ""응답 라벨을 나의 이야기로 저장""]",S44-03,nuvia.history.un-human-rights.c2,cognitiveActionRecorded.payload.goalId,nuvia.age.adult.v1,{}
coreSubquestion,W44-C2,adult,어떤 일을 먼저 할까요?,한 번에 이 질문 하나만 제시,nuvia.semantic.v1_1_r2.w44-c2.adult.response,nuvia.history.un-human-rights,nuvia.history.un-human-rights.c2,핵심 활동의 response 한 입력,learner,nuvia.semantic.ref.w44-c2.object,nuvia.semantic.ref.w44-c2.resource,특정 문서의 접근 가능 여부,duringAction,chooseGoalAndSteps,responseId,목표를 위한 한 행동,"[""nuvia.history.un-human-rights.c2.response.1"", ""nuvia.history.un-human-rights.c2.response.2""]","[""nuvia.history.un-human-rights.c2.prohibitedClaims"", ""질문에 없는 계획·근거·태도·정확성 생성"", ""응답 라벨을 나의 이야기로 저장""]",S44-03,nuvia.history.un-human-rights.c2,cognitiveActionRecorded.payload.responseId,nuvia.age.adult.v1,{}
coreSubquestion,W44-C2,adult,지금 확인할 수 없는 것은 무엇인가요?,한 번에 이 질문 하나만 제시,nuvia.semantic.v1_1_r2.w44-c2.adult.constraint,nuvia.history.un-human-rights,nuvia.history.un-human-rights.c2,핵심 활동의 constraint 한 입력,learner,nuvia.semantic.ref.w44-c2.object,nuvia.semantic.ref.w44-c2.resource,특정 문서의 접근 가능 여부,duringAction,chooseGoalAndSteps,constraintId,제공된 제약 확인,"[""nuvia.history.un-human-rights.c2.constraint.1""]","[""nuvia.history.un-human-rights.c2.prohibitedClaims"", ""질문에 없는 계획·근거·태도·정확성 생성"", ""응답 라벨을 나의 이야기로 저장""]",S44-03,nuvia.history.un-human-rights.c2,cognitiveActionRecorded.payload.constraintId,nuvia.age.adult.v1,{}
coreSubquestion,W44-C2,adult,그렇게 고른 까닭은 무엇인가요?,한 번에 이 질문 하나만 제시,nuvia.semantic.v1_1_r2.w44-c2.adult.reason,nuvia.history.un-human-rights,nuvia.history.un-human-rights.c2,핵심 활동의 reason 한 입력,learner,nuvia.semantic.ref.w44-c2.object,nuvia.semantic.ref.w44-c2.resource,특정 문서의 접근 가능 여부,duringAction,chooseGoalAndSteps,reasonRef,이유를 선택하거나 명시적으로 아직 모르겠어요를 선택; 원문 쓰기는 강요하지 않음,"[""nuvia.history.un-human-rights.c2.reason.1"", ""nuvia.history.un-human-rights.c2.reason.2""]","[""nuvia.history.un-human-rights.c2.prohibitedClaims"", ""질문에 없는 계획·근거·태도·정확성 생성"", ""응답 라벨을 나의 이야기로 저장""]",S44-03,nuvia.history.un-human-rights.c2,cognitiveActionRecorded.payload.reasonRef,nuvia.age.adult.v1,{}
