definitionKind,shortId,ageBand,displayPrompt,instructionText,questionId,missionId,conditionId,questionPurpose,mainSubjectId,mainObjectId,resourceId,changedAttribute,timePhase,cognitiveAction,expectedResponseType,expectedAnswerMeaning,allowedAnswerIds,forbiddenAnswerMeanings,sourceFactId,changedConditionId,outputTarget,ageBandRuleId,notApplicableReasons
canonicalStage,W24-C1,preschool,인쇄용 종이가 부족하다면,실제 역사와 게임에서 바꿀 조건을 순서대로 확인해요.,nuvia.semantic.v1_1_r2.w24-c1.preschool.condition-understanding,gutenberg,gutenberg.c1,실제 역사 확인 후 바뀐 조건 한 가지 이해,learner,nuvia.semantic.ref.w24-c1.object,nuvia.semantic.ref.w24-c1.resource,인쇄용 종이의 가용량,beforeAction,notApplicable,viewActualHistoryThenSelectCondition,실제 역사 FACT와 게임의 CHANGED_CONDITION을 서로 다른 표시·이벤트로 확인,"[""gutenberg.c1""]","[""gutenberg.c1.prohibitedClaims"", ""실제 역사와 바꾼 조건을 같은 사실로 표시"", ""다른 조건 fallback""]",S1324-21,gutenberg.c1,historyViewed+conditionSelected,nuvia.age.preschool.v1,"{""cognitiveAction"": ""보기·조건 선택 단계이며 PASS 핵심 활동이 아님""}"
canonicalStage,W24-C1,preschool,종이가 부족하면 다음 인쇄 모습은 어떻게 달라질까요?,다음 모습을 골라 봐요.,nuvia.semantic.v1_1_r2.w24-c1.preschool.prediction,gutenberg,gutenberg.c1,결과 공개 전 다음 장면 한 가지 예측,learner,nuvia.semantic.ref.w24-c1.object,nuvia.semantic.ref.w24-c1.resource,인쇄용 종이의 가용량,possibleFuture,notApplicable,voice|drawing|deferred|selection,변경 조건 이후의 가까운 다음 모습 한 가지; 정답·적중 점수 없음,"[""w24.c1.prediction.essential-first"", ""w24.c1.prediction.reduce-amount""]","[""gutenberg.c1.prohibitedClaims"", ""근거·반론·핵심 활동을 한 질문에 함께 요구"", ""결과 공개 후 수정"", ""예측을 실제 역사로 표시""]",notApplicable,gutenberg.c1,predictionSnapshot,nuvia.age.preschool.v1,"{""cognitiveAction"": ""최초 예측은 PASS 핵심 활동으로 중복 집계하지 않음"", ""sourceFactId"": ""예측 내용은 역사 사실 주장이 아님; 승인 실제 사실은 조건 이해 단계에서 연결""}"
canonicalStage,W24-C1,preschool,종이가 부족할 때 처음 인쇄 계획에서 무엇을 바꿀까요?,첫 계획에서 바꿀 것을 골라 봐요.,nuvia.semantic.v1_1_r2.w24-c1.preschool.core-activity,gutenberg,gutenberg.c1,승인된 PASS 핵심 인지 활동 수행,learner,nuvia.semantic.ref.w24-c1.object,nuvia.semantic.ref.w24-c1.resource,인쇄용 종이의 가용량,duringAction,revisePlan,action.revisePlan.r2 payload 또는 activityDeferred,종이 제약 안에서 자신의 첫 계획을 유지하거나 수정,"[""gutenberg.c1.goal.1"", ""gutenberg.c1.response.1"", ""gutenberg.c1.response.2"", ""gutenberg.c1.response.3"", ""gutenberg.c1.reason.1"", ""gutenberg.c1.reason.2"", ""gutenberg.c1.reason.3""]","[""gutenberg.c1.prohibitedClaims"", ""활동 라벨을 나의 이야기로 저장"", ""입력하지 않은 계획·근거·태도·정확성 생성""]",S1324-21,gutenberg.c1,cognitiveActionRecorded 또는 activityDeferred,nuvia.age.preschool.v1,{}
canonicalStage,W24-C1,preschool,이 조건에서 달라질 수 있는 모습을 살펴봐요.,가능성 하나가 정답이라고 표시하지 않아요.,nuvia.semantic.v1_1_r2.w24-c1.preschool.alternate-result,gutenberg,gutenberg.c1,변경 조건에서 가능한 결과 A/B 확인,learner,nuvia.semantic.ref.w24-c1.object,nuvia.semantic.ref.w24-c1.resource,인쇄용 종이의 가용량,immediateResult,notApplicable,viewLevel3PossibilityAOrB,실제 역사와 분리된 Level 3 가능성; 정답이 아님,"[""A"", ""B""]","[""gutenberg.c1.prohibitedClaims"", ""가능성 A/B를 사실·정답·적중 점수로 표시"", ""장기 결과 단정""]",notApplicable,gutenberg.c1,alternateViewed,nuvia.age.preschool.v1,"{""cognitiveAction"": ""가능성 열람 단계"", ""sourceFactId"": ""가상 가능성은 출처가 확인하는 실제 사실이 아님""}"
canonicalStage,W24-C1,preschool,나만의 이야기를 말·글·그림으로 남겨 봐요.,남기지 않아도 다른 기록으로 대신 채우지 않아요.,nuvia.semantic.v1_1_r2.w24-c1.preschool.learner-story,gutenberg,gutenberg.c1,사용자가 직접 나만의 이야기 남기기,learner,nuvia.semantic.ref.w24-c1.object,notApplicable,인쇄용 종이의 가용량,reflection,notApplicable,writing|voice|drawing|mixed|deferred,사용자가 직접 남긴 말·글·그림 원문 또는 남기지 않음,notApplicable,"[""핵심 활동 라벨·예측·시스템 문구를 사용자 이야기로 복사"", ""사용자 입력이 없는데 이야기 생성"", ""AI 보완·요약·평가""]",notApplicable,gutenberg.c1,storyRecorded,nuvia.age.preschool.v1,"{""resourceId"": ""말·글·그림 자유 표현이며 고정 역사 자원 선택이 아님"", ""cognitiveAction"": ""자유 창작은 PASS 핵심 활동으로 중복 집계하지 않음"", ""allowedAnswerIds"": ""자유 창작에 고정 답안 없음"", ""sourceFactId"": ""사용자 창작은 승인 역사 사실이 아님""}"
canonicalStage,W24-C1,preschool,"실제 역사와 내가 만든 이야기를 비교해 보고, 가장 눈에 띈 점 하나를 남겨 보세요.",사용자 원문을 그대로 저장해요.,nuvia.semantic.v1_1_r2.w24-c1.preschool.history-comparison,gutenberg,gutenberg.c1,실제 역사와 나의 역사 비교,learner,nuvia.semantic.ref.w24-c1.object,notApplicable,인쇄용 종이의 가용량,comparison,notApplicable,writing|voice|drawing|mixed|deferred,가장 눈에 띈 점 하나와 연령에 따라 선택적 근거; 사용자 원문,notApplicable,"[""같았어요/달랐어요/새롭게 알았어요 고정 카드"", ""prediction 비교 fallback"", ""AI 분류·요약·채점""]",S1324-21,gutenberg.c1,comparisonCompleted(history)+bookPage7+growthReport,nuvia.age.preschool.v1,"{""resourceId"": ""실제 역사 요약과 사용자 이야기 참조이며 새 고정 답안 자원이 아님"", ""cognitiveAction"": ""자유 비교는 PASS 핵심 활동으로 중복 집계하지 않음"", ""allowedAnswerIds"": ""comparisonTag와 고정 비교 카드 폐기""}"
canonicalStage,W24-C1,preschool,"처음 생각과 실제 역사를 비교해 보고, 가장 눈에 띈 점 하나를 남겨 보세요.",처음 예측은 바꾸지 않고 사용자 원문을 그대로 저장해요.,nuvia.semantic.v1_1_r2.w24-c1.preschool.prediction-comparison,gutenberg,gutenberg.c1,최초 예측과 실제 역사 비교,learner,nuvia.semantic.ref.w24-c1.object,notApplicable,인쇄용 종이의 가용량,comparison,notApplicable,writing|voice|drawing|mixed|deferred,처음 생각과 실제 역사에서 눈에 띈 점 하나와 연령에 따라 선택적 근거; 사용자 원문,notApplicable,"[""history 비교 fallback"", ""최초 예측 사후 변경"", ""같았어요/달랐어요/새롭게 알았어요 고정 카드"", ""AI 분류·요약·채점""]",S1324-21,gutenberg.c1,comparisonCompleted(prediction)+bookPage8+growthReport,nuvia.age.preschool.v1,"{""resourceId"": ""잠긴 predictionSnapshot과 실제 역사 핵심 한 줄을 참조"", ""cognitiveAction"": ""자유 비교는 PASS 핵심 활동으로 중복 집계하지 않음"", ""allowedAnswerIds"": ""comparisonTag와 고정 비교 카드 폐기""}"
canonicalStage,W24-C1,preschool,이야기책과 성장 기록을 볼 수 있어요.,같은 결과 기록만 연결해요.,nuvia.semantic.v1_1_r2.w24-c1.preschool.artifact-link,gutenberg,gutenberg.c1,같은 결과의 이야기책·성장 리포트 연결,learner,nuvia.semantic.ref.w24-c1.object,notApplicable,notApplicable,reflection,notApplicable,viewBook|viewReport|print,같은 resultId·missionId·conditionId·버전의 실제 입력만 표시,"[""viewStoryBook"", ""viewGrowthReport"", ""print""]","[""다른 resultId·미션·조건·버전 혼입"", ""없는 값 소급 생성"", ""책7/8 입력 fallback""]",S1324-21,gutenberg.c1,storyBook8Pages+integratedGrowthReport,nuvia.age.preschool.v1,"{""resourceId"": ""새 응답 자원이 아니라 저장된 같은 resultId 레코드 연결"", ""changedAttribute"": ""이 단계에서 역사 조건을 다시 변경하지 않음"", ""cognitiveAction"": ""결과 열람·인쇄 연결 단계""}"
canonicalStage,W24-C1,elementary-low,인쇄용 종이가 부족하다면,실제 역사와 게임에서 바꿀 조건을 순서대로 확인해요.,nuvia.semantic.v1_1_r2.w24-c1.elementary-low.condition-understanding,gutenberg,gutenberg.c1,실제 역사 확인 후 바뀐 조건 한 가지 이해,learner,nuvia.semantic.ref.w24-c1.object,nuvia.semantic.ref.w24-c1.resource,인쇄용 종이의 가용량,beforeAction,notApplicable,viewActualHistoryThenSelectCondition,실제 역사 FACT와 게임의 CHANGED_CONDITION을 서로 다른 표시·이벤트로 확인,"[""gutenberg.c1""]","[""gutenberg.c1.prohibitedClaims"", ""실제 역사와 바꾼 조건을 같은 사실로 표시"", ""다른 조건 fallback""]",S1324-21,gutenberg.c1,historyViewed+conditionSelected,nuvia.age.elementary-low.v1,"{""cognitiveAction"": ""보기·조건 선택 단계이며 PASS 핵심 활동이 아님""}"
canonicalStage,W24-C1,elementary-low,종이가 부족하면 다음 인쇄 모습은 어떻게 달라질까요?,다음 모습을 골라 봐요.,nuvia.semantic.v1_1_r2.w24-c1.elementary-low.prediction,gutenberg,gutenberg.c1,결과 공개 전 다음 장면 한 가지 예측,learner,nuvia.semantic.ref.w24-c1.object,nuvia.semantic.ref.w24-c1.resource,인쇄용 종이의 가용량,possibleFuture,notApplicable,voice|drawing|writing|deferred|selection,변경 조건 이후의 가까운 다음 모습 한 가지; 정답·적중 점수 없음,"[""w24.c1.prediction.essential-first"", ""w24.c1.prediction.reduce-amount""]","[""gutenberg.c1.prohibitedClaims"", ""근거·반론·핵심 활동을 한 질문에 함께 요구"", ""결과 공개 후 수정"", ""예측을 실제 역사로 표시""]",notApplicable,gutenberg.c1,predictionSnapshot,nuvia.age.elementary-low.v1,"{""cognitiveAction"": ""최초 예측은 PASS 핵심 활동으로 중복 집계하지 않음"", ""sourceFactId"": ""예측 내용은 역사 사실 주장이 아님; 승인 실제 사실은 조건 이해 단계에서 연결""}"
canonicalStage,W24-C1,elementary-low,종이가 부족할 때 처음 인쇄 계획에서 무엇을 바꿀까요?,첫 계획에서 바꿀 것을 골라 봐요.,nuvia.semantic.v1_1_r2.w24-c1.elementary-low.core-activity,gutenberg,gutenberg.c1,승인된 PASS 핵심 인지 활동 수행,learner,nuvia.semantic.ref.w24-c1.object,nuvia.semantic.ref.w24-c1.resource,인쇄용 종이의 가용량,duringAction,revisePlan,action.revisePlan.r2 payload 또는 activityDeferred,종이 제약 안에서 자신의 첫 계획을 유지하거나 수정,"[""gutenberg.c1.goal.1"", ""gutenberg.c1.response.1"", ""gutenberg.c1.response.2"", ""gutenberg.c1.response.3"", ""gutenberg.c1.reason.1"", ""gutenberg.c1.reason.2"", ""gutenberg.c1.reason.3""]","[""gutenberg.c1.prohibitedClaims"", ""활동 라벨을 나의 이야기로 저장"", ""입력하지 않은 계획·근거·태도·정확성 생성""]",S1324-21,gutenberg.c1,cognitiveActionRecorded 또는 activityDeferred,nuvia.age.elementary-low.v1,{}
canonicalStage,W24-C1,elementary-low,이 조건에서 달라질 수 있는 모습을 살펴봐요.,가능성 하나가 정답이라고 표시하지 않아요.,nuvia.semantic.v1_1_r2.w24-c1.elementary-low.alternate-result,gutenberg,gutenberg.c1,변경 조건에서 가능한 결과 A/B 확인,learner,nuvia.semantic.ref.w24-c1.object,nuvia.semantic.ref.w24-c1.resource,인쇄용 종이의 가용량,immediateResult,notApplicable,viewLevel3PossibilityAOrB,실제 역사와 분리된 Level 3 가능성; 정답이 아님,"[""A"", ""B""]","[""gutenberg.c1.prohibitedClaims"", ""가능성 A/B를 사실·정답·적중 점수로 표시"", ""장기 결과 단정""]",notApplicable,gutenberg.c1,alternateViewed,nuvia.age.elementary-low.v1,"{""cognitiveAction"": ""가능성 열람 단계"", ""sourceFactId"": ""가상 가능성은 출처가 확인하는 실제 사실이 아님""}"
canonicalStage,W24-C1,elementary-low,나만의 이야기를 말·글·그림으로 남겨 봐요.,남기지 않아도 다른 기록으로 대신 채우지 않아요.,nuvia.semantic.v1_1_r2.w24-c1.elementary-low.learner-story,gutenberg,gutenberg.c1,사용자가 직접 나만의 이야기 남기기,learner,nuvia.semantic.ref.w24-c1.object,notApplicable,인쇄용 종이의 가용량,reflection,notApplicable,writing|voice|drawing|mixed|deferred,사용자가 직접 남긴 말·글·그림 원문 또는 남기지 않음,notApplicable,"[""핵심 활동 라벨·예측·시스템 문구를 사용자 이야기로 복사"", ""사용자 입력이 없는데 이야기 생성"", ""AI 보완·요약·평가""]",notApplicable,gutenberg.c1,storyRecorded,nuvia.age.elementary-low.v1,"{""resourceId"": ""말·글·그림 자유 표현이며 고정 역사 자원 선택이 아님"", ""cognitiveAction"": ""자유 창작은 PASS 핵심 활동으로 중복 집계하지 않음"", ""allowedAnswerIds"": ""자유 창작에 고정 답안 없음"", ""sourceFactId"": ""사용자 창작은 승인 역사 사실이 아님""}"
canonicalStage,W24-C1,elementary-low,"실제 역사와 내가 만든 이야기를 비교해 보고, 가장 눈에 띈 점 하나를 남겨 보세요.",사용자 원문을 그대로 저장해요.,nuvia.semantic.v1_1_r2.w24-c1.elementary-low.history-comparison,gutenberg,gutenberg.c1,실제 역사와 나의 역사 비교,learner,nuvia.semantic.ref.w24-c1.object,notApplicable,인쇄용 종이의 가용량,comparison,notApplicable,writing|voice|drawing|mixed|deferred,가장 눈에 띈 점 하나와 연령에 따라 선택적 근거; 사용자 원문,notApplicable,"[""같았어요/달랐어요/새롭게 알았어요 고정 카드"", ""prediction 비교 fallback"", ""AI 분류·요약·채점""]",S1324-21,gutenberg.c1,comparisonCompleted(history)+bookPage7+growthReport,nuvia.age.elementary-low.v1,"{""resourceId"": ""실제 역사 요약과 사용자 이야기 참조이며 새 고정 답안 자원이 아님"", ""cognitiveAction"": ""자유 비교는 PASS 핵심 활동으로 중복 집계하지 않음"", ""allowedAnswerIds"": ""comparisonTag와 고정 비교 카드 폐기""}"
canonicalStage,W24-C1,elementary-low,"처음 생각과 실제 역사를 비교해 보고, 가장 눈에 띈 점 하나를 남겨 보세요.",처음 예측은 바꾸지 않고 사용자 원문을 그대로 저장해요.,nuvia.semantic.v1_1_r2.w24-c1.elementary-low.prediction-comparison,gutenberg,gutenberg.c1,최초 예측과 실제 역사 비교,learner,nuvia.semantic.ref.w24-c1.object,notApplicable,인쇄용 종이의 가용량,comparison,notApplicable,writing|voice|drawing|mixed|deferred,처음 생각과 실제 역사에서 눈에 띈 점 하나와 연령에 따라 선택적 근거; 사용자 원문,notApplicable,"[""history 비교 fallback"", ""최초 예측 사후 변경"", ""같았어요/달랐어요/새롭게 알았어요 고정 카드"", ""AI 분류·요약·채점""]",S1324-21,gutenberg.c1,comparisonCompleted(prediction)+bookPage8+growthReport,nuvia.age.elementary-low.v1,"{""resourceId"": ""잠긴 predictionSnapshot과 실제 역사 핵심 한 줄을 참조"", ""cognitiveAction"": ""자유 비교는 PASS 핵심 활동으로 중복 집계하지 않음"", ""allowedAnswerIds"": ""comparisonTag와 고정 비교 카드 폐기""}"
canonicalStage,W24-C1,elementary-low,이야기책과 성장 기록을 볼 수 있어요.,같은 결과 기록만 연결해요.,nuvia.semantic.v1_1_r2.w24-c1.elementary-low.artifact-link,gutenberg,gutenberg.c1,같은 결과의 이야기책·성장 리포트 연결,learner,nuvia.semantic.ref.w24-c1.object,notApplicable,notApplicable,reflection,notApplicable,viewBook|viewReport|print,같은 resultId·missionId·conditionId·버전의 실제 입력만 표시,"[""viewStoryBook"", ""viewGrowthReport"", ""print""]","[""다른 resultId·미션·조건·버전 혼입"", ""없는 값 소급 생성"", ""책7/8 입력 fallback""]",S1324-21,gutenberg.c1,storyBook8Pages+integratedGrowthReport,nuvia.age.elementary-low.v1,"{""resourceId"": ""새 응답 자원이 아니라 저장된 같은 resultId 레코드 연결"", ""changedAttribute"": ""이 단계에서 역사 조건을 다시 변경하지 않음"", ""cognitiveAction"": ""결과 열람·인쇄 연결 단계""}"
canonicalStage,W24-C1,elementary-high,인쇄용 종이가 부족하다면,실제 역사와 게임에서 바꿀 조건을 순서대로 확인해요.,nuvia.semantic.v1_1_r2.w24-c1.elementary-high.condition-understanding,gutenberg,gutenberg.c1,실제 역사 확인 후 바뀐 조건 한 가지 이해,learner,nuvia.semantic.ref.w24-c1.object,nuvia.semantic.ref.w24-c1.resource,인쇄용 종이의 가용량,beforeAction,notApplicable,viewActualHistoryThenSelectCondition,실제 역사 FACT와 게임의 CHANGED_CONDITION을 서로 다른 표시·이벤트로 확인,"[""gutenberg.c1""]","[""gutenberg.c1.prohibitedClaims"", ""실제 역사와 바꾼 조건을 같은 사실로 표시"", ""다른 조건 fallback""]",S1324-21,gutenberg.c1,historyViewed+conditionSelected,nuvia.age.elementary-high.v1,"{""cognitiveAction"": ""보기·조건 선택 단계이며 PASS 핵심 활동이 아님""}"
canonicalStage,W24-C1,elementary-high,종이가 부족하면 다음 인쇄 모습은 어떻게 달라질까요?,다음 모습 한 가지를 선택하거나 직접 남겨요.,nuvia.semantic.v1_1_r2.w24-c1.elementary-high.prediction,gutenberg,gutenberg.c1,결과 공개 전 다음 장면 한 가지 예측,learner,nuvia.semantic.ref.w24-c1.object,nuvia.semantic.ref.w24-c1.resource,인쇄용 종이의 가용량,possibleFuture,notApplicable,writing|voice|drawing|deferred|selection,변경 조건 이후의 가까운 다음 모습 한 가지; 정답·적중 점수 없음,"[""w24.c1.prediction.essential-first"", ""w24.c1.prediction.reduce-amount""]","[""gutenberg.c1.prohibitedClaims"", ""근거·반론·핵심 활동을 한 질문에 함께 요구"", ""결과 공개 후 수정"", ""예측을 실제 역사로 표시""]",notApplicable,gutenberg.c1,predictionSnapshot,nuvia.age.elementary-high.v1,"{""cognitiveAction"": ""최초 예측은 PASS 핵심 활동으로 중복 집계하지 않음"", ""sourceFactId"": ""예측 내용은 역사 사실 주장이 아님; 승인 실제 사실은 조건 이해 단계에서 연결""}"
canonicalStage,W24-C1,elementary-high,종이가 부족할 때 처음 인쇄 계획에서 무엇을 바꿀까요?,남은 종이를 고려해 자신의 첫 계획을 유지하거나 바꿔요.,nuvia.semantic.v1_1_r2.w24-c1.elementary-high.core-activity,gutenberg,gutenberg.c1,승인된 PASS 핵심 인지 활동 수행,learner,nuvia.semantic.ref.w24-c1.object,nuvia.semantic.ref.w24-c1.resource,인쇄용 종이의 가용량,duringAction,revisePlan,action.revisePlan.r2 payload 또는 activityDeferred,종이 제약 안에서 자신의 첫 계획을 유지하거나 수정,"[""gutenberg.c1.goal.1"", ""gutenberg.c1.response.1"", ""gutenberg.c1.response.2"", ""gutenberg.c1.response.3"", ""gutenberg.c1.reason.1"", ""gutenberg.c1.reason.2"", ""gutenberg.c1.reason.3""]","[""gutenberg.c1.prohibitedClaims"", ""활동 라벨을 나의 이야기로 저장"", ""입력하지 않은 계획·근거·태도·정확성 생성""]",S1324-21,gutenberg.c1,cognitiveActionRecorded 또는 activityDeferred,nuvia.age.elementary-high.v1,{}
canonicalStage,W24-C1,elementary-high,이 조건에서 달라질 수 있는 모습을 살펴봐요.,가능성 하나가 정답이라고 표시하지 않아요.,nuvia.semantic.v1_1_r2.w24-c1.elementary-high.alternate-result,gutenberg,gutenberg.c1,변경 조건에서 가능한 결과 A/B 확인,learner,nuvia.semantic.ref.w24-c1.object,nuvia.semantic.ref.w24-c1.resource,인쇄용 종이의 가용량,immediateResult,notApplicable,viewLevel3PossibilityAOrB,실제 역사와 분리된 Level 3 가능성; 정답이 아님,"[""A"", ""B""]","[""gutenberg.c1.prohibitedClaims"", ""가능성 A/B를 사실·정답·적중 점수로 표시"", ""장기 결과 단정""]",notApplicable,gutenberg.c1,alternateViewed,nuvia.age.elementary-high.v1,"{""cognitiveAction"": ""가능성 열람 단계"", ""sourceFactId"": ""가상 가능성은 출처가 확인하는 실제 사실이 아님""}"
canonicalStage,W24-C1,elementary-high,나만의 이야기를 말·글·그림으로 남겨 봐요.,남기지 않아도 다른 기록으로 대신 채우지 않아요.,nuvia.semantic.v1_1_r2.w24-c1.elementary-high.learner-story,gutenberg,gutenberg.c1,사용자가 직접 나만의 이야기 남기기,learner,nuvia.semantic.ref.w24-c1.object,notApplicable,인쇄용 종이의 가용량,reflection,notApplicable,writing|voice|drawing|mixed|deferred,사용자가 직접 남긴 말·글·그림 원문 또는 남기지 않음,notApplicable,"[""핵심 활동 라벨·예측·시스템 문구를 사용자 이야기로 복사"", ""사용자 입력이 없는데 이야기 생성"", ""AI 보완·요약·평가""]",notApplicable,gutenberg.c1,storyRecorded,nuvia.age.elementary-high.v1,"{""resourceId"": ""말·글·그림 자유 표현이며 고정 역사 자원 선택이 아님"", ""cognitiveAction"": ""자유 창작은 PASS 핵심 활동으로 중복 집계하지 않음"", ""allowedAnswerIds"": ""자유 창작에 고정 답안 없음"", ""sourceFactId"": ""사용자 창작은 승인 역사 사실이 아님""}"
canonicalStage,W24-C1,elementary-high,"실제 역사와 내가 만든 이야기를 비교해 보고, 가장 눈에 띈 점 하나를 남겨 보세요.",사용자 원문을 그대로 저장해요.,nuvia.semantic.v1_1_r2.w24-c1.elementary-high.history-comparison,gutenberg,gutenberg.c1,실제 역사와 나의 역사 비교,learner,nuvia.semantic.ref.w24-c1.object,notApplicable,인쇄용 종이의 가용량,comparison,notApplicable,writing|voice|drawing|mixed|deferred,가장 눈에 띈 점 하나와 연령에 따라 선택적 근거; 사용자 원문,notApplicable,"[""같았어요/달랐어요/새롭게 알았어요 고정 카드"", ""prediction 비교 fallback"", ""AI 분류·요약·채점""]",S1324-21,gutenberg.c1,comparisonCompleted(history)+bookPage7+growthReport,nuvia.age.elementary-high.v1,"{""resourceId"": ""실제 역사 요약과 사용자 이야기 참조이며 새 고정 답안 자원이 아님"", ""cognitiveAction"": ""자유 비교는 PASS 핵심 활동으로 중복 집계하지 않음"", ""allowedAnswerIds"": ""comparisonTag와 고정 비교 카드 폐기""}"
canonicalStage,W24-C1,elementary-high,"처음 생각과 실제 역사를 비교해 보고, 가장 눈에 띈 점 하나를 남겨 보세요.",처음 예측은 바꾸지 않고 사용자 원문을 그대로 저장해요.,nuvia.semantic.v1_1_r2.w24-c1.elementary-high.prediction-comparison,gutenberg,gutenberg.c1,최초 예측과 실제 역사 비교,learner,nuvia.semantic.ref.w24-c1.object,notApplicable,인쇄용 종이의 가용량,comparison,notApplicable,writing|voice|drawing|mixed|deferred,처음 생각과 실제 역사에서 눈에 띈 점 하나와 연령에 따라 선택적 근거; 사용자 원문,notApplicable,"[""history 비교 fallback"", ""최초 예측 사후 변경"", ""같았어요/달랐어요/새롭게 알았어요 고정 카드"", ""AI 분류·요약·채점""]",S1324-21,gutenberg.c1,comparisonCompleted(prediction)+bookPage8+growthReport,nuvia.age.elementary-high.v1,"{""resourceId"": ""잠긴 predictionSnapshot과 실제 역사 핵심 한 줄을 참조"", ""cognitiveAction"": ""자유 비교는 PASS 핵심 활동으로 중복 집계하지 않음"", ""allowedAnswerIds"": ""comparisonTag와 고정 비교 카드 폐기""}"
canonicalStage,W24-C1,elementary-high,이야기책과 성장 기록을 볼 수 있어요.,같은 결과 기록만 연결해요.,nuvia.semantic.v1_1_r2.w24-c1.elementary-high.artifact-link,gutenberg,gutenberg.c1,같은 결과의 이야기책·성장 리포트 연결,learner,nuvia.semantic.ref.w24-c1.object,notApplicable,notApplicable,reflection,notApplicable,viewBook|viewReport|print,같은 resultId·missionId·conditionId·버전의 실제 입력만 표시,"[""viewStoryBook"", ""viewGrowthReport"", ""print""]","[""다른 resultId·미션·조건·버전 혼입"", ""없는 값 소급 생성"", ""책7/8 입력 fallback""]",S1324-21,gutenberg.c1,storyBook8Pages+integratedGrowthReport,nuvia.age.elementary-high.v1,"{""resourceId"": ""새 응답 자원이 아니라 저장된 같은 resultId 레코드 연결"", ""changedAttribute"": ""이 단계에서 역사 조건을 다시 변경하지 않음"", ""cognitiveAction"": ""결과 열람·인쇄 연결 단계""}"
canonicalStage,W24-C1,middle-school,인쇄용 종이가 부족하다면,실제 역사와 게임에서 바꿀 조건을 순서대로 확인해요.,nuvia.semantic.v1_1_r2.w24-c1.middle-school.condition-understanding,gutenberg,gutenberg.c1,실제 역사 확인 후 바뀐 조건 한 가지 이해,learner,nuvia.semantic.ref.w24-c1.object,nuvia.semantic.ref.w24-c1.resource,인쇄용 종이의 가용량,beforeAction,notApplicable,viewActualHistoryThenSelectCondition,실제 역사 FACT와 게임의 CHANGED_CONDITION을 서로 다른 표시·이벤트로 확인,"[""gutenberg.c1""]","[""gutenberg.c1.prohibitedClaims"", ""실제 역사와 바꾼 조건을 같은 사실로 표시"", ""다른 조건 fallback""]",S1324-21,gutenberg.c1,historyViewed+conditionSelected,nuvia.age.middle-school.v1,"{""cognitiveAction"": ""보기·조건 선택 단계이며 PASS 핵심 활동이 아님""}"
canonicalStage,W24-C1,middle-school,종이가 부족하면 다음 인쇄 모습은 어떻게 달라질까요?,다음 모습 한 가지를 선택하거나 직접 남겨요.,nuvia.semantic.v1_1_r2.w24-c1.middle-school.prediction,gutenberg,gutenberg.c1,결과 공개 전 다음 장면 한 가지 예측,learner,nuvia.semantic.ref.w24-c1.object,nuvia.semantic.ref.w24-c1.resource,인쇄용 종이의 가용량,possibleFuture,notApplicable,writing|voice|drawing|deferred|selection,변경 조건 이후의 가까운 다음 모습 한 가지; 정답·적중 점수 없음,"[""w24.c1.prediction.essential-first"", ""w24.c1.prediction.reduce-amount""]","[""gutenberg.c1.prohibitedClaims"", ""근거·반론·핵심 활동을 한 질문에 함께 요구"", ""결과 공개 후 수정"", ""예측을 실제 역사로 표시""]",notApplicable,gutenberg.c1,predictionSnapshot,nuvia.age.middle-school.v1,"{""cognitiveAction"": ""최초 예측은 PASS 핵심 활동으로 중복 집계하지 않음"", ""sourceFactId"": ""예측 내용은 역사 사실 주장이 아님; 승인 실제 사실은 조건 이해 단계에서 연결""}"
canonicalStage,W24-C1,middle-school,종이가 부족할 때 처음 인쇄 계획에서 무엇을 바꿀까요?,남은 종이를 고려해 자신의 첫 계획을 유지하거나 바꿔요.,nuvia.semantic.v1_1_r2.w24-c1.middle-school.core-activity,gutenberg,gutenberg.c1,승인된 PASS 핵심 인지 활동 수행,learner,nuvia.semantic.ref.w24-c1.object,nuvia.semantic.ref.w24-c1.resource,인쇄용 종이의 가용량,duringAction,revisePlan,action.revisePlan.r2 payload 또는 activityDeferred,종이 제약 안에서 자신의 첫 계획을 유지하거나 수정,"[""gutenberg.c1.goal.1"", ""gutenberg.c1.response.1"", ""gutenberg.c1.response.2"", ""gutenberg.c1.response.3"", ""gutenberg.c1.reason.1"", ""gutenberg.c1.reason.2"", ""gutenberg.c1.reason.3""]","[""gutenberg.c1.prohibitedClaims"", ""활동 라벨을 나의 이야기로 저장"", ""입력하지 않은 계획·근거·태도·정확성 생성""]",S1324-21,gutenberg.c1,cognitiveActionRecorded 또는 activityDeferred,nuvia.age.middle-school.v1,{}
canonicalStage,W24-C1,middle-school,이 조건에서 달라질 수 있는 모습을 살펴봐요.,가능성 하나가 정답이라고 표시하지 않아요.,nuvia.semantic.v1_1_r2.w24-c1.middle-school.alternate-result,gutenberg,gutenberg.c1,변경 조건에서 가능한 결과 A/B 확인,learner,nuvia.semantic.ref.w24-c1.object,nuvia.semantic.ref.w24-c1.resource,인쇄용 종이의 가용량,immediateResult,notApplicable,viewLevel3PossibilityAOrB,실제 역사와 분리된 Level 3 가능성; 정답이 아님,"[""A"", ""B""]","[""gutenberg.c1.prohibitedClaims"", ""가능성 A/B를 사실·정답·적중 점수로 표시"", ""장기 결과 단정""]",notApplicable,gutenberg.c1,alternateViewed,nuvia.age.middle-school.v1,"{""cognitiveAction"": ""가능성 열람 단계"", ""sourceFactId"": ""가상 가능성은 출처가 확인하는 실제 사실이 아님""}"
canonicalStage,W24-C1,middle-school,나만의 이야기를 말·글·그림으로 남겨 봐요.,남기지 않아도 다른 기록으로 대신 채우지 않아요.,nuvia.semantic.v1_1_r2.w24-c1.middle-school.learner-story,gutenberg,gutenberg.c1,사용자가 직접 나만의 이야기 남기기,learner,nuvia.semantic.ref.w24-c1.object,notApplicable,인쇄용 종이의 가용량,reflection,notApplicable,writing|voice|drawing|mixed|deferred,사용자가 직접 남긴 말·글·그림 원문 또는 남기지 않음,notApplicable,"[""핵심 활동 라벨·예측·시스템 문구를 사용자 이야기로 복사"", ""사용자 입력이 없는데 이야기 생성"", ""AI 보완·요약·평가""]",notApplicable,gutenberg.c1,storyRecorded,nuvia.age.middle-school.v1,"{""resourceId"": ""말·글·그림 자유 표현이며 고정 역사 자원 선택이 아님"", ""cognitiveAction"": ""자유 창작은 PASS 핵심 활동으로 중복 집계하지 않음"", ""allowedAnswerIds"": ""자유 창작에 고정 답안 없음"", ""sourceFactId"": ""사용자 창작은 승인 역사 사실이 아님""}"
canonicalStage,W24-C1,middle-school,"실제 역사와 내가 만든 이야기를 비교해 보고, 가장 눈에 띈 점 하나를 남겨 보세요.",사용자 원문을 그대로 저장해요.,nuvia.semantic.v1_1_r2.w24-c1.middle-school.history-comparison,gutenberg,gutenberg.c1,실제 역사와 나의 역사 비교,learner,nuvia.semantic.ref.w24-c1.object,notApplicable,인쇄용 종이의 가용량,comparison,notApplicable,writing|voice|drawing|mixed|deferred,가장 눈에 띈 점 하나와 연령에 따라 선택적 근거; 사용자 원문,notApplicable,"[""같았어요/달랐어요/새롭게 알았어요 고정 카드"", ""prediction 비교 fallback"", ""AI 분류·요약·채점""]",S1324-21,gutenberg.c1,comparisonCompleted(history)+bookPage7+growthReport,nuvia.age.middle-school.v1,"{""resourceId"": ""실제 역사 요약과 사용자 이야기 참조이며 새 고정 답안 자원이 아님"", ""cognitiveAction"": ""자유 비교는 PASS 핵심 활동으로 중복 집계하지 않음"", ""allowedAnswerIds"": ""comparisonTag와 고정 비교 카드 폐기""}"
canonicalStage,W24-C1,middle-school,"처음 생각과 실제 역사를 비교해 보고, 가장 눈에 띈 점 하나를 남겨 보세요.",처음 예측은 바꾸지 않고 사용자 원문을 그대로 저장해요.,nuvia.semantic.v1_1_r2.w24-c1.middle-school.prediction-comparison,gutenberg,gutenberg.c1,최초 예측과 실제 역사 비교,learner,nuvia.semantic.ref.w24-c1.object,notApplicable,인쇄용 종이의 가용량,comparison,notApplicable,writing|voice|drawing|mixed|deferred,처음 생각과 실제 역사에서 눈에 띈 점 하나와 연령에 따라 선택적 근거; 사용자 원문,notApplicable,"[""history 비교 fallback"", ""최초 예측 사후 변경"", ""같았어요/달랐어요/새롭게 알았어요 고정 카드"", ""AI 분류·요약·채점""]",S1324-21,gutenberg.c1,comparisonCompleted(prediction)+bookPage8+growthReport,nuvia.age.middle-school.v1,"{""resourceId"": ""잠긴 predictionSnapshot과 실제 역사 핵심 한 줄을 참조"", ""cognitiveAction"": ""자유 비교는 PASS 핵심 활동으로 중복 집계하지 않음"", ""allowedAnswerIds"": ""comparisonTag와 고정 비교 카드 폐기""}"
canonicalStage,W24-C1,middle-school,이야기책과 성장 기록을 볼 수 있어요.,같은 결과 기록만 연결해요.,nuvia.semantic.v1_1_r2.w24-c1.middle-school.artifact-link,gutenberg,gutenberg.c1,같은 결과의 이야기책·성장 리포트 연결,learner,nuvia.semantic.ref.w24-c1.object,notApplicable,notApplicable,reflection,notApplicable,viewBook|viewReport|print,같은 resultId·missionId·conditionId·버전의 실제 입력만 표시,"[""viewStoryBook"", ""viewGrowthReport"", ""print""]","[""다른 resultId·미션·조건·버전 혼입"", ""없는 값 소급 생성"", ""책7/8 입력 fallback""]",S1324-21,gutenberg.c1,storyBook8Pages+integratedGrowthReport,nuvia.age.middle-school.v1,"{""resourceId"": ""새 응답 자원이 아니라 저장된 같은 resultId 레코드 연결"", ""changedAttribute"": ""이 단계에서 역사 조건을 다시 변경하지 않음"", ""cognitiveAction"": ""결과 열람·인쇄 연결 단계""}"
canonicalStage,W24-C1,high-school,인쇄용 종이가 부족하다면,실제 역사와 게임에서 바꿀 조건을 순서대로 확인해요.,nuvia.semantic.v1_1_r2.w24-c1.high-school.condition-understanding,gutenberg,gutenberg.c1,실제 역사 확인 후 바뀐 조건 한 가지 이해,learner,nuvia.semantic.ref.w24-c1.object,nuvia.semantic.ref.w24-c1.resource,인쇄용 종이의 가용량,beforeAction,notApplicable,viewActualHistoryThenSelectCondition,실제 역사 FACT와 게임의 CHANGED_CONDITION을 서로 다른 표시·이벤트로 확인,"[""gutenberg.c1""]","[""gutenberg.c1.prohibitedClaims"", ""실제 역사와 바꾼 조건을 같은 사실로 표시"", ""다른 조건 fallback""]",S1324-21,gutenberg.c1,historyViewed+conditionSelected,nuvia.age.high-school.v1,"{""cognitiveAction"": ""보기·조건 선택 단계이며 PASS 핵심 활동이 아님""}"
canonicalStage,W24-C1,high-school,종이가 부족하면 다음 인쇄 모습은 어떻게 달라질까요?,다음 모습 한 가지를 선택하거나 직접 남겨요.,nuvia.semantic.v1_1_r2.w24-c1.high-school.prediction,gutenberg,gutenberg.c1,결과 공개 전 다음 장면 한 가지 예측,learner,nuvia.semantic.ref.w24-c1.object,nuvia.semantic.ref.w24-c1.resource,인쇄용 종이의 가용량,possibleFuture,notApplicable,writing|voice|drawing|deferred|selection,변경 조건 이후의 가까운 다음 모습 한 가지; 정답·적중 점수 없음,"[""w24.c1.prediction.essential-first"", ""w24.c1.prediction.reduce-amount""]","[""gutenberg.c1.prohibitedClaims"", ""근거·반론·핵심 활동을 한 질문에 함께 요구"", ""결과 공개 후 수정"", ""예측을 실제 역사로 표시""]",notApplicable,gutenberg.c1,predictionSnapshot,nuvia.age.high-school.v1,"{""cognitiveAction"": ""최초 예측은 PASS 핵심 활동으로 중복 집계하지 않음"", ""sourceFactId"": ""예측 내용은 역사 사실 주장이 아님; 승인 실제 사실은 조건 이해 단계에서 연결""}"
canonicalStage,W24-C1,high-school,종이가 부족할 때 처음 인쇄 계획에서 무엇을 바꿀까요?,남은 종이를 고려해 자신의 첫 계획을 유지하거나 바꿔요.,nuvia.semantic.v1_1_r2.w24-c1.high-school.core-activity,gutenberg,gutenberg.c1,승인된 PASS 핵심 인지 활동 수행,learner,nuvia.semantic.ref.w24-c1.object,nuvia.semantic.ref.w24-c1.resource,인쇄용 종이의 가용량,duringAction,revisePlan,action.revisePlan.r2 payload 또는 activityDeferred,종이 제약 안에서 자신의 첫 계획을 유지하거나 수정,"[""gutenberg.c1.goal.1"", ""gutenberg.c1.response.1"", ""gutenberg.c1.response.2"", ""gutenberg.c1.response.3"", ""gutenberg.c1.reason.1"", ""gutenberg.c1.reason.2"", ""gutenberg.c1.reason.3""]","[""gutenberg.c1.prohibitedClaims"", ""활동 라벨을 나의 이야기로 저장"", ""입력하지 않은 계획·근거·태도·정확성 생성""]",S1324-21,gutenberg.c1,cognitiveActionRecorded 또는 activityDeferred,nuvia.age.high-school.v1,{}
canonicalStage,W24-C1,high-school,이 조건에서 달라질 수 있는 모습을 살펴봐요.,가능성 하나가 정답이라고 표시하지 않아요.,nuvia.semantic.v1_1_r2.w24-c1.high-school.alternate-result,gutenberg,gutenberg.c1,변경 조건에서 가능한 결과 A/B 확인,learner,nuvia.semantic.ref.w24-c1.object,nuvia.semantic.ref.w24-c1.resource,인쇄용 종이의 가용량,immediateResult,notApplicable,viewLevel3PossibilityAOrB,실제 역사와 분리된 Level 3 가능성; 정답이 아님,"[""A"", ""B""]","[""gutenberg.c1.prohibitedClaims"", ""가능성 A/B를 사실·정답·적중 점수로 표시"", ""장기 결과 단정""]",notApplicable,gutenberg.c1,alternateViewed,nuvia.age.high-school.v1,"{""cognitiveAction"": ""가능성 열람 단계"", ""sourceFactId"": ""가상 가능성은 출처가 확인하는 실제 사실이 아님""}"
canonicalStage,W24-C1,high-school,나만의 이야기를 말·글·그림으로 남겨 봐요.,남기지 않아도 다른 기록으로 대신 채우지 않아요.,nuvia.semantic.v1_1_r2.w24-c1.high-school.learner-story,gutenberg,gutenberg.c1,사용자가 직접 나만의 이야기 남기기,learner,nuvia.semantic.ref.w24-c1.object,notApplicable,인쇄용 종이의 가용량,reflection,notApplicable,writing|voice|drawing|mixed|deferred,사용자가 직접 남긴 말·글·그림 원문 또는 남기지 않음,notApplicable,"[""핵심 활동 라벨·예측·시스템 문구를 사용자 이야기로 복사"", ""사용자 입력이 없는데 이야기 생성"", ""AI 보완·요약·평가""]",notApplicable,gutenberg.c1,storyRecorded,nuvia.age.high-school.v1,"{""resourceId"": ""말·글·그림 자유 표현이며 고정 역사 자원 선택이 아님"", ""cognitiveAction"": ""자유 창작은 PASS 핵심 활동으로 중복 집계하지 않음"", ""allowedAnswerIds"": ""자유 창작에 고정 답안 없음"", ""sourceFactId"": ""사용자 창작은 승인 역사 사실이 아님""}"
canonicalStage,W24-C1,high-school,"실제 역사와 내가 만든 이야기를 비교해 보고, 가장 눈에 띈 점 하나를 남겨 보세요.",사용자 원문을 그대로 저장해요.,nuvia.semantic.v1_1_r2.w24-c1.high-school.history-comparison,gutenberg,gutenberg.c1,실제 역사와 나의 역사 비교,learner,nuvia.semantic.ref.w24-c1.object,notApplicable,인쇄용 종이의 가용량,comparison,notApplicable,writing|voice|drawing|mixed|deferred,가장 눈에 띈 점 하나와 연령에 따라 선택적 근거; 사용자 원문,notApplicable,"[""같았어요/달랐어요/새롭게 알았어요 고정 카드"", ""prediction 비교 fallback"", ""AI 분류·요약·채점""]",S1324-21,gutenberg.c1,comparisonCompleted(history)+bookPage7+growthReport,nuvia.age.high-school.v1,"{""resourceId"": ""실제 역사 요약과 사용자 이야기 참조이며 새 고정 답안 자원이 아님"", ""cognitiveAction"": ""자유 비교는 PASS 핵심 활동으로 중복 집계하지 않음"", ""allowedAnswerIds"": ""comparisonTag와 고정 비교 카드 폐기""}"
canonicalStage,W24-C1,high-school,"처음 생각과 실제 역사를 비교해 보고, 가장 눈에 띈 점 하나를 남겨 보세요.",처음 예측은 바꾸지 않고 사용자 원문을 그대로 저장해요.,nuvia.semantic.v1_1_r2.w24-c1.high-school.prediction-comparison,gutenberg,gutenberg.c1,최초 예측과 실제 역사 비교,learner,nuvia.semantic.ref.w24-c1.object,notApplicable,인쇄용 종이의 가용량,comparison,notApplicable,writing|voice|drawing|mixed|deferred,처음 생각과 실제 역사에서 눈에 띈 점 하나와 연령에 따라 선택적 근거; 사용자 원문,notApplicable,"[""history 비교 fallback"", ""최초 예측 사후 변경"", ""같았어요/달랐어요/새롭게 알았어요 고정 카드"", ""AI 분류·요약·채점""]",S1324-21,gutenberg.c1,comparisonCompleted(prediction)+bookPage8+growthReport,nuvia.age.high-school.v1,"{""resourceId"": ""잠긴 predictionSnapshot과 실제 역사 핵심 한 줄을 참조"", ""cognitiveAction"": ""자유 비교는 PASS 핵심 활동으로 중복 집계하지 않음"", ""allowedAnswerIds"": ""comparisonTag와 고정 비교 카드 폐기""}"
canonicalStage,W24-C1,high-school,이야기책과 성장 기록을 볼 수 있어요.,같은 결과 기록만 연결해요.,nuvia.semantic.v1_1_r2.w24-c1.high-school.artifact-link,gutenberg,gutenberg.c1,같은 결과의 이야기책·성장 리포트 연결,learner,nuvia.semantic.ref.w24-c1.object,notApplicable,notApplicable,reflection,notApplicable,viewBook|viewReport|print,같은 resultId·missionId·conditionId·버전의 실제 입력만 표시,"[""viewStoryBook"", ""viewGrowthReport"", ""print""]","[""다른 resultId·미션·조건·버전 혼입"", ""없는 값 소급 생성"", ""책7/8 입력 fallback""]",S1324-21,gutenberg.c1,storyBook8Pages+integratedGrowthReport,nuvia.age.high-school.v1,"{""resourceId"": ""새 응답 자원이 아니라 저장된 같은 resultId 레코드 연결"", ""changedAttribute"": ""이 단계에서 역사 조건을 다시 변경하지 않음"", ""cognitiveAction"": ""결과 열람·인쇄 연결 단계""}"
canonicalStage,W24-C1,adult,인쇄용 종이가 부족하다면,실제 역사와 게임에서 바꿀 조건을 순서대로 확인해요.,nuvia.semantic.v1_1_r2.w24-c1.adult.condition-understanding,gutenberg,gutenberg.c1,실제 역사 확인 후 바뀐 조건 한 가지 이해,learner,nuvia.semantic.ref.w24-c1.object,nuvia.semantic.ref.w24-c1.resource,인쇄용 종이의 가용량,beforeAction,notApplicable,viewActualHistoryThenSelectCondition,실제 역사 FACT와 게임의 CHANGED_CONDITION을 서로 다른 표시·이벤트로 확인,"[""gutenberg.c1""]","[""gutenberg.c1.prohibitedClaims"", ""실제 역사와 바꾼 조건을 같은 사실로 표시"", ""다른 조건 fallback""]",S1324-21,gutenberg.c1,historyViewed+conditionSelected,nuvia.age.adult.v1,"{""cognitiveAction"": ""보기·조건 선택 단계이며 PASS 핵심 활동이 아님""}"
canonicalStage,W24-C1,adult,종이가 부족하면 다음 인쇄 모습은 어떻게 달라질까요?,다음 모습 한 가지를 선택하거나 직접 남겨요.,nuvia.semantic.v1_1_r2.w24-c1.adult.prediction,gutenberg,gutenberg.c1,결과 공개 전 다음 장면 한 가지 예측,learner,nuvia.semantic.ref.w24-c1.object,nuvia.semantic.ref.w24-c1.resource,인쇄용 종이의 가용량,possibleFuture,notApplicable,writing|voice|drawing|deferred|selection,변경 조건 이후의 가까운 다음 모습 한 가지; 정답·적중 점수 없음,"[""w24.c1.prediction.essential-first"", ""w24.c1.prediction.reduce-amount""]","[""gutenberg.c1.prohibitedClaims"", ""근거·반론·핵심 활동을 한 질문에 함께 요구"", ""결과 공개 후 수정"", ""예측을 실제 역사로 표시""]",notApplicable,gutenberg.c1,predictionSnapshot,nuvia.age.adult.v1,"{""cognitiveAction"": ""최초 예측은 PASS 핵심 활동으로 중복 집계하지 않음"", ""sourceFactId"": ""예측 내용은 역사 사실 주장이 아님; 승인 실제 사실은 조건 이해 단계에서 연결""}"
canonicalStage,W24-C1,adult,종이가 부족할 때 처음 인쇄 계획에서 무엇을 바꿀까요?,남은 종이를 고려해 자신의 첫 계획을 유지하거나 바꿔요.,nuvia.semantic.v1_1_r2.w24-c1.adult.core-activity,gutenberg,gutenberg.c1,승인된 PASS 핵심 인지 활동 수행,learner,nuvia.semantic.ref.w24-c1.object,nuvia.semantic.ref.w24-c1.resource,인쇄용 종이의 가용량,duringAction,revisePlan,action.revisePlan.r2 payload 또는 activityDeferred,종이 제약 안에서 자신의 첫 계획을 유지하거나 수정,"[""gutenberg.c1.goal.1"", ""gutenberg.c1.response.1"", ""gutenberg.c1.response.2"", ""gutenberg.c1.response.3"", ""gutenberg.c1.reason.1"", ""gutenberg.c1.reason.2"", ""gutenberg.c1.reason.3""]","[""gutenberg.c1.prohibitedClaims"", ""활동 라벨을 나의 이야기로 저장"", ""입력하지 않은 계획·근거·태도·정확성 생성""]",S1324-21,gutenberg.c1,cognitiveActionRecorded 또는 activityDeferred,nuvia.age.adult.v1,{}
canonicalStage,W24-C1,adult,이 조건에서 달라질 수 있는 모습을 살펴봐요.,가능성 하나가 정답이라고 표시하지 않아요.,nuvia.semantic.v1_1_r2.w24-c1.adult.alternate-result,gutenberg,gutenberg.c1,변경 조건에서 가능한 결과 A/B 확인,learner,nuvia.semantic.ref.w24-c1.object,nuvia.semantic.ref.w24-c1.resource,인쇄용 종이의 가용량,immediateResult,notApplicable,viewLevel3PossibilityAOrB,실제 역사와 분리된 Level 3 가능성; 정답이 아님,"[""A"", ""B""]","[""gutenberg.c1.prohibitedClaims"", ""가능성 A/B를 사실·정답·적중 점수로 표시"", ""장기 결과 단정""]",notApplicable,gutenberg.c1,alternateViewed,nuvia.age.adult.v1,"{""cognitiveAction"": ""가능성 열람 단계"", ""sourceFactId"": ""가상 가능성은 출처가 확인하는 실제 사실이 아님""}"
canonicalStage,W24-C1,adult,나만의 이야기를 말·글·그림으로 남겨 봐요.,남기지 않아도 다른 기록으로 대신 채우지 않아요.,nuvia.semantic.v1_1_r2.w24-c1.adult.learner-story,gutenberg,gutenberg.c1,사용자가 직접 나만의 이야기 남기기,learner,nuvia.semantic.ref.w24-c1.object,notApplicable,인쇄용 종이의 가용량,reflection,notApplicable,writing|voice|drawing|mixed|deferred,사용자가 직접 남긴 말·글·그림 원문 또는 남기지 않음,notApplicable,"[""핵심 활동 라벨·예측·시스템 문구를 사용자 이야기로 복사"", ""사용자 입력이 없는데 이야기 생성"", ""AI 보완·요약·평가""]",notApplicable,gutenberg.c1,storyRecorded,nuvia.age.adult.v1,"{""resourceId"": ""말·글·그림 자유 표현이며 고정 역사 자원 선택이 아님"", ""cognitiveAction"": ""자유 창작은 PASS 핵심 활동으로 중복 집계하지 않음"", ""allowedAnswerIds"": ""자유 창작에 고정 답안 없음"", ""sourceFactId"": ""사용자 창작은 승인 역사 사실이 아님""}"
canonicalStage,W24-C1,adult,"실제 역사와 내가 만든 이야기를 비교해 보고, 가장 눈에 띈 점 하나를 남겨 보세요.",사용자 원문을 그대로 저장해요.,nuvia.semantic.v1_1_r2.w24-c1.adult.history-comparison,gutenberg,gutenberg.c1,실제 역사와 나의 역사 비교,learner,nuvia.semantic.ref.w24-c1.object,notApplicable,인쇄용 종이의 가용량,comparison,notApplicable,writing|voice|drawing|mixed|deferred,가장 눈에 띈 점 하나와 연령에 따라 선택적 근거; 사용자 원문,notApplicable,"[""같았어요/달랐어요/새롭게 알았어요 고정 카드"", ""prediction 비교 fallback"", ""AI 분류·요약·채점""]",S1324-21,gutenberg.c1,comparisonCompleted(history)+bookPage7+growthReport,nuvia.age.adult.v1,"{""resourceId"": ""실제 역사 요약과 사용자 이야기 참조이며 새 고정 답안 자원이 아님"", ""cognitiveAction"": ""자유 비교는 PASS 핵심 활동으로 중복 집계하지 않음"", ""allowedAnswerIds"": ""comparisonTag와 고정 비교 카드 폐기""}"
canonicalStage,W24-C1,adult,"처음 생각과 실제 역사를 비교해 보고, 가장 눈에 띈 점 하나를 남겨 보세요.",처음 예측은 바꾸지 않고 사용자 원문을 그대로 저장해요.,nuvia.semantic.v1_1_r2.w24-c1.adult.prediction-comparison,gutenberg,gutenberg.c1,최초 예측과 실제 역사 비교,learner,nuvia.semantic.ref.w24-c1.object,notApplicable,인쇄용 종이의 가용량,comparison,notApplicable,writing|voice|drawing|mixed|deferred,처음 생각과 실제 역사에서 눈에 띈 점 하나와 연령에 따라 선택적 근거; 사용자 원문,notApplicable,"[""history 비교 fallback"", ""최초 예측 사후 변경"", ""같았어요/달랐어요/새롭게 알았어요 고정 카드"", ""AI 분류·요약·채점""]",S1324-21,gutenberg.c1,comparisonCompleted(prediction)+bookPage8+growthReport,nuvia.age.adult.v1,"{""resourceId"": ""잠긴 predictionSnapshot과 실제 역사 핵심 한 줄을 참조"", ""cognitiveAction"": ""자유 비교는 PASS 핵심 활동으로 중복 집계하지 않음"", ""allowedAnswerIds"": ""comparisonTag와 고정 비교 카드 폐기""}"
canonicalStage,W24-C1,adult,이야기책과 성장 기록을 볼 수 있어요.,같은 결과 기록만 연결해요.,nuvia.semantic.v1_1_r2.w24-c1.adult.artifact-link,gutenberg,gutenberg.c1,같은 결과의 이야기책·성장 리포트 연결,learner,nuvia.semantic.ref.w24-c1.object,notApplicable,notApplicable,reflection,notApplicable,viewBook|viewReport|print,같은 resultId·missionId·conditionId·버전의 실제 입력만 표시,"[""viewStoryBook"", ""viewGrowthReport"", ""print""]","[""다른 resultId·미션·조건·버전 혼입"", ""없는 값 소급 생성"", ""책7/8 입력 fallback""]",S1324-21,gutenberg.c1,storyBook8Pages+integratedGrowthReport,nuvia.age.adult.v1,"{""resourceId"": ""새 응답 자원이 아니라 저장된 같은 resultId 레코드 연결"", ""changedAttribute"": ""이 단계에서 역사 조건을 다시 변경하지 않음"", ""cognitiveAction"": ""결과 열람·인쇄 연결 단계""}"
canonicalStage,W24-C2,preschool,책을 볼 수 있는 사람이 제한된다면,실제 역사와 게임에서 바꿀 조건을 순서대로 확인해요.,nuvia.semantic.v1_1_r2.w24-c2.preschool.condition-understanding,gutenberg,gutenberg.c2,실제 역사 확인 후 바뀐 조건 한 가지 이해,learner,nuvia.semantic.ref.w24-c2.object,nuvia.semantic.ref.w24-c2.resource,직접 접근할 수 있는 사람 범위,beforeAction,notApplicable,viewActualHistoryThenSelectCondition,실제 역사 FACT와 게임의 CHANGED_CONDITION을 서로 다른 표시·이벤트로 확인,"[""gutenberg.c2""]","[""gutenberg.c2.prohibitedClaims"", ""실제 역사와 바꾼 조건을 같은 사실로 표시"", ""다른 조건 fallback""]",S1324-21,gutenberg.c2,historyViewed+conditionSelected,nuvia.age.preschool.v1,"{""cognitiveAction"": ""보기·조건 선택 단계이며 PASS 핵심 활동이 아님""}"
canonicalStage,W24-C2,preschool,책을 직접 볼 수 있는 사람이 줄면 다음 모습은 어떻게 달라질까요?,다음 모습을 골라 봐요.,nuvia.semantic.v1_1_r2.w24-c2.preschool.prediction,gutenberg,gutenberg.c2,결과 공개 전 다음 장면 한 가지 예측,learner,nuvia.semantic.ref.w24-c2.object,nuvia.semantic.ref.w24-c2.resource,직접 접근할 수 있는 사람 범위,possibleFuture,notApplicable,voice|drawing|deferred|selection,변경 조건 이후의 가까운 다음 모습 한 가지; 정답·적중 점수 없음,"[""w24.c2.prediction.take-turns-if-allowed"", ""w24.c2.prediction.explore-sharing""]","[""gutenberg.c2.prohibitedClaims"", ""근거·반론·핵심 활동을 한 질문에 함께 요구"", ""결과 공개 후 수정"", ""예측을 실제 역사로 표시""]",notApplicable,gutenberg.c2,predictionSnapshot,nuvia.age.preschool.v1,"{""cognitiveAction"": ""최초 예측은 PASS 핵심 활동으로 중복 집계하지 않음"", ""sourceFactId"": ""예측 내용은 역사 사실 주장이 아님; 승인 실제 사실은 조건 이해 단계에서 연결""}"
canonicalStage,W24-C2,preschool,책을 함께 보려면 무엇부터 확인할까요?,먼저 할 일을 골라 봐요.,nuvia.semantic.v1_1_r2.w24-c2.preschool.core-activity,gutenberg,gutenberg.c2,승인된 PASS 핵심 인지 활동 수행,learner,nuvia.semantic.ref.w24-c2.object,nuvia.semantic.ref.w24-c2.resource,직접 접근할 수 있는 사람 범위,duringAction,prioritizeActions,action.prioritizeActions.r2 payload 또는 activityDeferred,함께 볼 수 있는지 확인할 행동의 우선순위,"[""gutenberg.c2.goal.1"", ""gutenberg.c2.response.1"", ""gutenberg.c2.response.2"", ""gutenberg.c2.response.3"", ""gutenberg.c2.constraint.1"", ""gutenberg.c2.reason.1"", ""gutenberg.c2.reason.2""]","[""gutenberg.c2.prohibitedClaims"", ""활동 라벨을 나의 이야기로 저장"", ""입력하지 않은 계획·근거·태도·정확성 생성""]",S1324-21,gutenberg.c2,cognitiveActionRecorded 또는 activityDeferred,nuvia.age.preschool.v1,{}
canonicalStage,W24-C2,preschool,이 조건에서 달라질 수 있는 모습을 살펴봐요.,가능성 하나가 정답이라고 표시하지 않아요.,nuvia.semantic.v1_1_r2.w24-c2.preschool.alternate-result,gutenberg,gutenberg.c2,변경 조건에서 가능한 결과 A/B 확인,learner,nuvia.semantic.ref.w24-c2.object,nuvia.semantic.ref.w24-c2.resource,직접 접근할 수 있는 사람 범위,immediateResult,notApplicable,viewLevel3PossibilityAOrB,실제 역사와 분리된 Level 3 가능성; 정답이 아님,"[""A"", ""B""]","[""gutenberg.c2.prohibitedClaims"", ""가능성 A/B를 사실·정답·적중 점수로 표시"", ""장기 결과 단정""]",notApplicable,gutenberg.c2,alternateViewed,nuvia.age.preschool.v1,"{""cognitiveAction"": ""가능성 열람 단계"", ""sourceFactId"": ""가상 가능성은 출처가 확인하는 실제 사실이 아님""}"
canonicalStage,W24-C2,preschool,나만의 이야기를 말·글·그림으로 남겨 봐요.,남기지 않아도 다른 기록으로 대신 채우지 않아요.,nuvia.semantic.v1_1_r2.w24-c2.preschool.learner-story,gutenberg,gutenberg.c2,사용자가 직접 나만의 이야기 남기기,learner,nuvia.semantic.ref.w24-c2.object,notApplicable,직접 접근할 수 있는 사람 범위,reflection,notApplicable,writing|voice|drawing|mixed|deferred,사용자가 직접 남긴 말·글·그림 원문 또는 남기지 않음,notApplicable,"[""핵심 활동 라벨·예측·시스템 문구를 사용자 이야기로 복사"", ""사용자 입력이 없는데 이야기 생성"", ""AI 보완·요약·평가""]",notApplicable,gutenberg.c2,storyRecorded,nuvia.age.preschool.v1,"{""resourceId"": ""말·글·그림 자유 표현이며 고정 역사 자원 선택이 아님"", ""cognitiveAction"": ""자유 창작은 PASS 핵심 활동으로 중복 집계하지 않음"", ""allowedAnswerIds"": ""자유 창작에 고정 답안 없음"", ""sourceFactId"": ""사용자 창작은 승인 역사 사실이 아님""}"
canonicalStage,W24-C2,preschool,"실제 역사와 내가 만든 이야기를 비교해 보고, 가장 눈에 띈 점 하나를 남겨 보세요.",사용자 원문을 그대로 저장해요.,nuvia.semantic.v1_1_r2.w24-c2.preschool.history-comparison,gutenberg,gutenberg.c2,실제 역사와 나의 역사 비교,learner,nuvia.semantic.ref.w24-c2.object,notApplicable,직접 접근할 수 있는 사람 범위,comparison,notApplicable,writing|voice|drawing|mixed|deferred,가장 눈에 띈 점 하나와 연령에 따라 선택적 근거; 사용자 원문,notApplicable,"[""같았어요/달랐어요/새롭게 알았어요 고정 카드"", ""prediction 비교 fallback"", ""AI 분류·요약·채점""]",S1324-21,gutenberg.c2,comparisonCompleted(history)+bookPage7+growthReport,nuvia.age.preschool.v1,"{""resourceId"": ""실제 역사 요약과 사용자 이야기 참조이며 새 고정 답안 자원이 아님"", ""cognitiveAction"": ""자유 비교는 PASS 핵심 활동으로 중복 집계하지 않음"", ""allowedAnswerIds"": ""comparisonTag와 고정 비교 카드 폐기""}"
canonicalStage,W24-C2,preschool,"처음 생각과 실제 역사를 비교해 보고, 가장 눈에 띈 점 하나를 남겨 보세요.",처음 예측은 바꾸지 않고 사용자 원문을 그대로 저장해요.,nuvia.semantic.v1_1_r2.w24-c2.preschool.prediction-comparison,gutenberg,gutenberg.c2,최초 예측과 실제 역사 비교,learner,nuvia.semantic.ref.w24-c2.object,notApplicable,직접 접근할 수 있는 사람 범위,comparison,notApplicable,writing|voice|drawing|mixed|deferred,처음 생각과 실제 역사에서 눈에 띈 점 하나와 연령에 따라 선택적 근거; 사용자 원문,notApplicable,"[""history 비교 fallback"", ""최초 예측 사후 변경"", ""같았어요/달랐어요/새롭게 알았어요 고정 카드"", ""AI 분류·요약·채점""]",S1324-21,gutenberg.c2,comparisonCompleted(prediction)+bookPage8+growthReport,nuvia.age.preschool.v1,"{""resourceId"": ""잠긴 predictionSnapshot과 실제 역사 핵심 한 줄을 참조"", ""cognitiveAction"": ""자유 비교는 PASS 핵심 활동으로 중복 집계하지 않음"", ""allowedAnswerIds"": ""comparisonTag와 고정 비교 카드 폐기""}"
canonicalStage,W24-C2,preschool,이야기책과 성장 기록을 볼 수 있어요.,같은 결과 기록만 연결해요.,nuvia.semantic.v1_1_r2.w24-c2.preschool.artifact-link,gutenberg,gutenberg.c2,같은 결과의 이야기책·성장 리포트 연결,learner,nuvia.semantic.ref.w24-c2.object,notApplicable,notApplicable,reflection,notApplicable,viewBook|viewReport|print,같은 resultId·missionId·conditionId·버전의 실제 입력만 표시,"[""viewStoryBook"", ""viewGrowthReport"", ""print""]","[""다른 resultId·미션·조건·버전 혼입"", ""없는 값 소급 생성"", ""책7/8 입력 fallback""]",S1324-21,gutenberg.c2,storyBook8Pages+integratedGrowthReport,nuvia.age.preschool.v1,"{""resourceId"": ""새 응답 자원이 아니라 저장된 같은 resultId 레코드 연결"", ""changedAttribute"": ""이 단계에서 역사 조건을 다시 변경하지 않음"", ""cognitiveAction"": ""결과 열람·인쇄 연결 단계""}"
canonicalStage,W24-C2,elementary-low,책을 볼 수 있는 사람이 제한된다면,실제 역사와 게임에서 바꿀 조건을 순서대로 확인해요.,nuvia.semantic.v1_1_r2.w24-c2.elementary-low.condition-understanding,gutenberg,gutenberg.c2,실제 역사 확인 후 바뀐 조건 한 가지 이해,learner,nuvia.semantic.ref.w24-c2.object,nuvia.semantic.ref.w24-c2.resource,직접 접근할 수 있는 사람 범위,beforeAction,notApplicable,viewActualHistoryThenSelectCondition,실제 역사 FACT와 게임의 CHANGED_CONDITION을 서로 다른 표시·이벤트로 확인,"[""gutenberg.c2""]","[""gutenberg.c2.prohibitedClaims"", ""실제 역사와 바꾼 조건을 같은 사실로 표시"", ""다른 조건 fallback""]",S1324-21,gutenberg.c2,historyViewed+conditionSelected,nuvia.age.elementary-low.v1,"{""cognitiveAction"": ""보기·조건 선택 단계이며 PASS 핵심 활동이 아님""}"
canonicalStage,W24-C2,elementary-low,책을 직접 볼 수 있는 사람이 줄면 다음 모습은 어떻게 달라질까요?,다음 모습을 골라 봐요.,nuvia.semantic.v1_1_r2.w24-c2.elementary-low.prediction,gutenberg,gutenberg.c2,결과 공개 전 다음 장면 한 가지 예측,learner,nuvia.semantic.ref.w24-c2.object,nuvia.semantic.ref.w24-c2.resource,직접 접근할 수 있는 사람 범위,possibleFuture,notApplicable,voice|drawing|writing|deferred|selection,변경 조건 이후의 가까운 다음 모습 한 가지; 정답·적중 점수 없음,"[""w24.c2.prediction.take-turns-if-allowed"", ""w24.c2.prediction.explore-sharing""]","[""gutenberg.c2.prohibitedClaims"", ""근거·반론·핵심 활동을 한 질문에 함께 요구"", ""결과 공개 후 수정"", ""예측을 실제 역사로 표시""]",notApplicable,gutenberg.c2,predictionSnapshot,nuvia.age.elementary-low.v1,"{""cognitiveAction"": ""최초 예측은 PASS 핵심 활동으로 중복 집계하지 않음"", ""sourceFactId"": ""예측 내용은 역사 사실 주장이 아님; 승인 실제 사실은 조건 이해 단계에서 연결""}"
canonicalStage,W24-C2,elementary-low,책을 함께 보려면 무엇부터 확인할까요?,먼저 할 일을 골라 봐요.,nuvia.semantic.v1_1_r2.w24-c2.elementary-low.core-activity,gutenberg,gutenberg.c2,승인된 PASS 핵심 인지 활동 수행,learner,nuvia.semantic.ref.w24-c2.object,nuvia.semantic.ref.w24-c2.resource,직접 접근할 수 있는 사람 범위,duringAction,prioritizeActions,action.prioritizeActions.r2 payload 또는 activityDeferred,함께 볼 수 있는지 확인할 행동의 우선순위,"[""gutenberg.c2.goal.1"", ""gutenberg.c2.response.1"", ""gutenberg.c2.response.2"", ""gutenberg.c2.response.3"", ""gutenberg.c2.constraint.1"", ""gutenberg.c2.reason.1"", ""gutenberg.c2.reason.2""]","[""gutenberg.c2.prohibitedClaims"", ""활동 라벨을 나의 이야기로 저장"", ""입력하지 않은 계획·근거·태도·정확성 생성""]",S1324-21,gutenberg.c2,cognitiveActionRecorded 또는 activityDeferred,nuvia.age.elementary-low.v1,{}
canonicalStage,W24-C2,elementary-low,이 조건에서 달라질 수 있는 모습을 살펴봐요.,가능성 하나가 정답이라고 표시하지 않아요.,nuvia.semantic.v1_1_r2.w24-c2.elementary-low.alternate-result,gutenberg,gutenberg.c2,변경 조건에서 가능한 결과 A/B 확인,learner,nuvia.semantic.ref.w24-c2.object,nuvia.semantic.ref.w24-c2.resource,직접 접근할 수 있는 사람 범위,immediateResult,notApplicable,viewLevel3PossibilityAOrB,실제 역사와 분리된 Level 3 가능성; 정답이 아님,"[""A"", ""B""]","[""gutenberg.c2.prohibitedClaims"", ""가능성 A/B를 사실·정답·적중 점수로 표시"", ""장기 결과 단정""]",notApplicable,gutenberg.c2,alternateViewed,nuvia.age.elementary-low.v1,"{""cognitiveAction"": ""가능성 열람 단계"", ""sourceFactId"": ""가상 가능성은 출처가 확인하는 실제 사실이 아님""}"
canonicalStage,W24-C2,elementary-low,나만의 이야기를 말·글·그림으로 남겨 봐요.,남기지 않아도 다른 기록으로 대신 채우지 않아요.,nuvia.semantic.v1_1_r2.w24-c2.elementary-low.learner-story,gutenberg,gutenberg.c2,사용자가 직접 나만의 이야기 남기기,learner,nuvia.semantic.ref.w24-c2.object,notApplicable,직접 접근할 수 있는 사람 범위,reflection,notApplicable,writing|voice|drawing|mixed|deferred,사용자가 직접 남긴 말·글·그림 원문 또는 남기지 않음,notApplicable,"[""핵심 활동 라벨·예측·시스템 문구를 사용자 이야기로 복사"", ""사용자 입력이 없는데 이야기 생성"", ""AI 보완·요약·평가""]",notApplicable,gutenberg.c2,storyRecorded,nuvia.age.elementary-low.v1,"{""resourceId"": ""말·글·그림 자유 표현이며 고정 역사 자원 선택이 아님"", ""cognitiveAction"": ""자유 창작은 PASS 핵심 활동으로 중복 집계하지 않음"", ""allowedAnswerIds"": ""자유 창작에 고정 답안 없음"", ""sourceFactId"": ""사용자 창작은 승인 역사 사실이 아님""}"
canonicalStage,W24-C2,elementary-low,"실제 역사와 내가 만든 이야기를 비교해 보고, 가장 눈에 띈 점 하나를 남겨 보세요.",사용자 원문을 그대로 저장해요.,nuvia.semantic.v1_1_r2.w24-c2.elementary-low.history-comparison,gutenberg,gutenberg.c2,실제 역사와 나의 역사 비교,learner,nuvia.semantic.ref.w24-c2.object,notApplicable,직접 접근할 수 있는 사람 범위,comparison,notApplicable,writing|voice|drawing|mixed|deferred,가장 눈에 띈 점 하나와 연령에 따라 선택적 근거; 사용자 원문,notApplicable,"[""같았어요/달랐어요/새롭게 알았어요 고정 카드"", ""prediction 비교 fallback"", ""AI 분류·요약·채점""]",S1324-21,gutenberg.c2,comparisonCompleted(history)+bookPage7+growthReport,nuvia.age.elementary-low.v1,"{""resourceId"": ""실제 역사 요약과 사용자 이야기 참조이며 새 고정 답안 자원이 아님"", ""cognitiveAction"": ""자유 비교는 PASS 핵심 활동으로 중복 집계하지 않음"", ""allowedAnswerIds"": ""comparisonTag와 고정 비교 카드 폐기""}"
canonicalStage,W24-C2,elementary-low,"처음 생각과 실제 역사를 비교해 보고, 가장 눈에 띈 점 하나를 남겨 보세요.",처음 예측은 바꾸지 않고 사용자 원문을 그대로 저장해요.,nuvia.semantic.v1_1_r2.w24-c2.elementary-low.prediction-comparison,gutenberg,gutenberg.c2,최초 예측과 실제 역사 비교,learner,nuvia.semantic.ref.w24-c2.object,notApplicable,직접 접근할 수 있는 사람 범위,comparison,notApplicable,writing|voice|drawing|mixed|deferred,처음 생각과 실제 역사에서 눈에 띈 점 하나와 연령에 따라 선택적 근거; 사용자 원문,notApplicable,"[""history 비교 fallback"", ""최초 예측 사후 변경"", ""같았어요/달랐어요/새롭게 알았어요 고정 카드"", ""AI 분류·요약·채점""]",S1324-21,gutenberg.c2,comparisonCompleted(prediction)+bookPage8+growthReport,nuvia.age.elementary-low.v1,"{""resourceId"": ""잠긴 predictionSnapshot과 실제 역사 핵심 한 줄을 참조"", ""cognitiveAction"": ""자유 비교는 PASS 핵심 활동으로 중복 집계하지 않음"", ""allowedAnswerIds"": ""comparisonTag와 고정 비교 카드 폐기""}"
canonicalStage,W24-C2,elementary-low,이야기책과 성장 기록을 볼 수 있어요.,같은 결과 기록만 연결해요.,nuvia.semantic.v1_1_r2.w24-c2.elementary-low.artifact-link,gutenberg,gutenberg.c2,같은 결과의 이야기책·성장 리포트 연결,learner,nuvia.semantic.ref.w24-c2.object,notApplicable,notApplicable,reflection,notApplicable,viewBook|viewReport|print,같은 resultId·missionId·conditionId·버전의 실제 입력만 표시,"[""viewStoryBook"", ""viewGrowthReport"", ""print""]","[""다른 resultId·미션·조건·버전 혼입"", ""없는 값 소급 생성"", ""책7/8 입력 fallback""]",S1324-21,gutenberg.c2,storyBook8Pages+integratedGrowthReport,nuvia.age.elementary-low.v1,"{""resourceId"": ""새 응답 자원이 아니라 저장된 같은 resultId 레코드 연결"", ""changedAttribute"": ""이 단계에서 역사 조건을 다시 변경하지 않음"", ""cognitiveAction"": ""결과 열람·인쇄 연결 단계""}"
canonicalStage,W24-C2,elementary-high,책을 볼 수 있는 사람이 제한된다면,실제 역사와 게임에서 바꿀 조건을 순서대로 확인해요.,nuvia.semantic.v1_1_r2.w24-c2.elementary-high.condition-understanding,gutenberg,gutenberg.c2,실제 역사 확인 후 바뀐 조건 한 가지 이해,learner,nuvia.semantic.ref.w24-c2.object,nuvia.semantic.ref.w24-c2.resource,직접 접근할 수 있는 사람 범위,beforeAction,notApplicable,viewActualHistoryThenSelectCondition,실제 역사 FACT와 게임의 CHANGED_CONDITION을 서로 다른 표시·이벤트로 확인,"[""gutenberg.c2""]","[""gutenberg.c2.prohibitedClaims"", ""실제 역사와 바꾼 조건을 같은 사실로 표시"", ""다른 조건 fallback""]",S1324-21,gutenberg.c2,historyViewed+conditionSelected,nuvia.age.elementary-high.v1,"{""cognitiveAction"": ""보기·조건 선택 단계이며 PASS 핵심 활동이 아님""}"
canonicalStage,W24-C2,elementary-high,책을 직접 볼 수 있는 사람이 줄면 다음 모습은 어떻게 달라질까요?,다음 모습 한 가지를 선택하거나 직접 남겨요.,nuvia.semantic.v1_1_r2.w24-c2.elementary-high.prediction,gutenberg,gutenberg.c2,결과 공개 전 다음 장면 한 가지 예측,learner,nuvia.semantic.ref.w24-c2.object,nuvia.semantic.ref.w24-c2.resource,직접 접근할 수 있는 사람 범위,possibleFuture,notApplicable,writing|voice|drawing|deferred|selection,변경 조건 이후의 가까운 다음 모습 한 가지; 정답·적중 점수 없음,"[""w24.c2.prediction.take-turns-if-allowed"", ""w24.c2.prediction.explore-sharing""]","[""gutenberg.c2.prohibitedClaims"", ""근거·반론·핵심 활동을 한 질문에 함께 요구"", ""결과 공개 후 수정"", ""예측을 실제 역사로 표시""]",notApplicable,gutenberg.c2,predictionSnapshot,nuvia.age.elementary-high.v1,"{""cognitiveAction"": ""최초 예측은 PASS 핵심 활동으로 중복 집계하지 않음"", ""sourceFactId"": ""예측 내용은 역사 사실 주장이 아님; 승인 실제 사실은 조건 이해 단계에서 연결""}"
canonicalStage,W24-C2,elementary-high,책을 함께 보려면 무엇부터 확인할까요?,함께 볼 조건을 확인할 행동의 우선순위를 정해요.,nuvia.semantic.v1_1_r2.w24-c2.elementary-high.core-activity,gutenberg,gutenberg.c2,승인된 PASS 핵심 인지 활동 수행,learner,nuvia.semantic.ref.w24-c2.object,nuvia.semantic.ref.w24-c2.resource,직접 접근할 수 있는 사람 범위,duringAction,prioritizeActions,action.prioritizeActions.r2 payload 또는 activityDeferred,함께 볼 수 있는지 확인할 행동의 우선순위,"[""gutenberg.c2.goal.1"", ""gutenberg.c2.response.1"", ""gutenberg.c2.response.2"", ""gutenberg.c2.response.3"", ""gutenberg.c2.constraint.1"", ""gutenberg.c2.reason.1"", ""gutenberg.c2.reason.2""]","[""gutenberg.c2.prohibitedClaims"", ""활동 라벨을 나의 이야기로 저장"", ""입력하지 않은 계획·근거·태도·정확성 생성""]",S1324-21,gutenberg.c2,cognitiveActionRecorded 또는 activityDeferred,nuvia.age.elementary-high.v1,{}
canonicalStage,W24-C2,elementary-high,이 조건에서 달라질 수 있는 모습을 살펴봐요.,가능성 하나가 정답이라고 표시하지 않아요.,nuvia.semantic.v1_1_r2.w24-c2.elementary-high.alternate-result,gutenberg,gutenberg.c2,변경 조건에서 가능한 결과 A/B 확인,learner,nuvia.semantic.ref.w24-c2.object,nuvia.semantic.ref.w24-c2.resource,직접 접근할 수 있는 사람 범위,immediateResult,notApplicable,viewLevel3PossibilityAOrB,실제 역사와 분리된 Level 3 가능성; 정답이 아님,"[""A"", ""B""]","[""gutenberg.c2.prohibitedClaims"", ""가능성 A/B를 사실·정답·적중 점수로 표시"", ""장기 결과 단정""]",notApplicable,gutenberg.c2,alternateViewed,nuvia.age.elementary-high.v1,"{""cognitiveAction"": ""가능성 열람 단계"", ""sourceFactId"": ""가상 가능성은 출처가 확인하는 실제 사실이 아님""}"
canonicalStage,W24-C2,elementary-high,나만의 이야기를 말·글·그림으로 남겨 봐요.,남기지 않아도 다른 기록으로 대신 채우지 않아요.,nuvia.semantic.v1_1_r2.w24-c2.elementary-high.learner-story,gutenberg,gutenberg.c2,사용자가 직접 나만의 이야기 남기기,learner,nuvia.semantic.ref.w24-c2.object,notApplicable,직접 접근할 수 있는 사람 범위,reflection,notApplicable,writing|voice|drawing|mixed|deferred,사용자가 직접 남긴 말·글·그림 원문 또는 남기지 않음,notApplicable,"[""핵심 활동 라벨·예측·시스템 문구를 사용자 이야기로 복사"", ""사용자 입력이 없는데 이야기 생성"", ""AI 보완·요약·평가""]",notApplicable,gutenberg.c2,storyRecorded,nuvia.age.elementary-high.v1,"{""resourceId"": ""말·글·그림 자유 표현이며 고정 역사 자원 선택이 아님"", ""cognitiveAction"": ""자유 창작은 PASS 핵심 활동으로 중복 집계하지 않음"", ""allowedAnswerIds"": ""자유 창작에 고정 답안 없음"", ""sourceFactId"": ""사용자 창작은 승인 역사 사실이 아님""}"
canonicalStage,W24-C2,elementary-high,"실제 역사와 내가 만든 이야기를 비교해 보고, 가장 눈에 띈 점 하나를 남겨 보세요.",사용자 원문을 그대로 저장해요.,nuvia.semantic.v1_1_r2.w24-c2.elementary-high.history-comparison,gutenberg,gutenberg.c2,실제 역사와 나의 역사 비교,learner,nuvia.semantic.ref.w24-c2.object,notApplicable,직접 접근할 수 있는 사람 범위,comparison,notApplicable,writing|voice|drawing|mixed|deferred,가장 눈에 띈 점 하나와 연령에 따라 선택적 근거; 사용자 원문,notApplicable,"[""같았어요/달랐어요/새롭게 알았어요 고정 카드"", ""prediction 비교 fallback"", ""AI 분류·요약·채점""]",S1324-21,gutenberg.c2,comparisonCompleted(history)+bookPage7+growthReport,nuvia.age.elementary-high.v1,"{""resourceId"": ""실제 역사 요약과 사용자 이야기 참조이며 새 고정 답안 자원이 아님"", ""cognitiveAction"": ""자유 비교는 PASS 핵심 활동으로 중복 집계하지 않음"", ""allowedAnswerIds"": ""comparisonTag와 고정 비교 카드 폐기""}"
canonicalStage,W24-C2,elementary-high,"처음 생각과 실제 역사를 비교해 보고, 가장 눈에 띈 점 하나를 남겨 보세요.",처음 예측은 바꾸지 않고 사용자 원문을 그대로 저장해요.,nuvia.semantic.v1_1_r2.w24-c2.elementary-high.prediction-comparison,gutenberg,gutenberg.c2,최초 예측과 실제 역사 비교,learner,nuvia.semantic.ref.w24-c2.object,notApplicable,직접 접근할 수 있는 사람 범위,comparison,notApplicable,writing|voice|drawing|mixed|deferred,처음 생각과 실제 역사에서 눈에 띈 점 하나와 연령에 따라 선택적 근거; 사용자 원문,notApplicable,"[""history 비교 fallback"", ""최초 예측 사후 변경"", ""같았어요/달랐어요/새롭게 알았어요 고정 카드"", ""AI 분류·요약·채점""]",S1324-21,gutenberg.c2,comparisonCompleted(prediction)+bookPage8+growthReport,nuvia.age.elementary-high.v1,"{""resourceId"": ""잠긴 predictionSnapshot과 실제 역사 핵심 한 줄을 참조"", ""cognitiveAction"": ""자유 비교는 PASS 핵심 활동으로 중복 집계하지 않음"", ""allowedAnswerIds"": ""comparisonTag와 고정 비교 카드 폐기""}"
canonicalStage,W24-C2,elementary-high,이야기책과 성장 기록을 볼 수 있어요.,같은 결과 기록만 연결해요.,nuvia.semantic.v1_1_r2.w24-c2.elementary-high.artifact-link,gutenberg,gutenberg.c2,같은 결과의 이야기책·성장 리포트 연결,learner,nuvia.semantic.ref.w24-c2.object,notApplicable,notApplicable,reflection,notApplicable,viewBook|viewReport|print,같은 resultId·missionId·conditionId·버전의 실제 입력만 표시,"[""viewStoryBook"", ""viewGrowthReport"", ""print""]","[""다른 resultId·미션·조건·버전 혼입"", ""없는 값 소급 생성"", ""책7/8 입력 fallback""]",S1324-21,gutenberg.c2,storyBook8Pages+integratedGrowthReport,nuvia.age.elementary-high.v1,"{""resourceId"": ""새 응답 자원이 아니라 저장된 같은 resultId 레코드 연결"", ""changedAttribute"": ""이 단계에서 역사 조건을 다시 변경하지 않음"", ""cognitiveAction"": ""결과 열람·인쇄 연결 단계""}"
canonicalStage,W24-C2,middle-school,책을 볼 수 있는 사람이 제한된다면,실제 역사와 게임에서 바꿀 조건을 순서대로 확인해요.,nuvia.semantic.v1_1_r2.w24-c2.middle-school.condition-understanding,gutenberg,gutenberg.c2,실제 역사 확인 후 바뀐 조건 한 가지 이해,learner,nuvia.semantic.ref.w24-c2.object,nuvia.semantic.ref.w24-c2.resource,직접 접근할 수 있는 사람 범위,beforeAction,notApplicable,viewActualHistoryThenSelectCondition,실제 역사 FACT와 게임의 CHANGED_CONDITION을 서로 다른 표시·이벤트로 확인,"[""gutenberg.c2""]","[""gutenberg.c2.prohibitedClaims"", ""실제 역사와 바꾼 조건을 같은 사실로 표시"", ""다른 조건 fallback""]",S1324-21,gutenberg.c2,historyViewed+conditionSelected,nuvia.age.middle-school.v1,"{""cognitiveAction"": ""보기·조건 선택 단계이며 PASS 핵심 활동이 아님""}"
canonicalStage,W24-C2,middle-school,책을 직접 볼 수 있는 사람이 줄면 다음 모습은 어떻게 달라질까요?,다음 모습 한 가지를 선택하거나 직접 남겨요.,nuvia.semantic.v1_1_r2.w24-c2.middle-school.prediction,gutenberg,gutenberg.c2,결과 공개 전 다음 장면 한 가지 예측,learner,nuvia.semantic.ref.w24-c2.object,nuvia.semantic.ref.w24-c2.resource,직접 접근할 수 있는 사람 범위,possibleFuture,notApplicable,writing|voice|drawing|deferred|selection,변경 조건 이후의 가까운 다음 모습 한 가지; 정답·적중 점수 없음,"[""w24.c2.prediction.take-turns-if-allowed"", ""w24.c2.prediction.explore-sharing""]","[""gutenberg.c2.prohibitedClaims"", ""근거·반론·핵심 활동을 한 질문에 함께 요구"", ""결과 공개 후 수정"", ""예측을 실제 역사로 표시""]",notApplicable,gutenberg.c2,predictionSnapshot,nuvia.age.middle-school.v1,"{""cognitiveAction"": ""최초 예측은 PASS 핵심 활동으로 중복 집계하지 않음"", ""sourceFactId"": ""예측 내용은 역사 사실 주장이 아님; 승인 실제 사실은 조건 이해 단계에서 연결""}"
canonicalStage,W24-C2,middle-school,책을 함께 보려면 무엇부터 확인할까요?,함께 볼 조건을 확인할 행동의 우선순위를 정해요.,nuvia.semantic.v1_1_r2.w24-c2.middle-school.core-activity,gutenberg,gutenberg.c2,승인된 PASS 핵심 인지 활동 수행,learner,nuvia.semantic.ref.w24-c2.object,nuvia.semantic.ref.w24-c2.resource,직접 접근할 수 있는 사람 범위,duringAction,prioritizeActions,action.prioritizeActions.r2 payload 또는 activityDeferred,함께 볼 수 있는지 확인할 행동의 우선순위,"[""gutenberg.c2.goal.1"", ""gutenberg.c2.response.1"", ""gutenberg.c2.response.2"", ""gutenberg.c2.response.3"", ""gutenberg.c2.constraint.1"", ""gutenberg.c2.reason.1"", ""gutenberg.c2.reason.2""]","[""gutenberg.c2.prohibitedClaims"", ""활동 라벨을 나의 이야기로 저장"", ""입력하지 않은 계획·근거·태도·정확성 생성""]",S1324-21,gutenberg.c2,cognitiveActionRecorded 또는 activityDeferred,nuvia.age.middle-school.v1,{}
canonicalStage,W24-C2,middle-school,이 조건에서 달라질 수 있는 모습을 살펴봐요.,가능성 하나가 정답이라고 표시하지 않아요.,nuvia.semantic.v1_1_r2.w24-c2.middle-school.alternate-result,gutenberg,gutenberg.c2,변경 조건에서 가능한 결과 A/B 확인,learner,nuvia.semantic.ref.w24-c2.object,nuvia.semantic.ref.w24-c2.resource,직접 접근할 수 있는 사람 범위,immediateResult,notApplicable,viewLevel3PossibilityAOrB,실제 역사와 분리된 Level 3 가능성; 정답이 아님,"[""A"", ""B""]","[""gutenberg.c2.prohibitedClaims"", ""가능성 A/B를 사실·정답·적중 점수로 표시"", ""장기 결과 단정""]",notApplicable,gutenberg.c2,alternateViewed,nuvia.age.middle-school.v1,"{""cognitiveAction"": ""가능성 열람 단계"", ""sourceFactId"": ""가상 가능성은 출처가 확인하는 실제 사실이 아님""}"
canonicalStage,W24-C2,middle-school,나만의 이야기를 말·글·그림으로 남겨 봐요.,남기지 않아도 다른 기록으로 대신 채우지 않아요.,nuvia.semantic.v1_1_r2.w24-c2.middle-school.learner-story,gutenberg,gutenberg.c2,사용자가 직접 나만의 이야기 남기기,learner,nuvia.semantic.ref.w24-c2.object,notApplicable,직접 접근할 수 있는 사람 범위,reflection,notApplicable,writing|voice|drawing|mixed|deferred,사용자가 직접 남긴 말·글·그림 원문 또는 남기지 않음,notApplicable,"[""핵심 활동 라벨·예측·시스템 문구를 사용자 이야기로 복사"", ""사용자 입력이 없는데 이야기 생성"", ""AI 보완·요약·평가""]",notApplicable,gutenberg.c2,storyRecorded,nuvia.age.middle-school.v1,"{""resourceId"": ""말·글·그림 자유 표현이며 고정 역사 자원 선택이 아님"", ""cognitiveAction"": ""자유 창작은 PASS 핵심 활동으로 중복 집계하지 않음"", ""allowedAnswerIds"": ""자유 창작에 고정 답안 없음"", ""sourceFactId"": ""사용자 창작은 승인 역사 사실이 아님""}"
canonicalStage,W24-C2,middle-school,"실제 역사와 내가 만든 이야기를 비교해 보고, 가장 눈에 띈 점 하나를 남겨 보세요.",사용자 원문을 그대로 저장해요.,nuvia.semantic.v1_1_r2.w24-c2.middle-school.history-comparison,gutenberg,gutenberg.c2,실제 역사와 나의 역사 비교,learner,nuvia.semantic.ref.w24-c2.object,notApplicable,직접 접근할 수 있는 사람 범위,comparison,notApplicable,writing|voice|drawing|mixed|deferred,가장 눈에 띈 점 하나와 연령에 따라 선택적 근거; 사용자 원문,notApplicable,"[""같았어요/달랐어요/새롭게 알았어요 고정 카드"", ""prediction 비교 fallback"", ""AI 분류·요약·채점""]",S1324-21,gutenberg.c2,comparisonCompleted(history)+bookPage7+growthReport,nuvia.age.middle-school.v1,"{""resourceId"": ""실제 역사 요약과 사용자 이야기 참조이며 새 고정 답안 자원이 아님"", ""cognitiveAction"": ""자유 비교는 PASS 핵심 활동으로 중복 집계하지 않음"", ""allowedAnswerIds"": ""comparisonTag와 고정 비교 카드 폐기""}"
canonicalStage,W24-C2,middle-school,"처음 생각과 실제 역사를 비교해 보고, 가장 눈에 띈 점 하나를 남겨 보세요.",처음 예측은 바꾸지 않고 사용자 원문을 그대로 저장해요.,nuvia.semantic.v1_1_r2.w24-c2.middle-school.prediction-comparison,gutenberg,gutenberg.c2,최초 예측과 실제 역사 비교,learner,nuvia.semantic.ref.w24-c2.object,notApplicable,직접 접근할 수 있는 사람 범위,comparison,notApplicable,writing|voice|drawing|mixed|deferred,처음 생각과 실제 역사에서 눈에 띈 점 하나와 연령에 따라 선택적 근거; 사용자 원문,notApplicable,"[""history 비교 fallback"", ""최초 예측 사후 변경"", ""같았어요/달랐어요/새롭게 알았어요 고정 카드"", ""AI 분류·요약·채점""]",S1324-21,gutenberg.c2,comparisonCompleted(prediction)+bookPage8+growthReport,nuvia.age.middle-school.v1,"{""resourceId"": ""잠긴 predictionSnapshot과 실제 역사 핵심 한 줄을 참조"", ""cognitiveAction"": ""자유 비교는 PASS 핵심 활동으로 중복 집계하지 않음"", ""allowedAnswerIds"": ""comparisonTag와 고정 비교 카드 폐기""}"
canonicalStage,W24-C2,middle-school,이야기책과 성장 기록을 볼 수 있어요.,같은 결과 기록만 연결해요.,nuvia.semantic.v1_1_r2.w24-c2.middle-school.artifact-link,gutenberg,gutenberg.c2,같은 결과의 이야기책·성장 리포트 연결,learner,nuvia.semantic.ref.w24-c2.object,notApplicable,notApplicable,reflection,notApplicable,viewBook|viewReport|print,같은 resultId·missionId·conditionId·버전의 실제 입력만 표시,"[""viewStoryBook"", ""viewGrowthReport"", ""print""]","[""다른 resultId·미션·조건·버전 혼입"", ""없는 값 소급 생성"", ""책7/8 입력 fallback""]",S1324-21,gutenberg.c2,storyBook8Pages+integratedGrowthReport,nuvia.age.middle-school.v1,"{""resourceId"": ""새 응답 자원이 아니라 저장된 같은 resultId 레코드 연결"", ""changedAttribute"": ""이 단계에서 역사 조건을 다시 변경하지 않음"", ""cognitiveAction"": ""결과 열람·인쇄 연결 단계""}"
canonicalStage,W24-C2,high-school,책을 볼 수 있는 사람이 제한된다면,실제 역사와 게임에서 바꿀 조건을 순서대로 확인해요.,nuvia.semantic.v1_1_r2.w24-c2.high-school.condition-understanding,gutenberg,gutenberg.c2,실제 역사 확인 후 바뀐 조건 한 가지 이해,learner,nuvia.semantic.ref.w24-c2.object,nuvia.semantic.ref.w24-c2.resource,직접 접근할 수 있는 사람 범위,beforeAction,notApplicable,viewActualHistoryThenSelectCondition,실제 역사 FACT와 게임의 CHANGED_CONDITION을 서로 다른 표시·이벤트로 확인,"[""gutenberg.c2""]","[""gutenberg.c2.prohibitedClaims"", ""실제 역사와 바꾼 조건을 같은 사실로 표시"", ""다른 조건 fallback""]",S1324-21,gutenberg.c2,historyViewed+conditionSelected,nuvia.age.high-school.v1,"{""cognitiveAction"": ""보기·조건 선택 단계이며 PASS 핵심 활동이 아님""}"
canonicalStage,W24-C2,high-school,책을 직접 볼 수 있는 사람이 줄면 다음 모습은 어떻게 달라질까요?,다음 모습 한 가지를 선택하거나 직접 남겨요.,nuvia.semantic.v1_1_r2.w24-c2.high-school.prediction,gutenberg,gutenberg.c2,결과 공개 전 다음 장면 한 가지 예측,learner,nuvia.semantic.ref.w24-c2.object,nuvia.semantic.ref.w24-c2.resource,직접 접근할 수 있는 사람 범위,possibleFuture,notApplicable,writing|voice|drawing|deferred|selection,변경 조건 이후의 가까운 다음 모습 한 가지; 정답·적중 점수 없음,"[""w24.c2.prediction.take-turns-if-allowed"", ""w24.c2.prediction.explore-sharing""]","[""gutenberg.c2.prohibitedClaims"", ""근거·반론·핵심 활동을 한 질문에 함께 요구"", ""결과 공개 후 수정"", ""예측을 실제 역사로 표시""]",notApplicable,gutenberg.c2,predictionSnapshot,nuvia.age.high-school.v1,"{""cognitiveAction"": ""최초 예측은 PASS 핵심 활동으로 중복 집계하지 않음"", ""sourceFactId"": ""예측 내용은 역사 사실 주장이 아님; 승인 실제 사실은 조건 이해 단계에서 연결""}"
canonicalStage,W24-C2,high-school,책을 함께 보려면 무엇부터 확인할까요?,함께 볼 조건을 확인할 행동의 우선순위를 정해요.,nuvia.semantic.v1_1_r2.w24-c2.high-school.core-activity,gutenberg,gutenberg.c2,승인된 PASS 핵심 인지 활동 수행,learner,nuvia.semantic.ref.w24-c2.object,nuvia.semantic.ref.w24-c2.resource,직접 접근할 수 있는 사람 범위,duringAction,prioritizeActions,action.prioritizeActions.r2 payload 또는 activityDeferred,함께 볼 수 있는지 확인할 행동의 우선순위,"[""gutenberg.c2.goal.1"", ""gutenberg.c2.response.1"", ""gutenberg.c2.response.2"", ""gutenberg.c2.response.3"", ""gutenberg.c2.constraint.1"", ""gutenberg.c2.reason.1"", ""gutenberg.c2.reason.2""]","[""gutenberg.c2.prohibitedClaims"", ""활동 라벨을 나의 이야기로 저장"", ""입력하지 않은 계획·근거·태도·정확성 생성""]",S1324-21,gutenberg.c2,cognitiveActionRecorded 또는 activityDeferred,nuvia.age.high-school.v1,{}
canonicalStage,W24-C2,high-school,이 조건에서 달라질 수 있는 모습을 살펴봐요.,가능성 하나가 정답이라고 표시하지 않아요.,nuvia.semantic.v1_1_r2.w24-c2.high-school.alternate-result,gutenberg,gutenberg.c2,변경 조건에서 가능한 결과 A/B 확인,learner,nuvia.semantic.ref.w24-c2.object,nuvia.semantic.ref.w24-c2.resource,직접 접근할 수 있는 사람 범위,immediateResult,notApplicable,viewLevel3PossibilityAOrB,실제 역사와 분리된 Level 3 가능성; 정답이 아님,"[""A"", ""B""]","[""gutenberg.c2.prohibitedClaims"", ""가능성 A/B를 사실·정답·적중 점수로 표시"", ""장기 결과 단정""]",notApplicable,gutenberg.c2,alternateViewed,nuvia.age.high-school.v1,"{""cognitiveAction"": ""가능성 열람 단계"", ""sourceFactId"": ""가상 가능성은 출처가 확인하는 실제 사실이 아님""}"
canonicalStage,W24-C2,high-school,나만의 이야기를 말·글·그림으로 남겨 봐요.,남기지 않아도 다른 기록으로 대신 채우지 않아요.,nuvia.semantic.v1_1_r2.w24-c2.high-school.learner-story,gutenberg,gutenberg.c2,사용자가 직접 나만의 이야기 남기기,learner,nuvia.semantic.ref.w24-c2.object,notApplicable,직접 접근할 수 있는 사람 범위,reflection,notApplicable,writing|voice|drawing|mixed|deferred,사용자가 직접 남긴 말·글·그림 원문 또는 남기지 않음,notApplicable,"[""핵심 활동 라벨·예측·시스템 문구를 사용자 이야기로 복사"", ""사용자 입력이 없는데 이야기 생성"", ""AI 보완·요약·평가""]",notApplicable,gutenberg.c2,storyRecorded,nuvia.age.high-school.v1,"{""resourceId"": ""말·글·그림 자유 표현이며 고정 역사 자원 선택이 아님"", ""cognitiveAction"": ""자유 창작은 PASS 핵심 활동으로 중복 집계하지 않음"", ""allowedAnswerIds"": ""자유 창작에 고정 답안 없음"", ""sourceFactId"": ""사용자 창작은 승인 역사 사실이 아님""}"
canonicalStage,W24-C2,high-school,"실제 역사와 내가 만든 이야기를 비교해 보고, 가장 눈에 띈 점 하나를 남겨 보세요.",사용자 원문을 그대로 저장해요.,nuvia.semantic.v1_1_r2.w24-c2.high-school.history-comparison,gutenberg,gutenberg.c2,실제 역사와 나의 역사 비교,learner,nuvia.semantic.ref.w24-c2.object,notApplicable,직접 접근할 수 있는 사람 범위,comparison,notApplicable,writing|voice|drawing|mixed|deferred,가장 눈에 띈 점 하나와 연령에 따라 선택적 근거; 사용자 원문,notApplicable,"[""같았어요/달랐어요/새롭게 알았어요 고정 카드"", ""prediction 비교 fallback"", ""AI 분류·요약·채점""]",S1324-21,gutenberg.c2,comparisonCompleted(history)+bookPage7+growthReport,nuvia.age.high-school.v1,"{""resourceId"": ""실제 역사 요약과 사용자 이야기 참조이며 새 고정 답안 자원이 아님"", ""cognitiveAction"": ""자유 비교는 PASS 핵심 활동으로 중복 집계하지 않음"", ""allowedAnswerIds"": ""comparisonTag와 고정 비교 카드 폐기""}"
canonicalStage,W24-C2,high-school,"처음 생각과 실제 역사를 비교해 보고, 가장 눈에 띈 점 하나를 남겨 보세요.",처음 예측은 바꾸지 않고 사용자 원문을 그대로 저장해요.,nuvia.semantic.v1_1_r2.w24-c2.high-school.prediction-comparison,gutenberg,gutenberg.c2,최초 예측과 실제 역사 비교,learner,nuvia.semantic.ref.w24-c2.object,notApplicable,직접 접근할 수 있는 사람 범위,comparison,notApplicable,writing|voice|drawing|mixed|deferred,처음 생각과 실제 역사에서 눈에 띈 점 하나와 연령에 따라 선택적 근거; 사용자 원문,notApplicable,"[""history 비교 fallback"", ""최초 예측 사후 변경"", ""같았어요/달랐어요/새롭게 알았어요 고정 카드"", ""AI 분류·요약·채점""]",S1324-21,gutenberg.c2,comparisonCompleted(prediction)+bookPage8+growthReport,nuvia.age.high-school.v1,"{""resourceId"": ""잠긴 predictionSnapshot과 실제 역사 핵심 한 줄을 참조"", ""cognitiveAction"": ""자유 비교는 PASS 핵심 활동으로 중복 집계하지 않음"", ""allowedAnswerIds"": ""comparisonTag와 고정 비교 카드 폐기""}"
canonicalStage,W24-C2,high-school,이야기책과 성장 기록을 볼 수 있어요.,같은 결과 기록만 연결해요.,nuvia.semantic.v1_1_r2.w24-c2.high-school.artifact-link,gutenberg,gutenberg.c2,같은 결과의 이야기책·성장 리포트 연결,learner,nuvia.semantic.ref.w24-c2.object,notApplicable,notApplicable,reflection,notApplicable,viewBook|viewReport|print,같은 resultId·missionId·conditionId·버전의 실제 입력만 표시,"[""viewStoryBook"", ""viewGrowthReport"", ""print""]","[""다른 resultId·미션·조건·버전 혼입"", ""없는 값 소급 생성"", ""책7/8 입력 fallback""]",S1324-21,gutenberg.c2,storyBook8Pages+integratedGrowthReport,nuvia.age.high-school.v1,"{""resourceId"": ""새 응답 자원이 아니라 저장된 같은 resultId 레코드 연결"", ""changedAttribute"": ""이 단계에서 역사 조건을 다시 변경하지 않음"", ""cognitiveAction"": ""결과 열람·인쇄 연결 단계""}"
canonicalStage,W24-C2,adult,책을 볼 수 있는 사람이 제한된다면,실제 역사와 게임에서 바꿀 조건을 순서대로 확인해요.,nuvia.semantic.v1_1_r2.w24-c2.adult.condition-understanding,gutenberg,gutenberg.c2,실제 역사 확인 후 바뀐 조건 한 가지 이해,learner,nuvia.semantic.ref.w24-c2.object,nuvia.semantic.ref.w24-c2.resource,직접 접근할 수 있는 사람 범위,beforeAction,notApplicable,viewActualHistoryThenSelectCondition,실제 역사 FACT와 게임의 CHANGED_CONDITION을 서로 다른 표시·이벤트로 확인,"[""gutenberg.c2""]","[""gutenberg.c2.prohibitedClaims"", ""실제 역사와 바꾼 조건을 같은 사실로 표시"", ""다른 조건 fallback""]",S1324-21,gutenberg.c2,historyViewed+conditionSelected,nuvia.age.adult.v1,"{""cognitiveAction"": ""보기·조건 선택 단계이며 PASS 핵심 활동이 아님""}"
canonicalStage,W24-C2,adult,책을 직접 볼 수 있는 사람이 줄면 다음 모습은 어떻게 달라질까요?,다음 모습 한 가지를 선택하거나 직접 남겨요.,nuvia.semantic.v1_1_r2.w24-c2.adult.prediction,gutenberg,gutenberg.c2,결과 공개 전 다음 장면 한 가지 예측,learner,nuvia.semantic.ref.w24-c2.object,nuvia.semantic.ref.w24-c2.resource,직접 접근할 수 있는 사람 범위,possibleFuture,notApplicable,writing|voice|drawing|deferred|selection,변경 조건 이후의 가까운 다음 모습 한 가지; 정답·적중 점수 없음,"[""w24.c2.prediction.take-turns-if-allowed"", ""w24.c2.prediction.explore-sharing""]","[""gutenberg.c2.prohibitedClaims"", ""근거·반론·핵심 활동을 한 질문에 함께 요구"", ""결과 공개 후 수정"", ""예측을 실제 역사로 표시""]",notApplicable,gutenberg.c2,predictionSnapshot,nuvia.age.adult.v1,"{""cognitiveAction"": ""최초 예측은 PASS 핵심 활동으로 중복 집계하지 않음"", ""sourceFactId"": ""예측 내용은 역사 사실 주장이 아님; 승인 실제 사실은 조건 이해 단계에서 연결""}"
canonicalStage,W24-C2,adult,책을 함께 보려면 무엇부터 확인할까요?,함께 볼 조건을 확인할 행동의 우선순위를 정해요.,nuvia.semantic.v1_1_r2.w24-c2.adult.core-activity,gutenberg,gutenberg.c2,승인된 PASS 핵심 인지 활동 수행,learner,nuvia.semantic.ref.w24-c2.object,nuvia.semantic.ref.w24-c2.resource,직접 접근할 수 있는 사람 범위,duringAction,prioritizeActions,action.prioritizeActions.r2 payload 또는 activityDeferred,함께 볼 수 있는지 확인할 행동의 우선순위,"[""gutenberg.c2.goal.1"", ""gutenberg.c2.response.1"", ""gutenberg.c2.response.2"", ""gutenberg.c2.response.3"", ""gutenberg.c2.constraint.1"", ""gutenberg.c2.reason.1"", ""gutenberg.c2.reason.2""]","[""gutenberg.c2.prohibitedClaims"", ""활동 라벨을 나의 이야기로 저장"", ""입력하지 않은 계획·근거·태도·정확성 생성""]",S1324-21,gutenberg.c2,cognitiveActionRecorded 또는 activityDeferred,nuvia.age.adult.v1,{}
canonicalStage,W24-C2,adult,이 조건에서 달라질 수 있는 모습을 살펴봐요.,가능성 하나가 정답이라고 표시하지 않아요.,nuvia.semantic.v1_1_r2.w24-c2.adult.alternate-result,gutenberg,gutenberg.c2,변경 조건에서 가능한 결과 A/B 확인,learner,nuvia.semantic.ref.w24-c2.object,nuvia.semantic.ref.w24-c2.resource,직접 접근할 수 있는 사람 범위,immediateResult,notApplicable,viewLevel3PossibilityAOrB,실제 역사와 분리된 Level 3 가능성; 정답이 아님,"[""A"", ""B""]","[""gutenberg.c2.prohibitedClaims"", ""가능성 A/B를 사실·정답·적중 점수로 표시"", ""장기 결과 단정""]",notApplicable,gutenberg.c2,alternateViewed,nuvia.age.adult.v1,"{""cognitiveAction"": ""가능성 열람 단계"", ""sourceFactId"": ""가상 가능성은 출처가 확인하는 실제 사실이 아님""}"
canonicalStage,W24-C2,adult,나만의 이야기를 말·글·그림으로 남겨 봐요.,남기지 않아도 다른 기록으로 대신 채우지 않아요.,nuvia.semantic.v1_1_r2.w24-c2.adult.learner-story,gutenberg,gutenberg.c2,사용자가 직접 나만의 이야기 남기기,learner,nuvia.semantic.ref.w24-c2.object,notApplicable,직접 접근할 수 있는 사람 범위,reflection,notApplicable,writing|voice|drawing|mixed|deferred,사용자가 직접 남긴 말·글·그림 원문 또는 남기지 않음,notApplicable,"[""핵심 활동 라벨·예측·시스템 문구를 사용자 이야기로 복사"", ""사용자 입력이 없는데 이야기 생성"", ""AI 보완·요약·평가""]",notApplicable,gutenberg.c2,storyRecorded,nuvia.age.adult.v1,"{""resourceId"": ""말·글·그림 자유 표현이며 고정 역사 자원 선택이 아님"", ""cognitiveAction"": ""자유 창작은 PASS 핵심 활동으로 중복 집계하지 않음"", ""allowedAnswerIds"": ""자유 창작에 고정 답안 없음"", ""sourceFactId"": ""사용자 창작은 승인 역사 사실이 아님""}"
canonicalStage,W24-C2,adult,"실제 역사와 내가 만든 이야기를 비교해 보고, 가장 눈에 띈 점 하나를 남겨 보세요.",사용자 원문을 그대로 저장해요.,nuvia.semantic.v1_1_r2.w24-c2.adult.history-comparison,gutenberg,gutenberg.c2,실제 역사와 나의 역사 비교,learner,nuvia.semantic.ref.w24-c2.object,notApplicable,직접 접근할 수 있는 사람 범위,comparison,notApplicable,writing|voice|drawing|mixed|deferred,가장 눈에 띈 점 하나와 연령에 따라 선택적 근거; 사용자 원문,notApplicable,"[""같았어요/달랐어요/새롭게 알았어요 고정 카드"", ""prediction 비교 fallback"", ""AI 분류·요약·채점""]",S1324-21,gutenberg.c2,comparisonCompleted(history)+bookPage7+growthReport,nuvia.age.adult.v1,"{""resourceId"": ""실제 역사 요약과 사용자 이야기 참조이며 새 고정 답안 자원이 아님"", ""cognitiveAction"": ""자유 비교는 PASS 핵심 활동으로 중복 집계하지 않음"", ""allowedAnswerIds"": ""comparisonTag와 고정 비교 카드 폐기""}"
canonicalStage,W24-C2,adult,"처음 생각과 실제 역사를 비교해 보고, 가장 눈에 띈 점 하나를 남겨 보세요.",처음 예측은 바꾸지 않고 사용자 원문을 그대로 저장해요.,nuvia.semantic.v1_1_r2.w24-c2.adult.prediction-comparison,gutenberg,gutenberg.c2,최초 예측과 실제 역사 비교,learner,nuvia.semantic.ref.w24-c2.object,notApplicable,직접 접근할 수 있는 사람 범위,comparison,notApplicable,writing|voice|drawing|mixed|deferred,처음 생각과 실제 역사에서 눈에 띈 점 하나와 연령에 따라 선택적 근거; 사용자 원문,notApplicable,"[""history 비교 fallback"", ""최초 예측 사후 변경"", ""같았어요/달랐어요/새롭게 알았어요 고정 카드"", ""AI 분류·요약·채점""]",S1324-21,gutenberg.c2,comparisonCompleted(prediction)+bookPage8+growthReport,nuvia.age.adult.v1,"{""resourceId"": ""잠긴 predictionSnapshot과 실제 역사 핵심 한 줄을 참조"", ""cognitiveAction"": ""자유 비교는 PASS 핵심 활동으로 중복 집계하지 않음"", ""allowedAnswerIds"": ""comparisonTag와 고정 비교 카드 폐기""}"
canonicalStage,W24-C2,adult,이야기책과 성장 기록을 볼 수 있어요.,같은 결과 기록만 연결해요.,nuvia.semantic.v1_1_r2.w24-c2.adult.artifact-link,gutenberg,gutenberg.c2,같은 결과의 이야기책·성장 리포트 연결,learner,nuvia.semantic.ref.w24-c2.object,notApplicable,notApplicable,reflection,notApplicable,viewBook|viewReport|print,같은 resultId·missionId·conditionId·버전의 실제 입력만 표시,"[""viewStoryBook"", ""viewGrowthReport"", ""print""]","[""다른 resultId·미션·조건·버전 혼입"", ""없는 값 소급 생성"", ""책7/8 입력 fallback""]",S1324-21,gutenberg.c2,storyBook8Pages+integratedGrowthReport,nuvia.age.adult.v1,"{""resourceId"": ""새 응답 자원이 아니라 저장된 같은 resultId 레코드 연결"", ""changedAttribute"": ""이 단계에서 역사 조건을 다시 변경하지 않음"", ""cognitiveAction"": ""결과 열람·인쇄 연결 단계""}"
canonicalStage,W01-C1,preschool,곡물을 보관할 공간 한 곳이 작아진다면,실제 역사와 게임에서 바꿀 조건을 순서대로 확인해요.,nuvia.semantic.v1_1_r2.w01-c1.preschool.condition-understanding,nuvia.history.agriculture-settlement,nuvia.history.agriculture-settlement.c1,실제 역사 확인 후 바뀐 조건 한 가지 이해,learner,nuvia.semantic.ref.w01-c1.object,nuvia.semantic.ref.w01-c1.resource,저장 공간의 크기,beforeAction,notApplicable,viewActualHistoryThenSelectCondition,실제 역사 FACT와 게임의 CHANGED_CONDITION을 서로 다른 표시·이벤트로 확인,"[""nuvia.history.agriculture-settlement.c1""]","[""nuvia.history.agriculture-settlement.c1.prohibitedClaims"", ""실제 역사와 바꾼 조건을 같은 사실로 표시"", ""다른 조건 fallback""]",S01,nuvia.history.agriculture-settlement.c1,historyViewed+conditionSelected,nuvia.age.preschool.v1,"{""cognitiveAction"": ""보기·조건 선택 단계이며 PASS 핵심 활동이 아님""}"
canonicalStage,W01-C1,preschool,곡물 둘 자리가 작아지면 다음 모습은 어떨까요?,다음 모습을 말하거나 그려 봐요.,nuvia.semantic.v1_1_r2.w01-c1.preschool.prediction,nuvia.history.agriculture-settlement,nuvia.history.agriculture-settlement.c1,결과 공개 전 다음 장면 한 가지 예측,learner,nuvia.semantic.ref.w01-c1.object,nuvia.semantic.ref.w01-c1.resource,저장 공간의 크기,possibleFuture,notApplicable,voice|drawing|deferred,변경 조건 이후의 가까운 다음 모습 한 가지; 정답·적중 점수 없음,notApplicable,"[""nuvia.history.agriculture-settlement.c1.prohibitedClaims"", ""근거·반론·핵심 활동을 한 질문에 함께 요구"", ""결과 공개 후 수정"", ""예측을 실제 역사로 표시""]",notApplicable,nuvia.history.agriculture-settlement.c1,predictionSnapshot,nuvia.age.preschool.v1,"{""cognitiveAction"": ""최초 예측은 PASS 핵심 활동으로 중복 집계하지 않음"", ""allowedAnswerIds"": ""자유 말·글·그림·보류 응답이며 고정 정답 ID를 만들지 않음"", ""sourceFactId"": ""예측 내용은 역사 사실 주장이 아님; 승인 실제 사실은 조건 이해 단계에서 연결""}"
canonicalStage,W01-C1,preschool,작아진 자리에 둘 곡물과 자리를 이어 볼까요?,그림 두 개를 이어 봐요.,nuvia.semantic.v1_1_r2.w01-c1.preschool.core-activity,nuvia.history.agriculture-settlement,nuvia.history.agriculture-settlement.c1,승인된 PASS 핵심 인지 활동 수행,learner,nuvia.semantic.ref.w01-c1.object,nuvia.semantic.ref.w01-c1.resource,저장 공간의 크기,duringAction,mapRelation,action.mapRelation.r2 payload 또는 activityDeferred,제공된 곡물과 같은 저장 공간의 관계 연결,"[""nuvia.history.agriculture-settlement.c1.node.1"", ""nuvia.history.agriculture-settlement.c1.node.2"", ""nuvia.history.agriculture-settlement.c1.meaning.1"", ""nuvia.history.agriculture-settlement.c1.meaning.2"", ""nuvia.history.agriculture-settlement.c1.reason.1"", ""nuvia.history.agriculture-settlement.c1.reason.2""]","[""nuvia.history.agriculture-settlement.c1.prohibitedClaims"", ""활동 라벨을 나의 이야기로 저장"", ""입력하지 않은 계획·근거·태도·정확성 생성""]",S01,nuvia.history.agriculture-settlement.c1,cognitiveActionRecorded 또는 activityDeferred,nuvia.age.preschool.v1,{}
canonicalStage,W01-C1,preschool,이 조건에서 달라질 수 있는 모습을 살펴봐요.,가능성 하나가 정답이라고 표시하지 않아요.,nuvia.semantic.v1_1_r2.w01-c1.preschool.alternate-result,nuvia.history.agriculture-settlement,nuvia.history.agriculture-settlement.c1,변경 조건에서 가능한 결과 A/B 확인,learner,nuvia.semantic.ref.w01-c1.object,nuvia.semantic.ref.w01-c1.resource,저장 공간의 크기,immediateResult,notApplicable,viewLevel3PossibilityAOrB,실제 역사와 분리된 Level 3 가능성; 정답이 아님,"[""A"", ""B""]","[""nuvia.history.agriculture-settlement.c1.prohibitedClaims"", ""가능성 A/B를 사실·정답·적중 점수로 표시"", ""장기 결과 단정""]",notApplicable,nuvia.history.agriculture-settlement.c1,alternateViewed,nuvia.age.preschool.v1,"{""cognitiveAction"": ""가능성 열람 단계"", ""sourceFactId"": ""가상 가능성은 출처가 확인하는 실제 사실이 아님""}"
canonicalStage,W01-C1,preschool,나만의 이야기를 말·글·그림으로 남겨 봐요.,남기지 않아도 다른 기록으로 대신 채우지 않아요.,nuvia.semantic.v1_1_r2.w01-c1.preschool.learner-story,nuvia.history.agriculture-settlement,nuvia.history.agriculture-settlement.c1,사용자가 직접 나만의 이야기 남기기,learner,nuvia.semantic.ref.w01-c1.object,notApplicable,저장 공간의 크기,reflection,notApplicable,writing|voice|drawing|mixed|deferred,사용자가 직접 남긴 말·글·그림 원문 또는 남기지 않음,notApplicable,"[""핵심 활동 라벨·예측·시스템 문구를 사용자 이야기로 복사"", ""사용자 입력이 없는데 이야기 생성"", ""AI 보완·요약·평가""]",notApplicable,nuvia.history.agriculture-settlement.c1,storyRecorded,nuvia.age.preschool.v1,"{""resourceId"": ""말·글·그림 자유 표현이며 고정 역사 자원 선택이 아님"", ""cognitiveAction"": ""자유 창작은 PASS 핵심 활동으로 중복 집계하지 않음"", ""allowedAnswerIds"": ""자유 창작에 고정 답안 없음"", ""sourceFactId"": ""사용자 창작은 승인 역사 사실이 아님""}"
canonicalStage,W01-C1,preschool,"실제 역사와 내가 만든 이야기를 비교해 보고, 가장 눈에 띈 점 하나를 남겨 보세요.",사용자 원문을 그대로 저장해요.,nuvia.semantic.v1_1_r2.w01-c1.preschool.history-comparison,nuvia.history.agriculture-settlement,nuvia.history.agriculture-settlement.c1,실제 역사와 나의 역사 비교,learner,nuvia.semantic.ref.w01-c1.object,notApplicable,저장 공간의 크기,comparison,notApplicable,writing|voice|drawing|mixed|deferred,가장 눈에 띈 점 하나와 연령에 따라 선택적 근거; 사용자 원문,notApplicable,"[""같았어요/달랐어요/새롭게 알았어요 고정 카드"", ""prediction 비교 fallback"", ""AI 분류·요약·채점""]",S01,nuvia.history.agriculture-settlement.c1,comparisonCompleted(history)+bookPage7+growthReport,nuvia.age.preschool.v1,"{""resourceId"": ""실제 역사 요약과 사용자 이야기 참조이며 새 고정 답안 자원이 아님"", ""cognitiveAction"": ""자유 비교는 PASS 핵심 활동으로 중복 집계하지 않음"", ""allowedAnswerIds"": ""comparisonTag와 고정 비교 카드 폐기""}"
canonicalStage,W01-C1,preschool,"처음 생각과 실제 역사를 비교해 보고, 가장 눈에 띈 점 하나를 남겨 보세요.",처음 예측은 바꾸지 않고 사용자 원문을 그대로 저장해요.,nuvia.semantic.v1_1_r2.w01-c1.preschool.prediction-comparison,nuvia.history.agriculture-settlement,nuvia.history.agriculture-settlement.c1,최초 예측과 실제 역사 비교,learner,nuvia.semantic.ref.w01-c1.object,notApplicable,저장 공간의 크기,comparison,notApplicable,writing|voice|drawing|mixed|deferred,처음 생각과 실제 역사에서 눈에 띈 점 하나와 연령에 따라 선택적 근거; 사용자 원문,notApplicable,"[""history 비교 fallback"", ""최초 예측 사후 변경"", ""같았어요/달랐어요/새롭게 알았어요 고정 카드"", ""AI 분류·요약·채점""]",S01,nuvia.history.agriculture-settlement.c1,comparisonCompleted(prediction)+bookPage8+growthReport,nuvia.age.preschool.v1,"{""resourceId"": ""잠긴 predictionSnapshot과 실제 역사 핵심 한 줄을 참조"", ""cognitiveAction"": ""자유 비교는 PASS 핵심 활동으로 중복 집계하지 않음"", ""allowedAnswerIds"": ""comparisonTag와 고정 비교 카드 폐기""}"
canonicalStage,W01-C1,preschool,이야기책과 성장 기록을 볼 수 있어요.,같은 결과 기록만 연결해요.,nuvia.semantic.v1_1_r2.w01-c1.preschool.artifact-link,nuvia.history.agriculture-settlement,nuvia.history.agriculture-settlement.c1,같은 결과의 이야기책·성장 리포트 연결,learner,nuvia.semantic.ref.w01-c1.object,notApplicable,notApplicable,reflection,notApplicable,viewBook|viewReport|print,같은 resultId·missionId·conditionId·버전의 실제 입력만 표시,"[""viewStoryBook"", ""viewGrowthReport"", ""print""]","[""다른 resultId·미션·조건·버전 혼입"", ""없는 값 소급 생성"", ""책7/8 입력 fallback""]",S01,nuvia.history.agriculture-settlement.c1,storyBook8Pages+integratedGrowthReport,nuvia.age.preschool.v1,"{""resourceId"": ""새 응답 자원이 아니라 저장된 같은 resultId 레코드 연결"", ""changedAttribute"": ""이 단계에서 역사 조건을 다시 변경하지 않음"", ""cognitiveAction"": ""결과 열람·인쇄 연결 단계""}"
canonicalStage,W01-C1,elementary-low,곡물을 보관할 공간 한 곳이 작아진다면,실제 역사와 게임에서 바꿀 조건을 순서대로 확인해요.,nuvia.semantic.v1_1_r2.w01-c1.elementary-low.condition-understanding,nuvia.history.agriculture-settlement,nuvia.history.agriculture-settlement.c1,실제 역사 확인 후 바뀐 조건 한 가지 이해,learner,nuvia.semantic.ref.w01-c1.object,nuvia.semantic.ref.w01-c1.resource,저장 공간의 크기,beforeAction,notApplicable,viewActualHistoryThenSelectCondition,실제 역사 FACT와 게임의 CHANGED_CONDITION을 서로 다른 표시·이벤트로 확인,"[""nuvia.history.agriculture-settlement.c1""]","[""nuvia.history.agriculture-settlement.c1.prohibitedClaims"", ""실제 역사와 바꾼 조건을 같은 사실로 표시"", ""다른 조건 fallback""]",S01,nuvia.history.agriculture-settlement.c1,historyViewed+conditionSelected,nuvia.age.elementary-low.v1,"{""cognitiveAction"": ""보기·조건 선택 단계이며 PASS 핵심 활동이 아님""}"
canonicalStage,W01-C1,elementary-low,곡물 둘 자리가 작아지면 다음 모습은 어떨까요?,다음 모습을 한 가지 남겨 봐요.,nuvia.semantic.v1_1_r2.w01-c1.elementary-low.prediction,nuvia.history.agriculture-settlement,nuvia.history.agriculture-settlement.c1,결과 공개 전 다음 장면 한 가지 예측,learner,nuvia.semantic.ref.w01-c1.object,nuvia.semantic.ref.w01-c1.resource,저장 공간의 크기,possibleFuture,notApplicable,voice|drawing|writing|deferred,변경 조건 이후의 가까운 다음 모습 한 가지; 정답·적중 점수 없음,notApplicable,"[""nuvia.history.agriculture-settlement.c1.prohibitedClaims"", ""근거·반론·핵심 활동을 한 질문에 함께 요구"", ""결과 공개 후 수정"", ""예측을 실제 역사로 표시""]",notApplicable,nuvia.history.agriculture-settlement.c1,predictionSnapshot,nuvia.age.elementary-low.v1,"{""cognitiveAction"": ""최초 예측은 PASS 핵심 활동으로 중복 집계하지 않음"", ""allowedAnswerIds"": ""자유 말·글·그림·보류 응답이며 고정 정답 ID를 만들지 않음"", ""sourceFactId"": ""예측 내용은 역사 사실 주장이 아님; 승인 실제 사실은 조건 이해 단계에서 연결""}"
canonicalStage,W01-C1,elementary-low,작아진 자리에 둘 곡물과 자리를 이어 볼까요?,서로 관련된 것을 이어 봐요.,nuvia.semantic.v1_1_r2.w01-c1.elementary-low.core-activity,nuvia.history.agriculture-settlement,nuvia.history.agriculture-settlement.c1,승인된 PASS 핵심 인지 활동 수행,learner,nuvia.semantic.ref.w01-c1.object,nuvia.semantic.ref.w01-c1.resource,저장 공간의 크기,duringAction,mapRelation,action.mapRelation.r2 payload 또는 activityDeferred,제공된 곡물과 같은 저장 공간의 관계 연결,"[""nuvia.history.agriculture-settlement.c1.node.1"", ""nuvia.history.agriculture-settlement.c1.node.2"", ""nuvia.history.agriculture-settlement.c1.meaning.1"", ""nuvia.history.agriculture-settlement.c1.meaning.2"", ""nuvia.history.agriculture-settlement.c1.reason.1"", ""nuvia.history.agriculture-settlement.c1.reason.2""]","[""nuvia.history.agriculture-settlement.c1.prohibitedClaims"", ""활동 라벨을 나의 이야기로 저장"", ""입력하지 않은 계획·근거·태도·정확성 생성""]",S01,nuvia.history.agriculture-settlement.c1,cognitiveActionRecorded 또는 activityDeferred,nuvia.age.elementary-low.v1,{}
canonicalStage,W01-C1,elementary-low,이 조건에서 달라질 수 있는 모습을 살펴봐요.,가능성 하나가 정답이라고 표시하지 않아요.,nuvia.semantic.v1_1_r2.w01-c1.elementary-low.alternate-result,nuvia.history.agriculture-settlement,nuvia.history.agriculture-settlement.c1,변경 조건에서 가능한 결과 A/B 확인,learner,nuvia.semantic.ref.w01-c1.object,nuvia.semantic.ref.w01-c1.resource,저장 공간의 크기,immediateResult,notApplicable,viewLevel3PossibilityAOrB,실제 역사와 분리된 Level 3 가능성; 정답이 아님,"[""A"", ""B""]","[""nuvia.history.agriculture-settlement.c1.prohibitedClaims"", ""가능성 A/B를 사실·정답·적중 점수로 표시"", ""장기 결과 단정""]",notApplicable,nuvia.history.agriculture-settlement.c1,alternateViewed,nuvia.age.elementary-low.v1,"{""cognitiveAction"": ""가능성 열람 단계"", ""sourceFactId"": ""가상 가능성은 출처가 확인하는 실제 사실이 아님""}"
canonicalStage,W01-C1,elementary-low,나만의 이야기를 말·글·그림으로 남겨 봐요.,남기지 않아도 다른 기록으로 대신 채우지 않아요.,nuvia.semantic.v1_1_r2.w01-c1.elementary-low.learner-story,nuvia.history.agriculture-settlement,nuvia.history.agriculture-settlement.c1,사용자가 직접 나만의 이야기 남기기,learner,nuvia.semantic.ref.w01-c1.object,notApplicable,저장 공간의 크기,reflection,notApplicable,writing|voice|drawing|mixed|deferred,사용자가 직접 남긴 말·글·그림 원문 또는 남기지 않음,notApplicable,"[""핵심 활동 라벨·예측·시스템 문구를 사용자 이야기로 복사"", ""사용자 입력이 없는데 이야기 생성"", ""AI 보완·요약·평가""]",notApplicable,nuvia.history.agriculture-settlement.c1,storyRecorded,nuvia.age.elementary-low.v1,"{""resourceId"": ""말·글·그림 자유 표현이며 고정 역사 자원 선택이 아님"", ""cognitiveAction"": ""자유 창작은 PASS 핵심 활동으로 중복 집계하지 않음"", ""allowedAnswerIds"": ""자유 창작에 고정 답안 없음"", ""sourceFactId"": ""사용자 창작은 승인 역사 사실이 아님""}"
canonicalStage,W01-C1,elementary-low,"실제 역사와 내가 만든 이야기를 비교해 보고, 가장 눈에 띈 점 하나를 남겨 보세요.",사용자 원문을 그대로 저장해요.,nuvia.semantic.v1_1_r2.w01-c1.elementary-low.history-comparison,nuvia.history.agriculture-settlement,nuvia.history.agriculture-settlement.c1,실제 역사와 나의 역사 비교,learner,nuvia.semantic.ref.w01-c1.object,notApplicable,저장 공간의 크기,comparison,notApplicable,writing|voice|drawing|mixed|deferred,가장 눈에 띈 점 하나와 연령에 따라 선택적 근거; 사용자 원문,notApplicable,"[""같았어요/달랐어요/새롭게 알았어요 고정 카드"", ""prediction 비교 fallback"", ""AI 분류·요약·채점""]",S01,nuvia.history.agriculture-settlement.c1,comparisonCompleted(history)+bookPage7+growthReport,nuvia.age.elementary-low.v1,"{""resourceId"": ""실제 역사 요약과 사용자 이야기 참조이며 새 고정 답안 자원이 아님"", ""cognitiveAction"": ""자유 비교는 PASS 핵심 활동으로 중복 집계하지 않음"", ""allowedAnswerIds"": ""comparisonTag와 고정 비교 카드 폐기""}"
canonicalStage,W01-C1,elementary-low,"처음 생각과 실제 역사를 비교해 보고, 가장 눈에 띈 점 하나를 남겨 보세요.",처음 예측은 바꾸지 않고 사용자 원문을 그대로 저장해요.,nuvia.semantic.v1_1_r2.w01-c1.elementary-low.prediction-comparison,nuvia.history.agriculture-settlement,nuvia.history.agriculture-settlement.c1,최초 예측과 실제 역사 비교,learner,nuvia.semantic.ref.w01-c1.object,notApplicable,저장 공간의 크기,comparison,notApplicable,writing|voice|drawing|mixed|deferred,처음 생각과 실제 역사에서 눈에 띈 점 하나와 연령에 따라 선택적 근거; 사용자 원문,notApplicable,"[""history 비교 fallback"", ""최초 예측 사후 변경"", ""같았어요/달랐어요/새롭게 알았어요 고정 카드"", ""AI 분류·요약·채점""]",S01,nuvia.history.agriculture-settlement.c1,comparisonCompleted(prediction)+bookPage8+growthReport,nuvia.age.elementary-low.v1,"{""resourceId"": ""잠긴 predictionSnapshot과 실제 역사 핵심 한 줄을 참조"", ""cognitiveAction"": ""자유 비교는 PASS 핵심 활동으로 중복 집계하지 않음"", ""allowedAnswerIds"": ""comparisonTag와 고정 비교 카드 폐기""}"
canonicalStage,W01-C1,elementary-low,이야기책과 성장 기록을 볼 수 있어요.,같은 결과 기록만 연결해요.,nuvia.semantic.v1_1_r2.w01-c1.elementary-low.artifact-link,nuvia.history.agriculture-settlement,nuvia.history.agriculture-settlement.c1,같은 결과의 이야기책·성장 리포트 연결,learner,nuvia.semantic.ref.w01-c1.object,notApplicable,notApplicable,reflection,notApplicable,viewBook|viewReport|print,같은 resultId·missionId·conditionId·버전의 실제 입력만 표시,"[""viewStoryBook"", ""viewGrowthReport"", ""print""]","[""다른 resultId·미션·조건·버전 혼입"", ""없는 값 소급 생성"", ""책7/8 입력 fallback""]",S01,nuvia.history.agriculture-settlement.c1,storyBook8Pages+integratedGrowthReport,nuvia.age.elementary-low.v1,"{""resourceId"": ""새 응답 자원이 아니라 저장된 같은 resultId 레코드 연결"", ""changedAttribute"": ""이 단계에서 역사 조건을 다시 변경하지 않음"", ""cognitiveAction"": ""결과 열람·인쇄 연결 단계""}"
canonicalStage,W01-C1,elementary-high,곡물을 보관할 공간 한 곳이 작아진다면,실제 역사와 게임에서 바꿀 조건을 순서대로 확인해요.,nuvia.semantic.v1_1_r2.w01-c1.elementary-high.condition-understanding,nuvia.history.agriculture-settlement,nuvia.history.agriculture-settlement.c1,실제 역사 확인 후 바뀐 조건 한 가지 이해,learner,nuvia.semantic.ref.w01-c1.object,nuvia.semantic.ref.w01-c1.resource,저장 공간의 크기,beforeAction,notApplicable,viewActualHistoryThenSelectCondition,실제 역사 FACT와 게임의 CHANGED_CONDITION을 서로 다른 표시·이벤트로 확인,"[""nuvia.history.agriculture-settlement.c1""]","[""nuvia.history.agriculture-settlement.c1.prohibitedClaims"", ""실제 역사와 바꾼 조건을 같은 사실로 표시"", ""다른 조건 fallback""]",S01,nuvia.history.agriculture-settlement.c1,historyViewed+conditionSelected,nuvia.age.elementary-high.v1,"{""cognitiveAction"": ""보기·조건 선택 단계이며 PASS 핵심 활동이 아님""}"
canonicalStage,W01-C1,elementary-high,저장 공간 한 곳이 작아지면 곡물을 둔 모습은 어떻게 달라질까요?,바로 다음 모습을 한 가지 예상해요.,nuvia.semantic.v1_1_r2.w01-c1.elementary-high.prediction,nuvia.history.agriculture-settlement,nuvia.history.agriculture-settlement.c1,결과 공개 전 다음 장면 한 가지 예측,learner,nuvia.semantic.ref.w01-c1.object,nuvia.semantic.ref.w01-c1.resource,저장 공간의 크기,possibleFuture,notApplicable,writing|voice|drawing|deferred,변경 조건 이후의 가까운 다음 모습 한 가지; 정답·적중 점수 없음,notApplicable,"[""nuvia.history.agriculture-settlement.c1.prohibitedClaims"", ""근거·반론·핵심 활동을 한 질문에 함께 요구"", ""결과 공개 후 수정"", ""예측을 실제 역사로 표시""]",notApplicable,nuvia.history.agriculture-settlement.c1,predictionSnapshot,nuvia.age.elementary-high.v1,"{""cognitiveAction"": ""최초 예측은 PASS 핵심 활동으로 중복 집계하지 않음"", ""allowedAnswerIds"": ""자유 말·글·그림·보류 응답이며 고정 정답 ID를 만들지 않음"", ""sourceFactId"": ""예측 내용은 역사 사실 주장이 아님; 승인 실제 사실은 조건 이해 단계에서 연결""}"
canonicalStage,W01-C1,elementary-high,작아진 자리에 둘 곡물과 자리를 이어 볼까요?,두 대상을 이어 관계를 나타내요.,nuvia.semantic.v1_1_r2.w01-c1.elementary-high.core-activity,nuvia.history.agriculture-settlement,nuvia.history.agriculture-settlement.c1,승인된 PASS 핵심 인지 활동 수행,learner,nuvia.semantic.ref.w01-c1.object,nuvia.semantic.ref.w01-c1.resource,저장 공간의 크기,duringAction,mapRelation,action.mapRelation.r2 payload 또는 activityDeferred,제공된 곡물과 같은 저장 공간의 관계 연결,"[""nuvia.history.agriculture-settlement.c1.node.1"", ""nuvia.history.agriculture-settlement.c1.node.2"", ""nuvia.history.agriculture-settlement.c1.meaning.1"", ""nuvia.history.agriculture-settlement.c1.meaning.2"", ""nuvia.history.agriculture-settlement.c1.reason.1"", ""nuvia.history.agriculture-settlement.c1.reason.2""]","[""nuvia.history.agriculture-settlement.c1.prohibitedClaims"", ""활동 라벨을 나의 이야기로 저장"", ""입력하지 않은 계획·근거·태도·정확성 생성""]",S01,nuvia.history.agriculture-settlement.c1,cognitiveActionRecorded 또는 activityDeferred,nuvia.age.elementary-high.v1,{}
canonicalStage,W01-C1,elementary-high,이 조건에서 달라질 수 있는 모습을 살펴봐요.,가능성 하나가 정답이라고 표시하지 않아요.,nuvia.semantic.v1_1_r2.w01-c1.elementary-high.alternate-result,nuvia.history.agriculture-settlement,nuvia.history.agriculture-settlement.c1,변경 조건에서 가능한 결과 A/B 확인,learner,nuvia.semantic.ref.w01-c1.object,nuvia.semantic.ref.w01-c1.resource,저장 공간의 크기,immediateResult,notApplicable,viewLevel3PossibilityAOrB,실제 역사와 분리된 Level 3 가능성; 정답이 아님,"[""A"", ""B""]","[""nuvia.history.agriculture-settlement.c1.prohibitedClaims"", ""가능성 A/B를 사실·정답·적중 점수로 표시"", ""장기 결과 단정""]",notApplicable,nuvia.history.agriculture-settlement.c1,alternateViewed,nuvia.age.elementary-high.v1,"{""cognitiveAction"": ""가능성 열람 단계"", ""sourceFactId"": ""가상 가능성은 출처가 확인하는 실제 사실이 아님""}"
canonicalStage,W01-C1,elementary-high,나만의 이야기를 말·글·그림으로 남겨 봐요.,남기지 않아도 다른 기록으로 대신 채우지 않아요.,nuvia.semantic.v1_1_r2.w01-c1.elementary-high.learner-story,nuvia.history.agriculture-settlement,nuvia.history.agriculture-settlement.c1,사용자가 직접 나만의 이야기 남기기,learner,nuvia.semantic.ref.w01-c1.object,notApplicable,저장 공간의 크기,reflection,notApplicable,writing|voice|drawing|mixed|deferred,사용자가 직접 남긴 말·글·그림 원문 또는 남기지 않음,notApplicable,"[""핵심 활동 라벨·예측·시스템 문구를 사용자 이야기로 복사"", ""사용자 입력이 없는데 이야기 생성"", ""AI 보완·요약·평가""]",notApplicable,nuvia.history.agriculture-settlement.c1,storyRecorded,nuvia.age.elementary-high.v1,"{""resourceId"": ""말·글·그림 자유 표현이며 고정 역사 자원 선택이 아님"", ""cognitiveAction"": ""자유 창작은 PASS 핵심 활동으로 중복 집계하지 않음"", ""allowedAnswerIds"": ""자유 창작에 고정 답안 없음"", ""sourceFactId"": ""사용자 창작은 승인 역사 사실이 아님""}"
canonicalStage,W01-C1,elementary-high,"실제 역사와 내가 만든 이야기를 비교해 보고, 가장 눈에 띈 점 하나를 남겨 보세요.",사용자 원문을 그대로 저장해요.,nuvia.semantic.v1_1_r2.w01-c1.elementary-high.history-comparison,nuvia.history.agriculture-settlement,nuvia.history.agriculture-settlement.c1,실제 역사와 나의 역사 비교,learner,nuvia.semantic.ref.w01-c1.object,notApplicable,저장 공간의 크기,comparison,notApplicable,writing|voice|drawing|mixed|deferred,가장 눈에 띈 점 하나와 연령에 따라 선택적 근거; 사용자 원문,notApplicable,"[""같았어요/달랐어요/새롭게 알았어요 고정 카드"", ""prediction 비교 fallback"", ""AI 분류·요약·채점""]",S01,nuvia.history.agriculture-settlement.c1,comparisonCompleted(history)+bookPage7+growthReport,nuvia.age.elementary-high.v1,"{""resourceId"": ""실제 역사 요약과 사용자 이야기 참조이며 새 고정 답안 자원이 아님"", ""cognitiveAction"": ""자유 비교는 PASS 핵심 활동으로 중복 집계하지 않음"", ""allowedAnswerIds"": ""comparisonTag와 고정 비교 카드 폐기""}"
canonicalStage,W01-C1,elementary-high,"처음 생각과 실제 역사를 비교해 보고, 가장 눈에 띈 점 하나를 남겨 보세요.",처음 예측은 바꾸지 않고 사용자 원문을 그대로 저장해요.,nuvia.semantic.v1_1_r2.w01-c1.elementary-high.prediction-comparison,nuvia.history.agriculture-settlement,nuvia.history.agriculture-settlement.c1,최초 예측과 실제 역사 비교,learner,nuvia.semantic.ref.w01-c1.object,notApplicable,저장 공간의 크기,comparison,notApplicable,writing|voice|drawing|mixed|deferred,처음 생각과 실제 역사에서 눈에 띈 점 하나와 연령에 따라 선택적 근거; 사용자 원문,notApplicable,"[""history 비교 fallback"", ""최초 예측 사후 변경"", ""같았어요/달랐어요/새롭게 알았어요 고정 카드"", ""AI 분류·요약·채점""]",S01,nuvia.history.agriculture-settlement.c1,comparisonCompleted(prediction)+bookPage8+growthReport,nuvia.age.elementary-high.v1,"{""resourceId"": ""잠긴 predictionSnapshot과 실제 역사 핵심 한 줄을 참조"", ""cognitiveAction"": ""자유 비교는 PASS 핵심 활동으로 중복 집계하지 않음"", ""allowedAnswerIds"": ""comparisonTag와 고정 비교 카드 폐기""}"
canonicalStage,W01-C1,elementary-high,이야기책과 성장 기록을 볼 수 있어요.,같은 결과 기록만 연결해요.,nuvia.semantic.v1_1_r2.w01-c1.elementary-high.artifact-link,nuvia.history.agriculture-settlement,nuvia.history.agriculture-settlement.c1,같은 결과의 이야기책·성장 리포트 연결,learner,nuvia.semantic.ref.w01-c1.object,notApplicable,notApplicable,reflection,notApplicable,viewBook|viewReport|print,같은 resultId·missionId·conditionId·버전의 실제 입력만 표시,"[""viewStoryBook"", ""viewGrowthReport"", ""print""]","[""다른 resultId·미션·조건·버전 혼입"", ""없는 값 소급 생성"", ""책7/8 입력 fallback""]",S01,nuvia.history.agriculture-settlement.c1,storyBook8Pages+integratedGrowthReport,nuvia.age.elementary-high.v1,"{""resourceId"": ""새 응답 자원이 아니라 저장된 같은 resultId 레코드 연결"", ""changedAttribute"": ""이 단계에서 역사 조건을 다시 변경하지 않음"", ""cognitiveAction"": ""결과 열람·인쇄 연결 단계""}"
canonicalStage,W01-C1,middle-school,곡물을 보관할 공간 한 곳이 작아진다면,실제 역사와 게임에서 바꿀 조건을 순서대로 확인해요.,nuvia.semantic.v1_1_r2.w01-c1.middle-school.condition-understanding,nuvia.history.agriculture-settlement,nuvia.history.agriculture-settlement.c1,실제 역사 확인 후 바뀐 조건 한 가지 이해,learner,nuvia.semantic.ref.w01-c1.object,nuvia.semantic.ref.w01-c1.resource,저장 공간의 크기,beforeAction,notApplicable,viewActualHistoryThenSelectCondition,실제 역사 FACT와 게임의 CHANGED_CONDITION을 서로 다른 표시·이벤트로 확인,"[""nuvia.history.agriculture-settlement.c1""]","[""nuvia.history.agriculture-settlement.c1.prohibitedClaims"", ""실제 역사와 바꾼 조건을 같은 사실로 표시"", ""다른 조건 fallback""]",S01,nuvia.history.agriculture-settlement.c1,historyViewed+conditionSelected,nuvia.age.middle-school.v1,"{""cognitiveAction"": ""보기·조건 선택 단계이며 PASS 핵심 활동이 아님""}"
canonicalStage,W01-C1,middle-school,저장 공간 한 곳이 작아지면 바로 다음 보관 모습은 어떨까요?,바로 다음 가능성을 한 가지 예상해요.,nuvia.semantic.v1_1_r2.w01-c1.middle-school.prediction,nuvia.history.agriculture-settlement,nuvia.history.agriculture-settlement.c1,결과 공개 전 다음 장면 한 가지 예측,learner,nuvia.semantic.ref.w01-c1.object,nuvia.semantic.ref.w01-c1.resource,저장 공간의 크기,possibleFuture,notApplicable,writing|voice|drawing|deferred,변경 조건 이후의 가까운 다음 모습 한 가지; 정답·적중 점수 없음,notApplicable,"[""nuvia.history.agriculture-settlement.c1.prohibitedClaims"", ""근거·반론·핵심 활동을 한 질문에 함께 요구"", ""결과 공개 후 수정"", ""예측을 실제 역사로 표시""]",notApplicable,nuvia.history.agriculture-settlement.c1,predictionSnapshot,nuvia.age.middle-school.v1,"{""cognitiveAction"": ""최초 예측은 PASS 핵심 활동으로 중복 집계하지 않음"", ""allowedAnswerIds"": ""자유 말·글·그림·보류 응답이며 고정 정답 ID를 만들지 않음"", ""sourceFactId"": ""예측 내용은 역사 사실 주장이 아님; 승인 실제 사실은 조건 이해 단계에서 연결""}"
canonicalStage,W01-C1,middle-school,작아진 자리에 둘 곡물과 자리를 이어 볼까요?,제시된 대상 사이의 관계를 연결해요.,nuvia.semantic.v1_1_r2.w01-c1.middle-school.core-activity,nuvia.history.agriculture-settlement,nuvia.history.agriculture-settlement.c1,승인된 PASS 핵심 인지 활동 수행,learner,nuvia.semantic.ref.w01-c1.object,nuvia.semantic.ref.w01-c1.resource,저장 공간의 크기,duringAction,mapRelation,action.mapRelation.r2 payload 또는 activityDeferred,제공된 곡물과 같은 저장 공간의 관계 연결,"[""nuvia.history.agriculture-settlement.c1.node.1"", ""nuvia.history.agriculture-settlement.c1.node.2"", ""nuvia.history.agriculture-settlement.c1.meaning.1"", ""nuvia.history.agriculture-settlement.c1.meaning.2"", ""nuvia.history.agriculture-settlement.c1.reason.1"", ""nuvia.history.agriculture-settlement.c1.reason.2""]","[""nuvia.history.agriculture-settlement.c1.prohibitedClaims"", ""활동 라벨을 나의 이야기로 저장"", ""입력하지 않은 계획·근거·태도·정확성 생성""]",S01,nuvia.history.agriculture-settlement.c1,cognitiveActionRecorded 또는 activityDeferred,nuvia.age.middle-school.v1,{}
canonicalStage,W01-C1,middle-school,이 조건에서 달라질 수 있는 모습을 살펴봐요.,가능성 하나가 정답이라고 표시하지 않아요.,nuvia.semantic.v1_1_r2.w01-c1.middle-school.alternate-result,nuvia.history.agriculture-settlement,nuvia.history.agriculture-settlement.c1,변경 조건에서 가능한 결과 A/B 확인,learner,nuvia.semantic.ref.w01-c1.object,nuvia.semantic.ref.w01-c1.resource,저장 공간의 크기,immediateResult,notApplicable,viewLevel3PossibilityAOrB,실제 역사와 분리된 Level 3 가능성; 정답이 아님,"[""A"", ""B""]","[""nuvia.history.agriculture-settlement.c1.prohibitedClaims"", ""가능성 A/B를 사실·정답·적중 점수로 표시"", ""장기 결과 단정""]",notApplicable,nuvia.history.agriculture-settlement.c1,alternateViewed,nuvia.age.middle-school.v1,"{""cognitiveAction"": ""가능성 열람 단계"", ""sourceFactId"": ""가상 가능성은 출처가 확인하는 실제 사실이 아님""}"
canonicalStage,W01-C1,middle-school,나만의 이야기를 말·글·그림으로 남겨 봐요.,남기지 않아도 다른 기록으로 대신 채우지 않아요.,nuvia.semantic.v1_1_r2.w01-c1.middle-school.learner-story,nuvia.history.agriculture-settlement,nuvia.history.agriculture-settlement.c1,사용자가 직접 나만의 이야기 남기기,learner,nuvia.semantic.ref.w01-c1.object,notApplicable,저장 공간의 크기,reflection,notApplicable,writing|voice|drawing|mixed|deferred,사용자가 직접 남긴 말·글·그림 원문 또는 남기지 않음,notApplicable,"[""핵심 활동 라벨·예측·시스템 문구를 사용자 이야기로 복사"", ""사용자 입력이 없는데 이야기 생성"", ""AI 보완·요약·평가""]",notApplicable,nuvia.history.agriculture-settlement.c1,storyRecorded,nuvia.age.middle-school.v1,"{""resourceId"": ""말·글·그림 자유 표현이며 고정 역사 자원 선택이 아님"", ""cognitiveAction"": ""자유 창작은 PASS 핵심 활동으로 중복 집계하지 않음"", ""allowedAnswerIds"": ""자유 창작에 고정 답안 없음"", ""sourceFactId"": ""사용자 창작은 승인 역사 사실이 아님""}"
canonicalStage,W01-C1,middle-school,"실제 역사와 내가 만든 이야기를 비교해 보고, 가장 눈에 띈 점 하나를 남겨 보세요.",사용자 원문을 그대로 저장해요.,nuvia.semantic.v1_1_r2.w01-c1.middle-school.history-comparison,nuvia.history.agriculture-settlement,nuvia.history.agriculture-settlement.c1,실제 역사와 나의 역사 비교,learner,nuvia.semantic.ref.w01-c1.object,notApplicable,저장 공간의 크기,comparison,notApplicable,writing|voice|drawing|mixed|deferred,가장 눈에 띈 점 하나와 연령에 따라 선택적 근거; 사용자 원문,notApplicable,"[""같았어요/달랐어요/새롭게 알았어요 고정 카드"", ""prediction 비교 fallback"", ""AI 분류·요약·채점""]",S01,nuvia.history.agriculture-settlement.c1,comparisonCompleted(history)+bookPage7+growthReport,nuvia.age.middle-school.v1,"{""resourceId"": ""실제 역사 요약과 사용자 이야기 참조이며 새 고정 답안 자원이 아님"", ""cognitiveAction"": ""자유 비교는 PASS 핵심 활동으로 중복 집계하지 않음"", ""allowedAnswerIds"": ""comparisonTag와 고정 비교 카드 폐기""}"
canonicalStage,W01-C1,middle-school,"처음 생각과 실제 역사를 비교해 보고, 가장 눈에 띈 점 하나를 남겨 보세요.",처음 예측은 바꾸지 않고 사용자 원문을 그대로 저장해요.,nuvia.semantic.v1_1_r2.w01-c1.middle-school.prediction-comparison,nuvia.history.agriculture-settlement,nuvia.history.agriculture-settlement.c1,최초 예측과 실제 역사 비교,learner,nuvia.semantic.ref.w01-c1.object,notApplicable,저장 공간의 크기,comparison,notApplicable,writing|voice|drawing|mixed|deferred,처음 생각과 실제 역사에서 눈에 띈 점 하나와 연령에 따라 선택적 근거; 사용자 원문,notApplicable,"[""history 비교 fallback"", ""최초 예측 사후 변경"", ""같았어요/달랐어요/새롭게 알았어요 고정 카드"", ""AI 분류·요약·채점""]",S01,nuvia.history.agriculture-settlement.c1,comparisonCompleted(prediction)+bookPage8+growthReport,nuvia.age.middle-school.v1,"{""resourceId"": ""잠긴 predictionSnapshot과 실제 역사 핵심 한 줄을 참조"", ""cognitiveAction"": ""자유 비교는 PASS 핵심 활동으로 중복 집계하지 않음"", ""allowedAnswerIds"": ""comparisonTag와 고정 비교 카드 폐기""}"
canonicalStage,W01-C1,middle-school,이야기책과 성장 기록을 볼 수 있어요.,같은 결과 기록만 연결해요.,nuvia.semantic.v1_1_r2.w01-c1.middle-school.artifact-link,nuvia.history.agriculture-settlement,nuvia.history.agriculture-settlement.c1,같은 결과의 이야기책·성장 리포트 연결,learner,nuvia.semantic.ref.w01-c1.object,notApplicable,notApplicable,reflection,notApplicable,viewBook|viewReport|print,같은 resultId·missionId·conditionId·버전의 실제 입력만 표시,"[""viewStoryBook"", ""viewGrowthReport"", ""print""]","[""다른 resultId·미션·조건·버전 혼입"", ""없는 값 소급 생성"", ""책7/8 입력 fallback""]",S01,nuvia.history.agriculture-settlement.c1,storyBook8Pages+integratedGrowthReport,nuvia.age.middle-school.v1,"{""resourceId"": ""새 응답 자원이 아니라 저장된 같은 resultId 레코드 연결"", ""changedAttribute"": ""이 단계에서 역사 조건을 다시 변경하지 않음"", ""cognitiveAction"": ""결과 열람·인쇄 연결 단계""}"
canonicalStage,W01-C1,high-school,곡물을 보관할 공간 한 곳이 작아진다면,실제 역사와 게임에서 바꿀 조건을 순서대로 확인해요.,nuvia.semantic.v1_1_r2.w01-c1.high-school.condition-understanding,nuvia.history.agriculture-settlement,nuvia.history.agriculture-settlement.c1,실제 역사 확인 후 바뀐 조건 한 가지 이해,learner,nuvia.semantic.ref.w01-c1.object,nuvia.semantic.ref.w01-c1.resource,저장 공간의 크기,beforeAction,notApplicable,viewActualHistoryThenSelectCondition,실제 역사 FACT와 게임의 CHANGED_CONDITION을 서로 다른 표시·이벤트로 확인,"[""nuvia.history.agriculture-settlement.c1""]","[""nuvia.history.agriculture-settlement.c1.prohibitedClaims"", ""실제 역사와 바꾼 조건을 같은 사실로 표시"", ""다른 조건 fallback""]",S01,nuvia.history.agriculture-settlement.c1,historyViewed+conditionSelected,nuvia.age.high-school.v1,"{""cognitiveAction"": ""보기·조건 선택 단계이며 PASS 핵심 활동이 아님""}"
canonicalStage,W01-C1,high-school,저장 공간 한 곳이 작아지면 바로 다음 보관 모습은 어떨까요?,바로 다음 가능성을 한 가지 예상해요.,nuvia.semantic.v1_1_r2.w01-c1.high-school.prediction,nuvia.history.agriculture-settlement,nuvia.history.agriculture-settlement.c1,결과 공개 전 다음 장면 한 가지 예측,learner,nuvia.semantic.ref.w01-c1.object,nuvia.semantic.ref.w01-c1.resource,저장 공간의 크기,possibleFuture,notApplicable,writing|voice|drawing|deferred,변경 조건 이후의 가까운 다음 모습 한 가지; 정답·적중 점수 없음,notApplicable,"[""nuvia.history.agriculture-settlement.c1.prohibitedClaims"", ""근거·반론·핵심 활동을 한 질문에 함께 요구"", ""결과 공개 후 수정"", ""예측을 실제 역사로 표시""]",notApplicable,nuvia.history.agriculture-settlement.c1,predictionSnapshot,nuvia.age.high-school.v1,"{""cognitiveAction"": ""최초 예측은 PASS 핵심 활동으로 중복 집계하지 않음"", ""allowedAnswerIds"": ""자유 말·글·그림·보류 응답이며 고정 정답 ID를 만들지 않음"", ""sourceFactId"": ""예측 내용은 역사 사실 주장이 아님; 승인 실제 사실은 조건 이해 단계에서 연결""}"
canonicalStage,W01-C1,high-school,작아진 자리에 둘 곡물과 자리를 이어 볼까요?,제시된 대상 사이의 관계를 연결해요.,nuvia.semantic.v1_1_r2.w01-c1.high-school.core-activity,nuvia.history.agriculture-settlement,nuvia.history.agriculture-settlement.c1,승인된 PASS 핵심 인지 활동 수행,learner,nuvia.semantic.ref.w01-c1.object,nuvia.semantic.ref.w01-c1.resource,저장 공간의 크기,duringAction,mapRelation,action.mapRelation.r2 payload 또는 activityDeferred,제공된 곡물과 같은 저장 공간의 관계 연결,"[""nuvia.history.agriculture-settlement.c1.node.1"", ""nuvia.history.agriculture-settlement.c1.node.2"", ""nuvia.history.agriculture-settlement.c1.meaning.1"", ""nuvia.history.agriculture-settlement.c1.meaning.2"", ""nuvia.history.agriculture-settlement.c1.reason.1"", ""nuvia.history.agriculture-settlement.c1.reason.2""]","[""nuvia.history.agriculture-settlement.c1.prohibitedClaims"", ""활동 라벨을 나의 이야기로 저장"", ""입력하지 않은 계획·근거·태도·정확성 생성""]",S01,nuvia.history.agriculture-settlement.c1,cognitiveActionRecorded 또는 activityDeferred,nuvia.age.high-school.v1,{}
canonicalStage,W01-C1,high-school,이 조건에서 달라질 수 있는 모습을 살펴봐요.,가능성 하나가 정답이라고 표시하지 않아요.,nuvia.semantic.v1_1_r2.w01-c1.high-school.alternate-result,nuvia.history.agriculture-settlement,nuvia.history.agriculture-settlement.c1,변경 조건에서 가능한 결과 A/B 확인,learner,nuvia.semantic.ref.w01-c1.object,nuvia.semantic.ref.w01-c1.resource,저장 공간의 크기,immediateResult,notApplicable,viewLevel3PossibilityAOrB,실제 역사와 분리된 Level 3 가능성; 정답이 아님,"[""A"", ""B""]","[""nuvia.history.agriculture-settlement.c1.prohibitedClaims"", ""가능성 A/B를 사실·정답·적중 점수로 표시"", ""장기 결과 단정""]",notApplicable,nuvia.history.agriculture-settlement.c1,alternateViewed,nuvia.age.high-school.v1,"{""cognitiveAction"": ""가능성 열람 단계"", ""sourceFactId"": ""가상 가능성은 출처가 확인하는 실제 사실이 아님""}"
canonicalStage,W01-C1,high-school,나만의 이야기를 말·글·그림으로 남겨 봐요.,남기지 않아도 다른 기록으로 대신 채우지 않아요.,nuvia.semantic.v1_1_r2.w01-c1.high-school.learner-story,nuvia.history.agriculture-settlement,nuvia.history.agriculture-settlement.c1,사용자가 직접 나만의 이야기 남기기,learner,nuvia.semantic.ref.w01-c1.object,notApplicable,저장 공간의 크기,reflection,notApplicable,writing|voice|drawing|mixed|deferred,사용자가 직접 남긴 말·글·그림 원문 또는 남기지 않음,notApplicable,"[""핵심 활동 라벨·예측·시스템 문구를 사용자 이야기로 복사"", ""사용자 입력이 없는데 이야기 생성"", ""AI 보완·요약·평가""]",notApplicable,nuvia.history.agriculture-settlement.c1,storyRecorded,nuvia.age.high-school.v1,"{""resourceId"": ""말·글·그림 자유 표현이며 고정 역사 자원 선택이 아님"", ""cognitiveAction"": ""자유 창작은 PASS 핵심 활동으로 중복 집계하지 않음"", ""allowedAnswerIds"": ""자유 창작에 고정 답안 없음"", ""sourceFactId"": ""사용자 창작은 승인 역사 사실이 아님""}"
canonicalStage,W01-C1,high-school,"실제 역사와 내가 만든 이야기를 비교해 보고, 가장 눈에 띈 점 하나를 남겨 보세요.",사용자 원문을 그대로 저장해요.,nuvia.semantic.v1_1_r2.w01-c1.high-school.history-comparison,nuvia.history.agriculture-settlement,nuvia.history.agriculture-settlement.c1,실제 역사와 나의 역사 비교,learner,nuvia.semantic.ref.w01-c1.object,notApplicable,저장 공간의 크기,comparison,notApplicable,writing|voice|drawing|mixed|deferred,가장 눈에 띈 점 하나와 연령에 따라 선택적 근거; 사용자 원문,notApplicable,"[""같았어요/달랐어요/새롭게 알았어요 고정 카드"", ""prediction 비교 fallback"", ""AI 분류·요약·채점""]",S01,nuvia.history.agriculture-settlement.c1,comparisonCompleted(history)+bookPage7+growthReport,nuvia.age.high-school.v1,"{""resourceId"": ""실제 역사 요약과 사용자 이야기 참조이며 새 고정 답안 자원이 아님"", ""cognitiveAction"": ""자유 비교는 PASS 핵심 활동으로 중복 집계하지 않음"", ""allowedAnswerIds"": ""comparisonTag와 고정 비교 카드 폐기""}"
canonicalStage,W01-C1,high-school,"처음 생각과 실제 역사를 비교해 보고, 가장 눈에 띈 점 하나를 남겨 보세요.",처음 예측은 바꾸지 않고 사용자 원문을 그대로 저장해요.,nuvia.semantic.v1_1_r2.w01-c1.high-school.prediction-comparison,nuvia.history.agriculture-settlement,nuvia.history.agriculture-settlement.c1,최초 예측과 실제 역사 비교,learner,nuvia.semantic.ref.w01-c1.object,notApplicable,저장 공간의 크기,comparison,notApplicable,writing|voice|drawing|mixed|deferred,처음 생각과 실제 역사에서 눈에 띈 점 하나와 연령에 따라 선택적 근거; 사용자 원문,notApplicable,"[""history 비교 fallback"", ""최초 예측 사후 변경"", ""같았어요/달랐어요/새롭게 알았어요 고정 카드"", ""AI 분류·요약·채점""]",S01,nuvia.history.agriculture-settlement.c1,comparisonCompleted(prediction)+bookPage8+growthReport,nuvia.age.high-school.v1,"{""resourceId"": ""잠긴 predictionSnapshot과 실제 역사 핵심 한 줄을 참조"", ""cognitiveAction"": ""자유 비교는 PASS 핵심 활동으로 중복 집계하지 않음"", ""allowedAnswerIds"": ""comparisonTag와 고정 비교 카드 폐기""}"
canonicalStage,W01-C1,high-school,이야기책과 성장 기록을 볼 수 있어요.,같은 결과 기록만 연결해요.,nuvia.semantic.v1_1_r2.w01-c1.high-school.artifact-link,nuvia.history.agriculture-settlement,nuvia.history.agriculture-settlement.c1,같은 결과의 이야기책·성장 리포트 연결,learner,nuvia.semantic.ref.w01-c1.object,notApplicable,notApplicable,reflection,notApplicable,viewBook|viewReport|print,같은 resultId·missionId·conditionId·버전의 실제 입력만 표시,"[""viewStoryBook"", ""viewGrowthReport"", ""print""]","[""다른 resultId·미션·조건·버전 혼입"", ""없는 값 소급 생성"", ""책7/8 입력 fallback""]",S01,nuvia.history.agriculture-settlement.c1,storyBook8Pages+integratedGrowthReport,nuvia.age.high-school.v1,"{""resourceId"": ""새 응답 자원이 아니라 저장된 같은 resultId 레코드 연결"", ""changedAttribute"": ""이 단계에서 역사 조건을 다시 변경하지 않음"", ""cognitiveAction"": ""결과 열람·인쇄 연결 단계""}"
canonicalStage,W01-C1,adult,곡물을 보관할 공간 한 곳이 작아진다면,실제 역사와 게임에서 바꿀 조건을 순서대로 확인해요.,nuvia.semantic.v1_1_r2.w01-c1.adult.condition-understanding,nuvia.history.agriculture-settlement,nuvia.history.agriculture-settlement.c1,실제 역사 확인 후 바뀐 조건 한 가지 이해,learner,nuvia.semantic.ref.w01-c1.object,nuvia.semantic.ref.w01-c1.resource,저장 공간의 크기,beforeAction,notApplicable,viewActualHistoryThenSelectCondition,실제 역사 FACT와 게임의 CHANGED_CONDITION을 서로 다른 표시·이벤트로 확인,"[""nuvia.history.agriculture-settlement.c1""]","[""nuvia.history.agriculture-settlement.c1.prohibitedClaims"", ""실제 역사와 바꾼 조건을 같은 사실로 표시"", ""다른 조건 fallback""]",S01,nuvia.history.agriculture-settlement.c1,historyViewed+conditionSelected,nuvia.age.adult.v1,"{""cognitiveAction"": ""보기·조건 선택 단계이며 PASS 핵심 활동이 아님""}"
canonicalStage,W01-C1,adult,저장 공간 한 곳이 작아지면 바로 다음 보관 모습은 어떨까요?,바로 다음 가능성을 한 가지 예상해요.,nuvia.semantic.v1_1_r2.w01-c1.adult.prediction,nuvia.history.agriculture-settlement,nuvia.history.agriculture-settlement.c1,결과 공개 전 다음 장면 한 가지 예측,learner,nuvia.semantic.ref.w01-c1.object,nuvia.semantic.ref.w01-c1.resource,저장 공간의 크기,possibleFuture,notApplicable,writing|voice|drawing|deferred,변경 조건 이후의 가까운 다음 모습 한 가지; 정답·적중 점수 없음,notApplicable,"[""nuvia.history.agriculture-settlement.c1.prohibitedClaims"", ""근거·반론·핵심 활동을 한 질문에 함께 요구"", ""결과 공개 후 수정"", ""예측을 실제 역사로 표시""]",notApplicable,nuvia.history.agriculture-settlement.c1,predictionSnapshot,nuvia.age.adult.v1,"{""cognitiveAction"": ""최초 예측은 PASS 핵심 활동으로 중복 집계하지 않음"", ""allowedAnswerIds"": ""자유 말·글·그림·보류 응답이며 고정 정답 ID를 만들지 않음"", ""sourceFactId"": ""예측 내용은 역사 사실 주장이 아님; 승인 실제 사실은 조건 이해 단계에서 연결""}"
canonicalStage,W01-C1,adult,작아진 자리에 둘 곡물과 자리를 이어 볼까요?,제시된 대상 사이의 관계를 연결해요.,nuvia.semantic.v1_1_r2.w01-c1.adult.core-activity,nuvia.history.agriculture-settlement,nuvia.history.agriculture-settlement.c1,승인된 PASS 핵심 인지 활동 수행,learner,nuvia.semantic.ref.w01-c1.object,nuvia.semantic.ref.w01-c1.resource,저장 공간의 크기,duringAction,mapRelation,action.mapRelation.r2 payload 또는 activityDeferred,제공된 곡물과 같은 저장 공간의 관계 연결,"[""nuvia.history.agriculture-settlement.c1.node.1"", ""nuvia.history.agriculture-settlement.c1.node.2"", ""nuvia.history.agriculture-settlement.c1.meaning.1"", ""nuvia.history.agriculture-settlement.c1.meaning.2"", ""nuvia.history.agriculture-settlement.c1.reason.1"", ""nuvia.history.agriculture-settlement.c1.reason.2""]","[""nuvia.history.agriculture-settlement.c1.prohibitedClaims"", ""활동 라벨을 나의 이야기로 저장"", ""입력하지 않은 계획·근거·태도·정확성 생성""]",S01,nuvia.history.agriculture-settlement.c1,cognitiveActionRecorded 또는 activityDeferred,nuvia.age.adult.v1,{}
canonicalStage,W01-C1,adult,이 조건에서 달라질 수 있는 모습을 살펴봐요.,가능성 하나가 정답이라고 표시하지 않아요.,nuvia.semantic.v1_1_r2.w01-c1.adult.alternate-result,nuvia.history.agriculture-settlement,nuvia.history.agriculture-settlement.c1,변경 조건에서 가능한 결과 A/B 확인,learner,nuvia.semantic.ref.w01-c1.object,nuvia.semantic.ref.w01-c1.resource,저장 공간의 크기,immediateResult,notApplicable,viewLevel3PossibilityAOrB,실제 역사와 분리된 Level 3 가능성; 정답이 아님,"[""A"", ""B""]","[""nuvia.history.agriculture-settlement.c1.prohibitedClaims"", ""가능성 A/B를 사실·정답·적중 점수로 표시"", ""장기 결과 단정""]",notApplicable,nuvia.history.agriculture-settlement.c1,alternateViewed,nuvia.age.adult.v1,"{""cognitiveAction"": ""가능성 열람 단계"", ""sourceFactId"": ""가상 가능성은 출처가 확인하는 실제 사실이 아님""}"
canonicalStage,W01-C1,adult,나만의 이야기를 말·글·그림으로 남겨 봐요.,남기지 않아도 다른 기록으로 대신 채우지 않아요.,nuvia.semantic.v1_1_r2.w01-c1.adult.learner-story,nuvia.history.agriculture-settlement,nuvia.history.agriculture-settlement.c1,사용자가 직접 나만의 이야기 남기기,learner,nuvia.semantic.ref.w01-c1.object,notApplicable,저장 공간의 크기,reflection,notApplicable,writing|voice|drawing|mixed|deferred,사용자가 직접 남긴 말·글·그림 원문 또는 남기지 않음,notApplicable,"[""핵심 활동 라벨·예측·시스템 문구를 사용자 이야기로 복사"", ""사용자 입력이 없는데 이야기 생성"", ""AI 보완·요약·평가""]",notApplicable,nuvia.history.agriculture-settlement.c1,storyRecorded,nuvia.age.adult.v1,"{""resourceId"": ""말·글·그림 자유 표현이며 고정 역사 자원 선택이 아님"", ""cognitiveAction"": ""자유 창작은 PASS 핵심 활동으로 중복 집계하지 않음"", ""allowedAnswerIds"": ""자유 창작에 고정 답안 없음"", ""sourceFactId"": ""사용자 창작은 승인 역사 사실이 아님""}"
canonicalStage,W01-C1,adult,"실제 역사와 내가 만든 이야기를 비교해 보고, 가장 눈에 띈 점 하나를 남겨 보세요.",사용자 원문을 그대로 저장해요.,nuvia.semantic.v1_1_r2.w01-c1.adult.history-comparison,nuvia.history.agriculture-settlement,nuvia.history.agriculture-settlement.c1,실제 역사와 나의 역사 비교,learner,nuvia.semantic.ref.w01-c1.object,notApplicable,저장 공간의 크기,comparison,notApplicable,writing|voice|drawing|mixed|deferred,가장 눈에 띈 점 하나와 연령에 따라 선택적 근거; 사용자 원문,notApplicable,"[""같았어요/달랐어요/새롭게 알았어요 고정 카드"", ""prediction 비교 fallback"", ""AI 분류·요약·채점""]",S01,nuvia.history.agriculture-settlement.c1,comparisonCompleted(history)+bookPage7+growthReport,nuvia.age.adult.v1,"{""resourceId"": ""실제 역사 요약과 사용자 이야기 참조이며 새 고정 답안 자원이 아님"", ""cognitiveAction"": ""자유 비교는 PASS 핵심 활동으로 중복 집계하지 않음"", ""allowedAnswerIds"": ""comparisonTag와 고정 비교 카드 폐기""}"
canonicalStage,W01-C1,adult,"처음 생각과 실제 역사를 비교해 보고, 가장 눈에 띈 점 하나를 남겨 보세요.",처음 예측은 바꾸지 않고 사용자 원문을 그대로 저장해요.,nuvia.semantic.v1_1_r2.w01-c1.adult.prediction-comparison,nuvia.history.agriculture-settlement,nuvia.history.agriculture-settlement.c1,최초 예측과 실제 역사 비교,learner,nuvia.semantic.ref.w01-c1.object,notApplicable,저장 공간의 크기,comparison,notApplicable,writing|voice|drawing|mixed|deferred,처음 생각과 실제 역사에서 눈에 띈 점 하나와 연령에 따라 선택적 근거; 사용자 원문,notApplicable,"[""history 비교 fallback"", ""최초 예측 사후 변경"", ""같았어요/달랐어요/새롭게 알았어요 고정 카드"", ""AI 분류·요약·채점""]",S01,nuvia.history.agriculture-settlement.c1,comparisonCompleted(prediction)+bookPage8+growthReport,nuvia.age.adult.v1,"{""resourceId"": ""잠긴 predictionSnapshot과 실제 역사 핵심 한 줄을 참조"", ""cognitiveAction"": ""자유 비교는 PASS 핵심 활동으로 중복 집계하지 않음"", ""allowedAnswerIds"": ""comparisonTag와 고정 비교 카드 폐기""}"
canonicalStage,W01-C1,adult,이야기책과 성장 기록을 볼 수 있어요.,같은 결과 기록만 연결해요.,nuvia.semantic.v1_1_r2.w01-c1.adult.artifact-link,nuvia.history.agriculture-settlement,nuvia.history.agriculture-settlement.c1,같은 결과의 이야기책·성장 리포트 연결,learner,nuvia.semantic.ref.w01-c1.object,notApplicable,notApplicable,reflection,notApplicable,viewBook|viewReport|print,같은 resultId·missionId·conditionId·버전의 실제 입력만 표시,"[""viewStoryBook"", ""viewGrowthReport"", ""print""]","[""다른 resultId·미션·조건·버전 혼입"", ""없는 값 소급 생성"", ""책7/8 입력 fallback""]",S01,nuvia.history.agriculture-settlement.c1,storyBook8Pages+integratedGrowthReport,nuvia.age.adult.v1,"{""resourceId"": ""새 응답 자원이 아니라 저장된 같은 resultId 레코드 연결"", ""changedAttribute"": ""이 단계에서 역사 조건을 다시 변경하지 않음"", ""cognitiveAction"": ""결과 열람·인쇄 연결 단계""}"
canonicalStage,W01-C2,preschool,곡물을 갈 때 쓰는 갈돌 한 개를 사용할 수 없다면,실제 역사와 게임에서 바꿀 조건을 순서대로 확인해요.,nuvia.semantic.v1_1_r2.w01-c2.preschool.condition-understanding,nuvia.history.agriculture-settlement,nuvia.history.agriculture-settlement.c2,실제 역사 확인 후 바뀐 조건 한 가지 이해,learner,nuvia.semantic.ref.w01-c2.object,nuvia.semantic.ref.w01-c2.resource,갈돌 한 개의 사용 가능 여부,beforeAction,notApplicable,viewActualHistoryThenSelectCondition,실제 역사 FACT와 게임의 CHANGED_CONDITION을 서로 다른 표시·이벤트로 확인,"[""nuvia.history.agriculture-settlement.c2""]","[""nuvia.history.agriculture-settlement.c2.prohibitedClaims"", ""실제 역사와 바꾼 조건을 같은 사실로 표시"", ""다른 조건 fallback""]",N01,nuvia.history.agriculture-settlement.c2,historyViewed+conditionSelected,nuvia.age.preschool.v1,"{""cognitiveAction"": ""보기·조건 선택 단계이며 PASS 핵심 활동이 아님""}"
canonicalStage,W01-C2,preschool,갈돌 하나를 못 쓰면 곡물을 가는 모습은 어떨까요?,다음 모습을 말하거나 그려 봐요.,nuvia.semantic.v1_1_r2.w01-c2.preschool.prediction,nuvia.history.agriculture-settlement,nuvia.history.agriculture-settlement.c2,결과 공개 전 다음 장면 한 가지 예측,learner,nuvia.semantic.ref.w01-c2.object,nuvia.semantic.ref.w01-c2.resource,갈돌 한 개의 사용 가능 여부,possibleFuture,notApplicable,voice|drawing|deferred,변경 조건 이후의 가까운 다음 모습 한 가지; 정답·적중 점수 없음,notApplicable,"[""nuvia.history.agriculture-settlement.c2.prohibitedClaims"", ""근거·반론·핵심 활동을 한 질문에 함께 요구"", ""결과 공개 후 수정"", ""예측을 실제 역사로 표시""]",notApplicable,nuvia.history.agriculture-settlement.c2,predictionSnapshot,nuvia.age.preschool.v1,"{""cognitiveAction"": ""최초 예측은 PASS 핵심 활동으로 중복 집계하지 않음"", ""allowedAnswerIds"": ""자유 말·글·그림·보류 응답이며 고정 정답 ID를 만들지 않음"", ""sourceFactId"": ""예측 내용은 역사 사실 주장이 아님; 승인 실제 사실은 조건 이해 단계에서 연결""}"
canonicalStage,W01-C2,preschool,쓸 수 없는 갈돌은 곡물을 가는 일과 어떻게 이어질까요?,그림 두 개를 이어 봐요.,nuvia.semantic.v1_1_r2.w01-c2.preschool.core-activity,nuvia.history.agriculture-settlement,nuvia.history.agriculture-settlement.c2,승인된 PASS 핵심 인지 활동 수행,learner,nuvia.semantic.ref.w01-c2.object,nuvia.semantic.ref.w01-c2.resource,갈돌 한 개의 사용 가능 여부,duringAction,mapRelation,action.mapRelation.r2 payload 또는 activityDeferred,승인된 도구와 곡물 가공 기능의 관계 연결,"[""nuvia.history.agriculture-settlement.c2.node.1"", ""nuvia.history.agriculture-settlement.c2.node.2"", ""nuvia.history.agriculture-settlement.c2.node.3"", ""nuvia.history.agriculture-settlement.c2.meaning.1"", ""nuvia.history.agriculture-settlement.c2.meaning.2"", ""nuvia.history.agriculture-settlement.c2.reason.1"", ""nuvia.history.agriculture-settlement.c2.reason.2""]","[""nuvia.history.agriculture-settlement.c2.prohibitedClaims"", ""활동 라벨을 나의 이야기로 저장"", ""입력하지 않은 계획·근거·태도·정확성 생성""]",N01,nuvia.history.agriculture-settlement.c2,cognitiveActionRecorded 또는 activityDeferred,nuvia.age.preschool.v1,{}
canonicalStage,W01-C2,preschool,이 조건에서 달라질 수 있는 모습을 살펴봐요.,가능성 하나가 정답이라고 표시하지 않아요.,nuvia.semantic.v1_1_r2.w01-c2.preschool.alternate-result,nuvia.history.agriculture-settlement,nuvia.history.agriculture-settlement.c2,변경 조건에서 가능한 결과 A/B 확인,learner,nuvia.semantic.ref.w01-c2.object,nuvia.semantic.ref.w01-c2.resource,갈돌 한 개의 사용 가능 여부,immediateResult,notApplicable,viewLevel3PossibilityAOrB,실제 역사와 분리된 Level 3 가능성; 정답이 아님,"[""A"", ""B""]","[""nuvia.history.agriculture-settlement.c2.prohibitedClaims"", ""가능성 A/B를 사실·정답·적중 점수로 표시"", ""장기 결과 단정""]",notApplicable,nuvia.history.agriculture-settlement.c2,alternateViewed,nuvia.age.preschool.v1,"{""cognitiveAction"": ""가능성 열람 단계"", ""sourceFactId"": ""가상 가능성은 출처가 확인하는 실제 사실이 아님""}"
canonicalStage,W01-C2,preschool,나만의 이야기를 말·글·그림으로 남겨 봐요.,남기지 않아도 다른 기록으로 대신 채우지 않아요.,nuvia.semantic.v1_1_r2.w01-c2.preschool.learner-story,nuvia.history.agriculture-settlement,nuvia.history.agriculture-settlement.c2,사용자가 직접 나만의 이야기 남기기,learner,nuvia.semantic.ref.w01-c2.object,notApplicable,갈돌 한 개의 사용 가능 여부,reflection,notApplicable,writing|voice|drawing|mixed|deferred,사용자가 직접 남긴 말·글·그림 원문 또는 남기지 않음,notApplicable,"[""핵심 활동 라벨·예측·시스템 문구를 사용자 이야기로 복사"", ""사용자 입력이 없는데 이야기 생성"", ""AI 보완·요약·평가""]",notApplicable,nuvia.history.agriculture-settlement.c2,storyRecorded,nuvia.age.preschool.v1,"{""resourceId"": ""말·글·그림 자유 표현이며 고정 역사 자원 선택이 아님"", ""cognitiveAction"": ""자유 창작은 PASS 핵심 활동으로 중복 집계하지 않음"", ""allowedAnswerIds"": ""자유 창작에 고정 답안 없음"", ""sourceFactId"": ""사용자 창작은 승인 역사 사실이 아님""}"
canonicalStage,W01-C2,preschool,"실제 역사와 내가 만든 이야기를 비교해 보고, 가장 눈에 띈 점 하나를 남겨 보세요.",사용자 원문을 그대로 저장해요.,nuvia.semantic.v1_1_r2.w01-c2.preschool.history-comparison,nuvia.history.agriculture-settlement,nuvia.history.agriculture-settlement.c2,실제 역사와 나의 역사 비교,learner,nuvia.semantic.ref.w01-c2.object,notApplicable,갈돌 한 개의 사용 가능 여부,comparison,notApplicable,writing|voice|drawing|mixed|deferred,가장 눈에 띈 점 하나와 연령에 따라 선택적 근거; 사용자 원문,notApplicable,"[""같았어요/달랐어요/새롭게 알았어요 고정 카드"", ""prediction 비교 fallback"", ""AI 분류·요약·채점""]",N01,nuvia.history.agriculture-settlement.c2,comparisonCompleted(history)+bookPage7+growthReport,nuvia.age.preschool.v1,"{""resourceId"": ""실제 역사 요약과 사용자 이야기 참조이며 새 고정 답안 자원이 아님"", ""cognitiveAction"": ""자유 비교는 PASS 핵심 활동으로 중복 집계하지 않음"", ""allowedAnswerIds"": ""comparisonTag와 고정 비교 카드 폐기""}"
canonicalStage,W01-C2,preschool,"처음 생각과 실제 역사를 비교해 보고, 가장 눈에 띈 점 하나를 남겨 보세요.",처음 예측은 바꾸지 않고 사용자 원문을 그대로 저장해요.,nuvia.semantic.v1_1_r2.w01-c2.preschool.prediction-comparison,nuvia.history.agriculture-settlement,nuvia.history.agriculture-settlement.c2,최초 예측과 실제 역사 비교,learner,nuvia.semantic.ref.w01-c2.object,notApplicable,갈돌 한 개의 사용 가능 여부,comparison,notApplicable,writing|voice|drawing|mixed|deferred,처음 생각과 실제 역사에서 눈에 띈 점 하나와 연령에 따라 선택적 근거; 사용자 원문,notApplicable,"[""history 비교 fallback"", ""최초 예측 사후 변경"", ""같았어요/달랐어요/새롭게 알았어요 고정 카드"", ""AI 분류·요약·채점""]",N01,nuvia.history.agriculture-settlement.c2,comparisonCompleted(prediction)+bookPage8+growthReport,nuvia.age.preschool.v1,"{""resourceId"": ""잠긴 predictionSnapshot과 실제 역사 핵심 한 줄을 참조"", ""cognitiveAction"": ""자유 비교는 PASS 핵심 활동으로 중복 집계하지 않음"", ""allowedAnswerIds"": ""comparisonTag와 고정 비교 카드 폐기""}"
canonicalStage,W01-C2,preschool,이야기책과 성장 기록을 볼 수 있어요.,같은 결과 기록만 연결해요.,nuvia.semantic.v1_1_r2.w01-c2.preschool.artifact-link,nuvia.history.agriculture-settlement,nuvia.history.agriculture-settlement.c2,같은 결과의 이야기책·성장 리포트 연결,learner,nuvia.semantic.ref.w01-c2.object,notApplicable,notApplicable,reflection,notApplicable,viewBook|viewReport|print,같은 resultId·missionId·conditionId·버전의 실제 입력만 표시,"[""viewStoryBook"", ""viewGrowthReport"", ""print""]","[""다른 resultId·미션·조건·버전 혼입"", ""없는 값 소급 생성"", ""책7/8 입력 fallback""]",N01,nuvia.history.agriculture-settlement.c2,storyBook8Pages+integratedGrowthReport,nuvia.age.preschool.v1,"{""resourceId"": ""새 응답 자원이 아니라 저장된 같은 resultId 레코드 연결"", ""changedAttribute"": ""이 단계에서 역사 조건을 다시 변경하지 않음"", ""cognitiveAction"": ""결과 열람·인쇄 연결 단계""}"
canonicalStage,W01-C2,elementary-low,곡물을 갈 때 쓰는 갈돌 한 개를 사용할 수 없다면,실제 역사와 게임에서 바꿀 조건을 순서대로 확인해요.,nuvia.semantic.v1_1_r2.w01-c2.elementary-low.condition-understanding,nuvia.history.agriculture-settlement,nuvia.history.agriculture-settlement.c2,실제 역사 확인 후 바뀐 조건 한 가지 이해,learner,nuvia.semantic.ref.w01-c2.object,nuvia.semantic.ref.w01-c2.resource,갈돌 한 개의 사용 가능 여부,beforeAction,notApplicable,viewActualHistoryThenSelectCondition,실제 역사 FACT와 게임의 CHANGED_CONDITION을 서로 다른 표시·이벤트로 확인,"[""nuvia.history.agriculture-settlement.c2""]","[""nuvia.history.agriculture-settlement.c2.prohibitedClaims"", ""실제 역사와 바꾼 조건을 같은 사실로 표시"", ""다른 조건 fallback""]",N01,nuvia.history.agriculture-settlement.c2,historyViewed+conditionSelected,nuvia.age.elementary-low.v1,"{""cognitiveAction"": ""보기·조건 선택 단계이며 PASS 핵심 활동이 아님""}"
canonicalStage,W01-C2,elementary-low,갈돌 하나를 못 쓰면 곡물을 가는 모습은 어떨까요?,다음 모습을 한 가지 남겨 봐요.,nuvia.semantic.v1_1_r2.w01-c2.elementary-low.prediction,nuvia.history.agriculture-settlement,nuvia.history.agriculture-settlement.c2,결과 공개 전 다음 장면 한 가지 예측,learner,nuvia.semantic.ref.w01-c2.object,nuvia.semantic.ref.w01-c2.resource,갈돌 한 개의 사용 가능 여부,possibleFuture,notApplicable,voice|drawing|writing|deferred,변경 조건 이후의 가까운 다음 모습 한 가지; 정답·적중 점수 없음,notApplicable,"[""nuvia.history.agriculture-settlement.c2.prohibitedClaims"", ""근거·반론·핵심 활동을 한 질문에 함께 요구"", ""결과 공개 후 수정"", ""예측을 실제 역사로 표시""]",notApplicable,nuvia.history.agriculture-settlement.c2,predictionSnapshot,nuvia.age.elementary-low.v1,"{""cognitiveAction"": ""최초 예측은 PASS 핵심 활동으로 중복 집계하지 않음"", ""allowedAnswerIds"": ""자유 말·글·그림·보류 응답이며 고정 정답 ID를 만들지 않음"", ""sourceFactId"": ""예측 내용은 역사 사실 주장이 아님; 승인 실제 사실은 조건 이해 단계에서 연결""}"
canonicalStage,W01-C2,elementary-low,쓸 수 없는 갈돌은 곡물을 가는 일과 어떻게 이어질까요?,서로 관련된 것을 이어 봐요.,nuvia.semantic.v1_1_r2.w01-c2.elementary-low.core-activity,nuvia.history.agriculture-settlement,nuvia.history.agriculture-settlement.c2,승인된 PASS 핵심 인지 활동 수행,learner,nuvia.semantic.ref.w01-c2.object,nuvia.semantic.ref.w01-c2.resource,갈돌 한 개의 사용 가능 여부,duringAction,mapRelation,action.mapRelation.r2 payload 또는 activityDeferred,승인된 도구와 곡물 가공 기능의 관계 연결,"[""nuvia.history.agriculture-settlement.c2.node.1"", ""nuvia.history.agriculture-settlement.c2.node.2"", ""nuvia.history.agriculture-settlement.c2.node.3"", ""nuvia.history.agriculture-settlement.c2.meaning.1"", ""nuvia.history.agriculture-settlement.c2.meaning.2"", ""nuvia.history.agriculture-settlement.c2.reason.1"", ""nuvia.history.agriculture-settlement.c2.reason.2""]","[""nuvia.history.agriculture-settlement.c2.prohibitedClaims"", ""활동 라벨을 나의 이야기로 저장"", ""입력하지 않은 계획·근거·태도·정확성 생성""]",N01,nuvia.history.agriculture-settlement.c2,cognitiveActionRecorded 또는 activityDeferred,nuvia.age.elementary-low.v1,{}
canonicalStage,W01-C2,elementary-low,이 조건에서 달라질 수 있는 모습을 살펴봐요.,가능성 하나가 정답이라고 표시하지 않아요.,nuvia.semantic.v1_1_r2.w01-c2.elementary-low.alternate-result,nuvia.history.agriculture-settlement,nuvia.history.agriculture-settlement.c2,변경 조건에서 가능한 결과 A/B 확인,learner,nuvia.semantic.ref.w01-c2.object,nuvia.semantic.ref.w01-c2.resource,갈돌 한 개의 사용 가능 여부,immediateResult,notApplicable,viewLevel3PossibilityAOrB,실제 역사와 분리된 Level 3 가능성; 정답이 아님,"[""A"", ""B""]","[""nuvia.history.agriculture-settlement.c2.prohibitedClaims"", ""가능성 A/B를 사실·정답·적중 점수로 표시"", ""장기 결과 단정""]",notApplicable,nuvia.history.agriculture-settlement.c2,alternateViewed,nuvia.age.elementary-low.v1,"{""cognitiveAction"": ""가능성 열람 단계"", ""sourceFactId"": ""가상 가능성은 출처가 확인하는 실제 사실이 아님""}"
canonicalStage,W01-C2,elementary-low,나만의 이야기를 말·글·그림으로 남겨 봐요.,남기지 않아도 다른 기록으로 대신 채우지 않아요.,nuvia.semantic.v1_1_r2.w01-c2.elementary-low.learner-story,nuvia.history.agriculture-settlement,nuvia.history.agriculture-settlement.c2,사용자가 직접 나만의 이야기 남기기,learner,nuvia.semantic.ref.w01-c2.object,notApplicable,갈돌 한 개의 사용 가능 여부,reflection,notApplicable,writing|voice|drawing|mixed|deferred,사용자가 직접 남긴 말·글·그림 원문 또는 남기지 않음,notApplicable,"[""핵심 활동 라벨·예측·시스템 문구를 사용자 이야기로 복사"", ""사용자 입력이 없는데 이야기 생성"", ""AI 보완·요약·평가""]",notApplicable,nuvia.history.agriculture-settlement.c2,storyRecorded,nuvia.age.elementary-low.v1,"{""resourceId"": ""말·글·그림 자유 표현이며 고정 역사 자원 선택이 아님"", ""cognitiveAction"": ""자유 창작은 PASS 핵심 활동으로 중복 집계하지 않음"", ""allowedAnswerIds"": ""자유 창작에 고정 답안 없음"", ""sourceFactId"": ""사용자 창작은 승인 역사 사실이 아님""}"
canonicalStage,W01-C2,elementary-low,"실제 역사와 내가 만든 이야기를 비교해 보고, 가장 눈에 띈 점 하나를 남겨 보세요.",사용자 원문을 그대로 저장해요.,nuvia.semantic.v1_1_r2.w01-c2.elementary-low.history-comparison,nuvia.history.agriculture-settlement,nuvia.history.agriculture-settlement.c2,실제 역사와 나의 역사 비교,learner,nuvia.semantic.ref.w01-c2.object,notApplicable,갈돌 한 개의 사용 가능 여부,comparison,notApplicable,writing|voice|drawing|mixed|deferred,가장 눈에 띈 점 하나와 연령에 따라 선택적 근거; 사용자 원문,notApplicable,"[""같았어요/달랐어요/새롭게 알았어요 고정 카드"", ""prediction 비교 fallback"", ""AI 분류·요약·채점""]",N01,nuvia.history.agriculture-settlement.c2,comparisonCompleted(history)+bookPage7+growthReport,nuvia.age.elementary-low.v1,"{""resourceId"": ""실제 역사 요약과 사용자 이야기 참조이며 새 고정 답안 자원이 아님"", ""cognitiveAction"": ""자유 비교는 PASS 핵심 활동으로 중복 집계하지 않음"", ""allowedAnswerIds"": ""comparisonTag와 고정 비교 카드 폐기""}"
canonicalStage,W01-C2,elementary-low,"처음 생각과 실제 역사를 비교해 보고, 가장 눈에 띈 점 하나를 남겨 보세요.",처음 예측은 바꾸지 않고 사용자 원문을 그대로 저장해요.,nuvia.semantic.v1_1_r2.w01-c2.elementary-low.prediction-comparison,nuvia.history.agriculture-settlement,nuvia.history.agriculture-settlement.c2,최초 예측과 실제 역사 비교,learner,nuvia.semantic.ref.w01-c2.object,notApplicable,갈돌 한 개의 사용 가능 여부,comparison,notApplicable,writing|voice|drawing|mixed|deferred,처음 생각과 실제 역사에서 눈에 띈 점 하나와 연령에 따라 선택적 근거; 사용자 원문,notApplicable,"[""history 비교 fallback"", ""최초 예측 사후 변경"", ""같았어요/달랐어요/새롭게 알았어요 고정 카드"", ""AI 분류·요약·채점""]",N01,nuvia.history.agriculture-settlement.c2,comparisonCompleted(prediction)+bookPage8+growthReport,nuvia.age.elementary-low.v1,"{""resourceId"": ""잠긴 predictionSnapshot과 실제 역사 핵심 한 줄을 참조"", ""cognitiveAction"": ""자유 비교는 PASS 핵심 활동으로 중복 집계하지 않음"", ""allowedAnswerIds"": ""comparisonTag와 고정 비교 카드 폐기""}"
canonicalStage,W01-C2,elementary-low,이야기책과 성장 기록을 볼 수 있어요.,같은 결과 기록만 연결해요.,nuvia.semantic.v1_1_r2.w01-c2.elementary-low.artifact-link,nuvia.history.agriculture-settlement,nuvia.history.agriculture-settlement.c2,같은 결과의 이야기책·성장 리포트 연결,learner,nuvia.semantic.ref.w01-c2.object,notApplicable,notApplicable,reflection,notApplicable,viewBook|viewReport|print,같은 resultId·missionId·conditionId·버전의 실제 입력만 표시,"[""viewStoryBook"", ""viewGrowthReport"", ""print""]","[""다른 resultId·미션·조건·버전 혼입"", ""없는 값 소급 생성"", ""책7/8 입력 fallback""]",N01,nuvia.history.agriculture-settlement.c2,storyBook8Pages+integratedGrowthReport,nuvia.age.elementary-low.v1,"{""resourceId"": ""새 응답 자원이 아니라 저장된 같은 resultId 레코드 연결"", ""changedAttribute"": ""이 단계에서 역사 조건을 다시 변경하지 않음"", ""cognitiveAction"": ""결과 열람·인쇄 연결 단계""}"
canonicalStage,W01-C2,elementary-high,곡물을 갈 때 쓰는 갈돌 한 개를 사용할 수 없다면,실제 역사와 게임에서 바꿀 조건을 순서대로 확인해요.,nuvia.semantic.v1_1_r2.w01-c2.elementary-high.condition-understanding,nuvia.history.agriculture-settlement,nuvia.history.agriculture-settlement.c2,실제 역사 확인 후 바뀐 조건 한 가지 이해,learner,nuvia.semantic.ref.w01-c2.object,nuvia.semantic.ref.w01-c2.resource,갈돌 한 개의 사용 가능 여부,beforeAction,notApplicable,viewActualHistoryThenSelectCondition,실제 역사 FACT와 게임의 CHANGED_CONDITION을 서로 다른 표시·이벤트로 확인,"[""nuvia.history.agriculture-settlement.c2""]","[""nuvia.history.agriculture-settlement.c2.prohibitedClaims"", ""실제 역사와 바꾼 조건을 같은 사실로 표시"", ""다른 조건 fallback""]",N01,nuvia.history.agriculture-settlement.c2,historyViewed+conditionSelected,nuvia.age.elementary-high.v1,"{""cognitiveAction"": ""보기·조건 선택 단계이며 PASS 핵심 활동이 아님""}"
canonicalStage,W01-C2,elementary-high,갈돌 한 개를 사용할 수 없으면 다음 가공 모습은 어떨까요?,바로 다음 모습을 한 가지 예상해요.,nuvia.semantic.v1_1_r2.w01-c2.elementary-high.prediction,nuvia.history.agriculture-settlement,nuvia.history.agriculture-settlement.c2,결과 공개 전 다음 장면 한 가지 예측,learner,nuvia.semantic.ref.w01-c2.object,nuvia.semantic.ref.w01-c2.resource,갈돌 한 개의 사용 가능 여부,possibleFuture,notApplicable,writing|voice|drawing|deferred,변경 조건 이후의 가까운 다음 모습 한 가지; 정답·적중 점수 없음,notApplicable,"[""nuvia.history.agriculture-settlement.c2.prohibitedClaims"", ""근거·반론·핵심 활동을 한 질문에 함께 요구"", ""결과 공개 후 수정"", ""예측을 실제 역사로 표시""]",notApplicable,nuvia.history.agriculture-settlement.c2,predictionSnapshot,nuvia.age.elementary-high.v1,"{""cognitiveAction"": ""최초 예측은 PASS 핵심 활동으로 중복 집계하지 않음"", ""allowedAnswerIds"": ""자유 말·글·그림·보류 응답이며 고정 정답 ID를 만들지 않음"", ""sourceFactId"": ""예측 내용은 역사 사실 주장이 아님; 승인 실제 사실은 조건 이해 단계에서 연결""}"
canonicalStage,W01-C2,elementary-high,쓸 수 없는 갈돌은 곡물을 가는 일과 어떻게 이어질까요?,두 대상을 이어 관계를 나타내요.,nuvia.semantic.v1_1_r2.w01-c2.elementary-high.core-activity,nuvia.history.agriculture-settlement,nuvia.history.agriculture-settlement.c2,승인된 PASS 핵심 인지 활동 수행,learner,nuvia.semantic.ref.w01-c2.object,nuvia.semantic.ref.w01-c2.resource,갈돌 한 개의 사용 가능 여부,duringAction,mapRelation,action.mapRelation.r2 payload 또는 activityDeferred,승인된 도구와 곡물 가공 기능의 관계 연결,"[""nuvia.history.agriculture-settlement.c2.node.1"", ""nuvia.history.agriculture-settlement.c2.node.2"", ""nuvia.history.agriculture-settlement.c2.node.3"", ""nuvia.history.agriculture-settlement.c2.meaning.1"", ""nuvia.history.agriculture-settlement.c2.meaning.2"", ""nuvia.history.agriculture-settlement.c2.reason.1"", ""nuvia.history.agriculture-settlement.c2.reason.2""]","[""nuvia.history.agriculture-settlement.c2.prohibitedClaims"", ""활동 라벨을 나의 이야기로 저장"", ""입력하지 않은 계획·근거·태도·정확성 생성""]",N01,nuvia.history.agriculture-settlement.c2,cognitiveActionRecorded 또는 activityDeferred,nuvia.age.elementary-high.v1,{}
canonicalStage,W01-C2,elementary-high,이 조건에서 달라질 수 있는 모습을 살펴봐요.,가능성 하나가 정답이라고 표시하지 않아요.,nuvia.semantic.v1_1_r2.w01-c2.elementary-high.alternate-result,nuvia.history.agriculture-settlement,nuvia.history.agriculture-settlement.c2,변경 조건에서 가능한 결과 A/B 확인,learner,nuvia.semantic.ref.w01-c2.object,nuvia.semantic.ref.w01-c2.resource,갈돌 한 개의 사용 가능 여부,immediateResult,notApplicable,viewLevel3PossibilityAOrB,실제 역사와 분리된 Level 3 가능성; 정답이 아님,"[""A"", ""B""]","[""nuvia.history.agriculture-settlement.c2.prohibitedClaims"", ""가능성 A/B를 사실·정답·적중 점수로 표시"", ""장기 결과 단정""]",notApplicable,nuvia.history.agriculture-settlement.c2,alternateViewed,nuvia.age.elementary-high.v1,"{""cognitiveAction"": ""가능성 열람 단계"", ""sourceFactId"": ""가상 가능성은 출처가 확인하는 실제 사실이 아님""}"
canonicalStage,W01-C2,elementary-high,나만의 이야기를 말·글·그림으로 남겨 봐요.,남기지 않아도 다른 기록으로 대신 채우지 않아요.,nuvia.semantic.v1_1_r2.w01-c2.elementary-high.learner-story,nuvia.history.agriculture-settlement,nuvia.history.agriculture-settlement.c2,사용자가 직접 나만의 이야기 남기기,learner,nuvia.semantic.ref.w01-c2.object,notApplicable,갈돌 한 개의 사용 가능 여부,reflection,notApplicable,writing|voice|drawing|mixed|deferred,사용자가 직접 남긴 말·글·그림 원문 또는 남기지 않음,notApplicable,"[""핵심 활동 라벨·예측·시스템 문구를 사용자 이야기로 복사"", ""사용자 입력이 없는데 이야기 생성"", ""AI 보완·요약·평가""]",notApplicable,nuvia.history.agriculture-settlement.c2,storyRecorded,nuvia.age.elementary-high.v1,"{""resourceId"": ""말·글·그림 자유 표현이며 고정 역사 자원 선택이 아님"", ""cognitiveAction"": ""자유 창작은 PASS 핵심 활동으로 중복 집계하지 않음"", ""allowedAnswerIds"": ""자유 창작에 고정 답안 없음"", ""sourceFactId"": ""사용자 창작은 승인 역사 사실이 아님""}"
canonicalStage,W01-C2,elementary-high,"실제 역사와 내가 만든 이야기를 비교해 보고, 가장 눈에 띈 점 하나를 남겨 보세요.",사용자 원문을 그대로 저장해요.,nuvia.semantic.v1_1_r2.w01-c2.elementary-high.history-comparison,nuvia.history.agriculture-settlement,nuvia.history.agriculture-settlement.c2,실제 역사와 나의 역사 비교,learner,nuvia.semantic.ref.w01-c2.object,notApplicable,갈돌 한 개의 사용 가능 여부,comparison,notApplicable,writing|voice|drawing|mixed|deferred,가장 눈에 띈 점 하나와 연령에 따라 선택적 근거; 사용자 원문,notApplicable,"[""같았어요/달랐어요/새롭게 알았어요 고정 카드"", ""prediction 비교 fallback"", ""AI 분류·요약·채점""]",N01,nuvia.history.agriculture-settlement.c2,comparisonCompleted(history)+bookPage7+growthReport,nuvia.age.elementary-high.v1,"{""resourceId"": ""실제 역사 요약과 사용자 이야기 참조이며 새 고정 답안 자원이 아님"", ""cognitiveAction"": ""자유 비교는 PASS 핵심 활동으로 중복 집계하지 않음"", ""allowedAnswerIds"": ""comparisonTag와 고정 비교 카드 폐기""}"
canonicalStage,W01-C2,elementary-high,"처음 생각과 실제 역사를 비교해 보고, 가장 눈에 띈 점 하나를 남겨 보세요.",처음 예측은 바꾸지 않고 사용자 원문을 그대로 저장해요.,nuvia.semantic.v1_1_r2.w01-c2.elementary-high.prediction-comparison,nuvia.history.agriculture-settlement,nuvia.history.agriculture-settlement.c2,최초 예측과 실제 역사 비교,learner,nuvia.semantic.ref.w01-c2.object,notApplicable,갈돌 한 개의 사용 가능 여부,comparison,notApplicable,writing|voice|drawing|mixed|deferred,처음 생각과 실제 역사에서 눈에 띈 점 하나와 연령에 따라 선택적 근거; 사용자 원문,notApplicable,"[""history 비교 fallback"", ""최초 예측 사후 변경"", ""같았어요/달랐어요/새롭게 알았어요 고정 카드"", ""AI 분류·요약·채점""]",N01,nuvia.history.agriculture-settlement.c2,comparisonCompleted(prediction)+bookPage8+growthReport,nuvia.age.elementary-high.v1,"{""resourceId"": ""잠긴 predictionSnapshot과 실제 역사 핵심 한 줄을 참조"", ""cognitiveAction"": ""자유 비교는 PASS 핵심 활동으로 중복 집계하지 않음"", ""allowedAnswerIds"": ""comparisonTag와 고정 비교 카드 폐기""}"
canonicalStage,W01-C2,elementary-high,이야기책과 성장 기록을 볼 수 있어요.,같은 결과 기록만 연결해요.,nuvia.semantic.v1_1_r2.w01-c2.elementary-high.artifact-link,nuvia.history.agriculture-settlement,nuvia.history.agriculture-settlement.c2,같은 결과의 이야기책·성장 리포트 연결,learner,nuvia.semantic.ref.w01-c2.object,notApplicable,notApplicable,reflection,notApplicable,viewBook|viewReport|print,같은 resultId·missionId·conditionId·버전의 실제 입력만 표시,"[""viewStoryBook"", ""viewGrowthReport"", ""print""]","[""다른 resultId·미션·조건·버전 혼입"", ""없는 값 소급 생성"", ""책7/8 입력 fallback""]",N01,nuvia.history.agriculture-settlement.c2,storyBook8Pages+integratedGrowthReport,nuvia.age.elementary-high.v1,"{""resourceId"": ""새 응답 자원이 아니라 저장된 같은 resultId 레코드 연결"", ""changedAttribute"": ""이 단계에서 역사 조건을 다시 변경하지 않음"", ""cognitiveAction"": ""결과 열람·인쇄 연결 단계""}"
canonicalStage,W01-C2,middle-school,곡물을 갈 때 쓰는 갈돌 한 개를 사용할 수 없다면,실제 역사와 게임에서 바꿀 조건을 순서대로 확인해요.,nuvia.semantic.v1_1_r2.w01-c2.middle-school.condition-understanding,nuvia.history.agriculture-settlement,nuvia.history.agriculture-settlement.c2,실제 역사 확인 후 바뀐 조건 한 가지 이해,learner,nuvia.semantic.ref.w01-c2.object,nuvia.semantic.ref.w01-c2.resource,갈돌 한 개의 사용 가능 여부,beforeAction,notApplicable,viewActualHistoryThenSelectCondition,실제 역사 FACT와 게임의 CHANGED_CONDITION을 서로 다른 표시·이벤트로 확인,"[""nuvia.history.agriculture-settlement.c2""]","[""nuvia.history.agriculture-settlement.c2.prohibitedClaims"", ""실제 역사와 바꾼 조건을 같은 사실로 표시"", ""다른 조건 fallback""]",N01,nuvia.history.agriculture-settlement.c2,historyViewed+conditionSelected,nuvia.age.middle-school.v1,"{""cognitiveAction"": ""보기·조건 선택 단계이며 PASS 핵심 활동이 아님""}"
canonicalStage,W01-C2,middle-school,갈돌 한 개를 사용할 수 없으면 다음 가공 모습은 어떨까요?,바로 다음 가능성을 한 가지 예상해요.,nuvia.semantic.v1_1_r2.w01-c2.middle-school.prediction,nuvia.history.agriculture-settlement,nuvia.history.agriculture-settlement.c2,결과 공개 전 다음 장면 한 가지 예측,learner,nuvia.semantic.ref.w01-c2.object,nuvia.semantic.ref.w01-c2.resource,갈돌 한 개의 사용 가능 여부,possibleFuture,notApplicable,writing|voice|drawing|deferred,변경 조건 이후의 가까운 다음 모습 한 가지; 정답·적중 점수 없음,notApplicable,"[""nuvia.history.agriculture-settlement.c2.prohibitedClaims"", ""근거·반론·핵심 활동을 한 질문에 함께 요구"", ""결과 공개 후 수정"", ""예측을 실제 역사로 표시""]",notApplicable,nuvia.history.agriculture-settlement.c2,predictionSnapshot,nuvia.age.middle-school.v1,"{""cognitiveAction"": ""최초 예측은 PASS 핵심 활동으로 중복 집계하지 않음"", ""allowedAnswerIds"": ""자유 말·글·그림·보류 응답이며 고정 정답 ID를 만들지 않음"", ""sourceFactId"": ""예측 내용은 역사 사실 주장이 아님; 승인 실제 사실은 조건 이해 단계에서 연결""}"
canonicalStage,W01-C2,middle-school,쓸 수 없는 갈돌은 곡물을 가는 일과 어떻게 이어질까요?,제시된 대상 사이의 관계를 연결해요.,nuvia.semantic.v1_1_r2.w01-c2.middle-school.core-activity,nuvia.history.agriculture-settlement,nuvia.history.agriculture-settlement.c2,승인된 PASS 핵심 인지 활동 수행,learner,nuvia.semantic.ref.w01-c2.object,nuvia.semantic.ref.w01-c2.resource,갈돌 한 개의 사용 가능 여부,duringAction,mapRelation,action.mapRelation.r2 payload 또는 activityDeferred,승인된 도구와 곡물 가공 기능의 관계 연결,"[""nuvia.history.agriculture-settlement.c2.node.1"", ""nuvia.history.agriculture-settlement.c2.node.2"", ""nuvia.history.agriculture-settlement.c2.node.3"", ""nuvia.history.agriculture-settlement.c2.meaning.1"", ""nuvia.history.agriculture-settlement.c2.meaning.2"", ""nuvia.history.agriculture-settlement.c2.reason.1"", ""nuvia.history.agriculture-settlement.c2.reason.2""]","[""nuvia.history.agriculture-settlement.c2.prohibitedClaims"", ""활동 라벨을 나의 이야기로 저장"", ""입력하지 않은 계획·근거·태도·정확성 생성""]",N01,nuvia.history.agriculture-settlement.c2,cognitiveActionRecorded 또는 activityDeferred,nuvia.age.middle-school.v1,{}
canonicalStage,W01-C2,middle-school,이 조건에서 달라질 수 있는 모습을 살펴봐요.,가능성 하나가 정답이라고 표시하지 않아요.,nuvia.semantic.v1_1_r2.w01-c2.middle-school.alternate-result,nuvia.history.agriculture-settlement,nuvia.history.agriculture-settlement.c2,변경 조건에서 가능한 결과 A/B 확인,learner,nuvia.semantic.ref.w01-c2.object,nuvia.semantic.ref.w01-c2.resource,갈돌 한 개의 사용 가능 여부,immediateResult,notApplicable,viewLevel3PossibilityAOrB,실제 역사와 분리된 Level 3 가능성; 정답이 아님,"[""A"", ""B""]","[""nuvia.history.agriculture-settlement.c2.prohibitedClaims"", ""가능성 A/B를 사실·정답·적중 점수로 표시"", ""장기 결과 단정""]",notApplicable,nuvia.history.agriculture-settlement.c2,alternateViewed,nuvia.age.middle-school.v1,"{""cognitiveAction"": ""가능성 열람 단계"", ""sourceFactId"": ""가상 가능성은 출처가 확인하는 실제 사실이 아님""}"
canonicalStage,W01-C2,middle-school,나만의 이야기를 말·글·그림으로 남겨 봐요.,남기지 않아도 다른 기록으로 대신 채우지 않아요.,nuvia.semantic.v1_1_r2.w01-c2.middle-school.learner-story,nuvia.history.agriculture-settlement,nuvia.history.agriculture-settlement.c2,사용자가 직접 나만의 이야기 남기기,learner,nuvia.semantic.ref.w01-c2.object,notApplicable,갈돌 한 개의 사용 가능 여부,reflection,notApplicable,writing|voice|drawing|mixed|deferred,사용자가 직접 남긴 말·글·그림 원문 또는 남기지 않음,notApplicable,"[""핵심 활동 라벨·예측·시스템 문구를 사용자 이야기로 복사"", ""사용자 입력이 없는데 이야기 생성"", ""AI 보완·요약·평가""]",notApplicable,nuvia.history.agriculture-settlement.c2,storyRecorded,nuvia.age.middle-school.v1,"{""resourceId"": ""말·글·그림 자유 표현이며 고정 역사 자원 선택이 아님"", ""cognitiveAction"": ""자유 창작은 PASS 핵심 활동으로 중복 집계하지 않음"", ""allowedAnswerIds"": ""자유 창작에 고정 답안 없음"", ""sourceFactId"": ""사용자 창작은 승인 역사 사실이 아님""}"
canonicalStage,W01-C2,middle-school,"실제 역사와 내가 만든 이야기를 비교해 보고, 가장 눈에 띈 점 하나를 남겨 보세요.",사용자 원문을 그대로 저장해요.,nuvia.semantic.v1_1_r2.w01-c2.middle-school.history-comparison,nuvia.history.agriculture-settlement,nuvia.history.agriculture-settlement.c2,실제 역사와 나의 역사 비교,learner,nuvia.semantic.ref.w01-c2.object,notApplicable,갈돌 한 개의 사용 가능 여부,comparison,notApplicable,writing|voice|drawing|mixed|deferred,가장 눈에 띈 점 하나와 연령에 따라 선택적 근거; 사용자 원문,notApplicable,"[""같았어요/달랐어요/새롭게 알았어요 고정 카드"", ""prediction 비교 fallback"", ""AI 분류·요약·채점""]",N01,nuvia.history.agriculture-settlement.c2,comparisonCompleted(history)+bookPage7+growthReport,nuvia.age.middle-school.v1,"{""resourceId"": ""실제 역사 요약과 사용자 이야기 참조이며 새 고정 답안 자원이 아님"", ""cognitiveAction"": ""자유 비교는 PASS 핵심 활동으로 중복 집계하지 않음"", ""allowedAnswerIds"": ""comparisonTag와 고정 비교 카드 폐기""}"
canonicalStage,W01-C2,middle-school,"처음 생각과 실제 역사를 비교해 보고, 가장 눈에 띈 점 하나를 남겨 보세요.",처음 예측은 바꾸지 않고 사용자 원문을 그대로 저장해요.,nuvia.semantic.v1_1_r2.w01-c2.middle-school.prediction-comparison,nuvia.history.agriculture-settlement,nuvia.history.agriculture-settlement.c2,최초 예측과 실제 역사 비교,learner,nuvia.semantic.ref.w01-c2.object,notApplicable,갈돌 한 개의 사용 가능 여부,comparison,notApplicable,writing|voice|drawing|mixed|deferred,처음 생각과 실제 역사에서 눈에 띈 점 하나와 연령에 따라 선택적 근거; 사용자 원문,notApplicable,"[""history 비교 fallback"", ""최초 예측 사후 변경"", ""같았어요/달랐어요/새롭게 알았어요 고정 카드"", ""AI 분류·요약·채점""]",N01,nuvia.history.agriculture-settlement.c2,comparisonCompleted(prediction)+bookPage8+growthReport,nuvia.age.middle-school.v1,"{""resourceId"": ""잠긴 predictionSnapshot과 실제 역사 핵심 한 줄을 참조"", ""cognitiveAction"": ""자유 비교는 PASS 핵심 활동으로 중복 집계하지 않음"", ""allowedAnswerIds"": ""comparisonTag와 고정 비교 카드 폐기""}"
canonicalStage,W01-C2,middle-school,이야기책과 성장 기록을 볼 수 있어요.,같은 결과 기록만 연결해요.,nuvia.semantic.v1_1_r2.w01-c2.middle-school.artifact-link,nuvia.history.agriculture-settlement,nuvia.history.agriculture-settlement.c2,같은 결과의 이야기책·성장 리포트 연결,learner,nuvia.semantic.ref.w01-c2.object,notApplicable,notApplicable,reflection,notApplicable,viewBook|viewReport|print,같은 resultId·missionId·conditionId·버전의 실제 입력만 표시,"[""viewStoryBook"", ""viewGrowthReport"", ""print""]","[""다른 resultId·미션·조건·버전 혼입"", ""없는 값 소급 생성"", ""책7/8 입력 fallback""]",N01,nuvia.history.agriculture-settlement.c2,storyBook8Pages+integratedGrowthReport,nuvia.age.middle-school.v1,"{""resourceId"": ""새 응답 자원이 아니라 저장된 같은 resultId 레코드 연결"", ""changedAttribute"": ""이 단계에서 역사 조건을 다시 변경하지 않음"", ""cognitiveAction"": ""결과 열람·인쇄 연결 단계""}"
canonicalStage,W01-C2,high-school,곡물을 갈 때 쓰는 갈돌 한 개를 사용할 수 없다면,실제 역사와 게임에서 바꿀 조건을 순서대로 확인해요.,nuvia.semantic.v1_1_r2.w01-c2.high-school.condition-understanding,nuvia.history.agriculture-settlement,nuvia.history.agriculture-settlement.c2,실제 역사 확인 후 바뀐 조건 한 가지 이해,learner,nuvia.semantic.ref.w01-c2.object,nuvia.semantic.ref.w01-c2.resource,갈돌 한 개의 사용 가능 여부,beforeAction,notApplicable,viewActualHistoryThenSelectCondition,실제 역사 FACT와 게임의 CHANGED_CONDITION을 서로 다른 표시·이벤트로 확인,"[""nuvia.history.agriculture-settlement.c2""]","[""nuvia.history.agriculture-settlement.c2.prohibitedClaims"", ""실제 역사와 바꾼 조건을 같은 사실로 표시"", ""다른 조건 fallback""]",N01,nuvia.history.agriculture-settlement.c2,historyViewed+conditionSelected,nuvia.age.high-school.v1,"{""cognitiveAction"": ""보기·조건 선택 단계이며 PASS 핵심 활동이 아님""}"
canonicalStage,W01-C2,high-school,갈돌 한 개를 사용할 수 없으면 다음 가공 모습은 어떨까요?,바로 다음 가능성을 한 가지 예상해요.,nuvia.semantic.v1_1_r2.w01-c2.high-school.prediction,nuvia.history.agriculture-settlement,nuvia.history.agriculture-settlement.c2,결과 공개 전 다음 장면 한 가지 예측,learner,nuvia.semantic.ref.w01-c2.object,nuvia.semantic.ref.w01-c2.resource,갈돌 한 개의 사용 가능 여부,possibleFuture,notApplicable,writing|voice|drawing|deferred,변경 조건 이후의 가까운 다음 모습 한 가지; 정답·적중 점수 없음,notApplicable,"[""nuvia.history.agriculture-settlement.c2.prohibitedClaims"", ""근거·반론·핵심 활동을 한 질문에 함께 요구"", ""결과 공개 후 수정"", ""예측을 실제 역사로 표시""]",notApplicable,nuvia.history.agriculture-settlement.c2,predictionSnapshot,nuvia.age.high-school.v1,"{""cognitiveAction"": ""최초 예측은 PASS 핵심 활동으로 중복 집계하지 않음"", ""allowedAnswerIds"": ""자유 말·글·그림·보류 응답이며 고정 정답 ID를 만들지 않음"", ""sourceFactId"": ""예측 내용은 역사 사실 주장이 아님; 승인 실제 사실은 조건 이해 단계에서 연결""}"
canonicalStage,W01-C2,high-school,쓸 수 없는 갈돌은 곡물을 가는 일과 어떻게 이어질까요?,제시된 대상 사이의 관계를 연결해요.,nuvia.semantic.v1_1_r2.w01-c2.high-school.core-activity,nuvia.history.agriculture-settlement,nuvia.history.agriculture-settlement.c2,승인된 PASS 핵심 인지 활동 수행,learner,nuvia.semantic.ref.w01-c2.object,nuvia.semantic.ref.w01-c2.resource,갈돌 한 개의 사용 가능 여부,duringAction,mapRelation,action.mapRelation.r2 payload 또는 activityDeferred,승인된 도구와 곡물 가공 기능의 관계 연결,"[""nuvia.history.agriculture-settlement.c2.node.1"", ""nuvia.history.agriculture-settlement.c2.node.2"", ""nuvia.history.agriculture-settlement.c2.node.3"", ""nuvia.history.agriculture-settlement.c2.meaning.1"", ""nuvia.history.agriculture-settlement.c2.meaning.2"", ""nuvia.history.agriculture-settlement.c2.reason.1"", ""nuvia.history.agriculture-settlement.c2.reason.2""]","[""nuvia.history.agriculture-settlement.c2.prohibitedClaims"", ""활동 라벨을 나의 이야기로 저장"", ""입력하지 않은 계획·근거·태도·정확성 생성""]",N01,nuvia.history.agriculture-settlement.c2,cognitiveActionRecorded 또는 activityDeferred,nuvia.age.high-school.v1,{}
canonicalStage,W01-C2,high-school,이 조건에서 달라질 수 있는 모습을 살펴봐요.,가능성 하나가 정답이라고 표시하지 않아요.,nuvia.semantic.v1_1_r2.w01-c2.high-school.alternate-result,nuvia.history.agriculture-settlement,nuvia.history.agriculture-settlement.c2,변경 조건에서 가능한 결과 A/B 확인,learner,nuvia.semantic.ref.w01-c2.object,nuvia.semantic.ref.w01-c2.resource,갈돌 한 개의 사용 가능 여부,immediateResult,notApplicable,viewLevel3PossibilityAOrB,실제 역사와 분리된 Level 3 가능성; 정답이 아님,"[""A"", ""B""]","[""nuvia.history.agriculture-settlement.c2.prohibitedClaims"", ""가능성 A/B를 사실·정답·적중 점수로 표시"", ""장기 결과 단정""]",notApplicable,nuvia.history.agriculture-settlement.c2,alternateViewed,nuvia.age.high-school.v1,"{""cognitiveAction"": ""가능성 열람 단계"", ""sourceFactId"": ""가상 가능성은 출처가 확인하는 실제 사실이 아님""}"
canonicalStage,W01-C2,high-school,나만의 이야기를 말·글·그림으로 남겨 봐요.,남기지 않아도 다른 기록으로 대신 채우지 않아요.,nuvia.semantic.v1_1_r2.w01-c2.high-school.learner-story,nuvia.history.agriculture-settlement,nuvia.history.agriculture-settlement.c2,사용자가 직접 나만의 이야기 남기기,learner,nuvia.semantic.ref.w01-c2.object,notApplicable,갈돌 한 개의 사용 가능 여부,reflection,notApplicable,writing|voice|drawing|mixed|deferred,사용자가 직접 남긴 말·글·그림 원문 또는 남기지 않음,notApplicable,"[""핵심 활동 라벨·예측·시스템 문구를 사용자 이야기로 복사"", ""사용자 입력이 없는데 이야기 생성"", ""AI 보완·요약·평가""]",notApplicable,nuvia.history.agriculture-settlement.c2,storyRecorded,nuvia.age.high-school.v1,"{""resourceId"": ""말·글·그림 자유 표현이며 고정 역사 자원 선택이 아님"", ""cognitiveAction"": ""자유 창작은 PASS 핵심 활동으로 중복 집계하지 않음"", ""allowedAnswerIds"": ""자유 창작에 고정 답안 없음"", ""sourceFactId"": ""사용자 창작은 승인 역사 사실이 아님""}"
canonicalStage,W01-C2,high-school,"실제 역사와 내가 만든 이야기를 비교해 보고, 가장 눈에 띈 점 하나를 남겨 보세요.",사용자 원문을 그대로 저장해요.,nuvia.semantic.v1_1_r2.w01-c2.high-school.history-comparison,nuvia.history.agriculture-settlement,nuvia.history.agriculture-settlement.c2,실제 역사와 나의 역사 비교,learner,nuvia.semantic.ref.w01-c2.object,notApplicable,갈돌 한 개의 사용 가능 여부,comparison,notApplicable,writing|voice|drawing|mixed|deferred,가장 눈에 띈 점 하나와 연령에 따라 선택적 근거; 사용자 원문,notApplicable,"[""같았어요/달랐어요/새롭게 알았어요 고정 카드"", ""prediction 비교 fallback"", ""AI 분류·요약·채점""]",N01,nuvia.history.agriculture-settlement.c2,comparisonCompleted(history)+bookPage7+growthReport,nuvia.age.high-school.v1,"{""resourceId"": ""실제 역사 요약과 사용자 이야기 참조이며 새 고정 답안 자원이 아님"", ""cognitiveAction"": ""자유 비교는 PASS 핵심 활동으로 중복 집계하지 않음"", ""allowedAnswerIds"": ""comparisonTag와 고정 비교 카드 폐기""}"
canonicalStage,W01-C2,high-school,"처음 생각과 실제 역사를 비교해 보고, 가장 눈에 띈 점 하나를 남겨 보세요.",처음 예측은 바꾸지 않고 사용자 원문을 그대로 저장해요.,nuvia.semantic.v1_1_r2.w01-c2.high-school.prediction-comparison,nuvia.history.agriculture-settlement,nuvia.history.agriculture-settlement.c2,최초 예측과 실제 역사 비교,learner,nuvia.semantic.ref.w01-c2.object,notApplicable,갈돌 한 개의 사용 가능 여부,comparison,notApplicable,writing|voice|drawing|mixed|deferred,처음 생각과 실제 역사에서 눈에 띈 점 하나와 연령에 따라 선택적 근거; 사용자 원문,notApplicable,"[""history 비교 fallback"", ""최초 예측 사후 변경"", ""같았어요/달랐어요/새롭게 알았어요 고정 카드"", ""AI 분류·요약·채점""]",N01,nuvia.history.agriculture-settlement.c2,comparisonCompleted(prediction)+bookPage8+growthReport,nuvia.age.high-school.v1,"{""resourceId"": ""잠긴 predictionSnapshot과 실제 역사 핵심 한 줄을 참조"", ""cognitiveAction"": ""자유 비교는 PASS 핵심 활동으로 중복 집계하지 않음"", ""allowedAnswerIds"": ""comparisonTag와 고정 비교 카드 폐기""}"
canonicalStage,W01-C2,high-school,이야기책과 성장 기록을 볼 수 있어요.,같은 결과 기록만 연결해요.,nuvia.semantic.v1_1_r2.w01-c2.high-school.artifact-link,nuvia.history.agriculture-settlement,nuvia.history.agriculture-settlement.c2,같은 결과의 이야기책·성장 리포트 연결,learner,nuvia.semantic.ref.w01-c2.object,notApplicable,notApplicable,reflection,notApplicable,viewBook|viewReport|print,같은 resultId·missionId·conditionId·버전의 실제 입력만 표시,"[""viewStoryBook"", ""viewGrowthReport"", ""print""]","[""다른 resultId·미션·조건·버전 혼입"", ""없는 값 소급 생성"", ""책7/8 입력 fallback""]",N01,nuvia.history.agriculture-settlement.c2,storyBook8Pages+integratedGrowthReport,nuvia.age.high-school.v1,"{""resourceId"": ""새 응답 자원이 아니라 저장된 같은 resultId 레코드 연결"", ""changedAttribute"": ""이 단계에서 역사 조건을 다시 변경하지 않음"", ""cognitiveAction"": ""결과 열람·인쇄 연결 단계""}"
canonicalStage,W01-C2,adult,곡물을 갈 때 쓰는 갈돌 한 개를 사용할 수 없다면,실제 역사와 게임에서 바꿀 조건을 순서대로 확인해요.,nuvia.semantic.v1_1_r2.w01-c2.adult.condition-understanding,nuvia.history.agriculture-settlement,nuvia.history.agriculture-settlement.c2,실제 역사 확인 후 바뀐 조건 한 가지 이해,learner,nuvia.semantic.ref.w01-c2.object,nuvia.semantic.ref.w01-c2.resource,갈돌 한 개의 사용 가능 여부,beforeAction,notApplicable,viewActualHistoryThenSelectCondition,실제 역사 FACT와 게임의 CHANGED_CONDITION을 서로 다른 표시·이벤트로 확인,"[""nuvia.history.agriculture-settlement.c2""]","[""nuvia.history.agriculture-settlement.c2.prohibitedClaims"", ""실제 역사와 바꾼 조건을 같은 사실로 표시"", ""다른 조건 fallback""]",N01,nuvia.history.agriculture-settlement.c2,historyViewed+conditionSelected,nuvia.age.adult.v1,"{""cognitiveAction"": ""보기·조건 선택 단계이며 PASS 핵심 활동이 아님""}"
canonicalStage,W01-C2,adult,갈돌 한 개를 사용할 수 없으면 다음 가공 모습은 어떨까요?,바로 다음 가능성을 한 가지 예상해요.,nuvia.semantic.v1_1_r2.w01-c2.adult.prediction,nuvia.history.agriculture-settlement,nuvia.history.agriculture-settlement.c2,결과 공개 전 다음 장면 한 가지 예측,learner,nuvia.semantic.ref.w01-c2.object,nuvia.semantic.ref.w01-c2.resource,갈돌 한 개의 사용 가능 여부,possibleFuture,notApplicable,writing|voice|drawing|deferred,변경 조건 이후의 가까운 다음 모습 한 가지; 정답·적중 점수 없음,notApplicable,"[""nuvia.history.agriculture-settlement.c2.prohibitedClaims"", ""근거·반론·핵심 활동을 한 질문에 함께 요구"", ""결과 공개 후 수정"", ""예측을 실제 역사로 표시""]",notApplicable,nuvia.history.agriculture-settlement.c2,predictionSnapshot,nuvia.age.adult.v1,"{""cognitiveAction"": ""최초 예측은 PASS 핵심 활동으로 중복 집계하지 않음"", ""allowedAnswerIds"": ""자유 말·글·그림·보류 응답이며 고정 정답 ID를 만들지 않음"", ""sourceFactId"": ""예측 내용은 역사 사실 주장이 아님; 승인 실제 사실은 조건 이해 단계에서 연결""}"
canonicalStage,W01-C2,adult,쓸 수 없는 갈돌은 곡물을 가는 일과 어떻게 이어질까요?,제시된 대상 사이의 관계를 연결해요.,nuvia.semantic.v1_1_r2.w01-c2.adult.core-activity,nuvia.history.agriculture-settlement,nuvia.history.agriculture-settlement.c2,승인된 PASS 핵심 인지 활동 수행,learner,nuvia.semantic.ref.w01-c2.object,nuvia.semantic.ref.w01-c2.resource,갈돌 한 개의 사용 가능 여부,duringAction,mapRelation,action.mapRelation.r2 payload 또는 activityDeferred,승인된 도구와 곡물 가공 기능의 관계 연결,"[""nuvia.history.agriculture-settlement.c2.node.1"", ""nuvia.history.agriculture-settlement.c2.node.2"", ""nuvia.history.agriculture-settlement.c2.node.3"", ""nuvia.history.agriculture-settlement.c2.meaning.1"", ""nuvia.history.agriculture-settlement.c2.meaning.2"", ""nuvia.history.agriculture-settlement.c2.reason.1"", ""nuvia.history.agriculture-settlement.c2.reason.2""]","[""nuvia.history.agriculture-settlement.c2.prohibitedClaims"", ""활동 라벨을 나의 이야기로 저장"", ""입력하지 않은 계획·근거·태도·정확성 생성""]",N01,nuvia.history.agriculture-settlement.c2,cognitiveActionRecorded 또는 activityDeferred,nuvia.age.adult.v1,{}
canonicalStage,W01-C2,adult,이 조건에서 달라질 수 있는 모습을 살펴봐요.,가능성 하나가 정답이라고 표시하지 않아요.,nuvia.semantic.v1_1_r2.w01-c2.adult.alternate-result,nuvia.history.agriculture-settlement,nuvia.history.agriculture-settlement.c2,변경 조건에서 가능한 결과 A/B 확인,learner,nuvia.semantic.ref.w01-c2.object,nuvia.semantic.ref.w01-c2.resource,갈돌 한 개의 사용 가능 여부,immediateResult,notApplicable,viewLevel3PossibilityAOrB,실제 역사와 분리된 Level 3 가능성; 정답이 아님,"[""A"", ""B""]","[""nuvia.history.agriculture-settlement.c2.prohibitedClaims"", ""가능성 A/B를 사실·정답·적중 점수로 표시"", ""장기 결과 단정""]",notApplicable,nuvia.history.agriculture-settlement.c2,alternateViewed,nuvia.age.adult.v1,"{""cognitiveAction"": ""가능성 열람 단계"", ""sourceFactId"": ""가상 가능성은 출처가 확인하는 실제 사실이 아님""}"
canonicalStage,W01-C2,adult,나만의 이야기를 말·글·그림으로 남겨 봐요.,남기지 않아도 다른 기록으로 대신 채우지 않아요.,nuvia.semantic.v1_1_r2.w01-c2.adult.learner-story,nuvia.history.agriculture-settlement,nuvia.history.agriculture-settlement.c2,사용자가 직접 나만의 이야기 남기기,learner,nuvia.semantic.ref.w01-c2.object,notApplicable,갈돌 한 개의 사용 가능 여부,reflection,notApplicable,writing|voice|drawing|mixed|deferred,사용자가 직접 남긴 말·글·그림 원문 또는 남기지 않음,notApplicable,"[""핵심 활동 라벨·예측·시스템 문구를 사용자 이야기로 복사"", ""사용자 입력이 없는데 이야기 생성"", ""AI 보완·요약·평가""]",notApplicable,nuvia.history.agriculture-settlement.c2,storyRecorded,nuvia.age.adult.v1,"{""resourceId"": ""말·글·그림 자유 표현이며 고정 역사 자원 선택이 아님"", ""cognitiveAction"": ""자유 창작은 PASS 핵심 활동으로 중복 집계하지 않음"", ""allowedAnswerIds"": ""자유 창작에 고정 답안 없음"", ""sourceFactId"": ""사용자 창작은 승인 역사 사실이 아님""}"
canonicalStage,W01-C2,adult,"실제 역사와 내가 만든 이야기를 비교해 보고, 가장 눈에 띈 점 하나를 남겨 보세요.",사용자 원문을 그대로 저장해요.,nuvia.semantic.v1_1_r2.w01-c2.adult.history-comparison,nuvia.history.agriculture-settlement,nuvia.history.agriculture-settlement.c2,실제 역사와 나의 역사 비교,learner,nuvia.semantic.ref.w01-c2.object,notApplicable,갈돌 한 개의 사용 가능 여부,comparison,notApplicable,writing|voice|drawing|mixed|deferred,가장 눈에 띈 점 하나와 연령에 따라 선택적 근거; 사용자 원문,notApplicable,"[""같았어요/달랐어요/새롭게 알았어요 고정 카드"", ""prediction 비교 fallback"", ""AI 분류·요약·채점""]",N01,nuvia.history.agriculture-settlement.c2,comparisonCompleted(history)+bookPage7+growthReport,nuvia.age.adult.v1,"{""resourceId"": ""실제 역사 요약과 사용자 이야기 참조이며 새 고정 답안 자원이 아님"", ""cognitiveAction"": ""자유 비교는 PASS 핵심 활동으로 중복 집계하지 않음"", ""allowedAnswerIds"": ""comparisonTag와 고정 비교 카드 폐기""}"
canonicalStage,W01-C2,adult,"처음 생각과 실제 역사를 비교해 보고, 가장 눈에 띈 점 하나를 남겨 보세요.",처음 예측은 바꾸지 않고 사용자 원문을 그대로 저장해요.,nuvia.semantic.v1_1_r2.w01-c2.adult.prediction-comparison,nuvia.history.agriculture-settlement,nuvia.history.agriculture-settlement.c2,최초 예측과 실제 역사 비교,learner,nuvia.semantic.ref.w01-c2.object,notApplicable,갈돌 한 개의 사용 가능 여부,comparison,notApplicable,writing|voice|drawing|mixed|deferred,처음 생각과 실제 역사에서 눈에 띈 점 하나와 연령에 따라 선택적 근거; 사용자 원문,notApplicable,"[""history 비교 fallback"", ""최초 예측 사후 변경"", ""같았어요/달랐어요/새롭게 알았어요 고정 카드"", ""AI 분류·요약·채점""]",N01,nuvia.history.agriculture-settlement.c2,comparisonCompleted(prediction)+bookPage8+growthReport,nuvia.age.adult.v1,"{""resourceId"": ""잠긴 predictionSnapshot과 실제 역사 핵심 한 줄을 참조"", ""cognitiveAction"": ""자유 비교는 PASS 핵심 활동으로 중복 집계하지 않음"", ""allowedAnswerIds"": ""comparisonTag와 고정 비교 카드 폐기""}"
canonicalStage,W01-C2,adult,이야기책과 성장 기록을 볼 수 있어요.,같은 결과 기록만 연결해요.,nuvia.semantic.v1_1_r2.w01-c2.adult.artifact-link,nuvia.history.agriculture-settlement,nuvia.history.agriculture-settlement.c2,같은 결과의 이야기책·성장 리포트 연결,learner,nuvia.semantic.ref.w01-c2.object,notApplicable,notApplicable,reflection,notApplicable,viewBook|viewReport|print,같은 resultId·missionId·conditionId·버전의 실제 입력만 표시,"[""viewStoryBook"", ""viewGrowthReport"", ""print""]","[""다른 resultId·미션·조건·버전 혼입"", ""없는 값 소급 생성"", ""책7/8 입력 fallback""]",N01,nuvia.history.agriculture-settlement.c2,storyBook8Pages+integratedGrowthReport,nuvia.age.adult.v1,"{""resourceId"": ""새 응답 자원이 아니라 저장된 같은 resultId 레코드 연결"", ""changedAttribute"": ""이 단계에서 역사 조건을 다시 변경하지 않음"", ""cognitiveAction"": ""결과 열람·인쇄 연결 단계""}"
canonicalStage,W15-C1,preschool,대조하려던 다른 사본 한 권을 볼 수 없다면,실제 역사와 게임에서 바꿀 조건을 순서대로 확인해요.,nuvia.semantic.v1_1_r2.w15-c1.preschool.condition-understanding,nuvia.history.baghdad-translation,nuvia.history.baghdad-translation.c1,실제 역사 확인 후 바뀐 조건 한 가지 이해,learner,nuvia.semantic.ref.w15-c1.object,nuvia.semantic.ref.w15-c1.resource,사본 접근 가능 여부,beforeAction,notApplicable,viewActualHistoryThenSelectCondition,실제 역사 FACT와 게임의 CHANGED_CONDITION을 서로 다른 표시·이벤트로 확인,"[""nuvia.history.baghdad-translation.c1""]","[""nuvia.history.baghdad-translation.c1.prohibitedClaims"", ""실제 역사와 바꾼 조건을 같은 사실로 표시"", ""다른 조건 fallback""]","[""S1324-04"", ""S1324-05""]",nuvia.history.baghdad-translation.c1,historyViewed+conditionSelected,nuvia.age.preschool.v1,"{""cognitiveAction"": ""보기·조건 선택 단계이며 PASS 핵심 활동이 아님""}"
canonicalStage,W15-C1,preschool,다른 책 한 권을 못 보면 다음 모습은 어떨까요?,다음 모습을 말하거나 그려 봐요.,nuvia.semantic.v1_1_r2.w15-c1.preschool.prediction,nuvia.history.baghdad-translation,nuvia.history.baghdad-translation.c1,결과 공개 전 다음 장면 한 가지 예측,learner,nuvia.semantic.ref.w15-c1.object,nuvia.semantic.ref.w15-c1.resource,사본 접근 가능 여부,possibleFuture,notApplicable,voice|drawing|deferred,변경 조건 이후의 가까운 다음 모습 한 가지; 정답·적중 점수 없음,notApplicable,"[""nuvia.history.baghdad-translation.c1.prohibitedClaims"", ""근거·반론·핵심 활동을 한 질문에 함께 요구"", ""결과 공개 후 수정"", ""예측을 실제 역사로 표시""]",notApplicable,nuvia.history.baghdad-translation.c1,predictionSnapshot,nuvia.age.preschool.v1,"{""cognitiveAction"": ""최초 예측은 PASS 핵심 활동으로 중복 집계하지 않음"", ""allowedAnswerIds"": ""자유 말·글·그림·보류 응답이며 고정 정답 ID를 만들지 않음"", ""sourceFactId"": ""예측 내용은 역사 사실 주장이 아님; 승인 실제 사실은 조건 이해 단계에서 연결""}"
canonicalStage,W15-C1,preschool,책을 살펴볼 차례를 놓아 볼까요?,할 일 그림을 차례로 놓아 봐요.,nuvia.semantic.v1_1_r2.w15-c1.preschool.core-activity,nuvia.history.baghdad-translation,nuvia.history.baghdad-translation.c1,승인된 PASS 핵심 인지 활동 수행,learner,nuvia.semantic.ref.w15-c1.object,nuvia.semantic.ref.w15-c1.resource,사본 접근 가능 여부,duringAction,arrangeSequence,action.arrangeSequence.r2 payload 또는 activityDeferred,검토 절차의 선후를 구성한 뒤 중단 위치를 별도 입력,"[""nuvia.history.baghdad-translation.c1.step.1"", ""nuvia.history.baghdad-translation.c1.step.2"", ""nuvia.history.baghdad-translation.c1.step.3"", ""nuvia.history.baghdad-translation.c1.reason.1"", ""nuvia.history.baghdad-translation.c1.reason.2""]","[""nuvia.history.baghdad-translation.c1.prohibitedClaims"", ""활동 라벨을 나의 이야기로 저장"", ""입력하지 않은 계획·근거·태도·정확성 생성""]","[""S1324-04"", ""S1324-05""]",nuvia.history.baghdad-translation.c1,cognitiveActionRecorded 또는 activityDeferred,nuvia.age.preschool.v1,{}
canonicalStage,W15-C1,preschool,이 조건에서 달라질 수 있는 모습을 살펴봐요.,가능성 하나가 정답이라고 표시하지 않아요.,nuvia.semantic.v1_1_r2.w15-c1.preschool.alternate-result,nuvia.history.baghdad-translation,nuvia.history.baghdad-translation.c1,변경 조건에서 가능한 결과 A/B 확인,learner,nuvia.semantic.ref.w15-c1.object,nuvia.semantic.ref.w15-c1.resource,사본 접근 가능 여부,immediateResult,notApplicable,viewLevel3PossibilityAOrB,실제 역사와 분리된 Level 3 가능성; 정답이 아님,"[""A"", ""B""]","[""nuvia.history.baghdad-translation.c1.prohibitedClaims"", ""가능성 A/B를 사실·정답·적중 점수로 표시"", ""장기 결과 단정""]",notApplicable,nuvia.history.baghdad-translation.c1,alternateViewed,nuvia.age.preschool.v1,"{""cognitiveAction"": ""가능성 열람 단계"", ""sourceFactId"": ""가상 가능성은 출처가 확인하는 실제 사실이 아님""}"
canonicalStage,W15-C1,preschool,나만의 이야기를 말·글·그림으로 남겨 봐요.,남기지 않아도 다른 기록으로 대신 채우지 않아요.,nuvia.semantic.v1_1_r2.w15-c1.preschool.learner-story,nuvia.history.baghdad-translation,nuvia.history.baghdad-translation.c1,사용자가 직접 나만의 이야기 남기기,learner,nuvia.semantic.ref.w15-c1.object,notApplicable,사본 접근 가능 여부,reflection,notApplicable,writing|voice|drawing|mixed|deferred,사용자가 직접 남긴 말·글·그림 원문 또는 남기지 않음,notApplicable,"[""핵심 활동 라벨·예측·시스템 문구를 사용자 이야기로 복사"", ""사용자 입력이 없는데 이야기 생성"", ""AI 보완·요약·평가""]",notApplicable,nuvia.history.baghdad-translation.c1,storyRecorded,nuvia.age.preschool.v1,"{""resourceId"": ""말·글·그림 자유 표현이며 고정 역사 자원 선택이 아님"", ""cognitiveAction"": ""자유 창작은 PASS 핵심 활동으로 중복 집계하지 않음"", ""allowedAnswerIds"": ""자유 창작에 고정 답안 없음"", ""sourceFactId"": ""사용자 창작은 승인 역사 사실이 아님""}"
canonicalStage,W15-C1,preschool,"실제 역사와 내가 만든 이야기를 비교해 보고, 가장 눈에 띈 점 하나를 남겨 보세요.",사용자 원문을 그대로 저장해요.,nuvia.semantic.v1_1_r2.w15-c1.preschool.history-comparison,nuvia.history.baghdad-translation,nuvia.history.baghdad-translation.c1,실제 역사와 나의 역사 비교,learner,nuvia.semantic.ref.w15-c1.object,notApplicable,사본 접근 가능 여부,comparison,notApplicable,writing|voice|drawing|mixed|deferred,가장 눈에 띈 점 하나와 연령에 따라 선택적 근거; 사용자 원문,notApplicable,"[""같았어요/달랐어요/새롭게 알았어요 고정 카드"", ""prediction 비교 fallback"", ""AI 분류·요약·채점""]","[""S1324-04"", ""S1324-05""]",nuvia.history.baghdad-translation.c1,comparisonCompleted(history)+bookPage7+growthReport,nuvia.age.preschool.v1,"{""resourceId"": ""실제 역사 요약과 사용자 이야기 참조이며 새 고정 답안 자원이 아님"", ""cognitiveAction"": ""자유 비교는 PASS 핵심 활동으로 중복 집계하지 않음"", ""allowedAnswerIds"": ""comparisonTag와 고정 비교 카드 폐기""}"
canonicalStage,W15-C1,preschool,"처음 생각과 실제 역사를 비교해 보고, 가장 눈에 띈 점 하나를 남겨 보세요.",처음 예측은 바꾸지 않고 사용자 원문을 그대로 저장해요.,nuvia.semantic.v1_1_r2.w15-c1.preschool.prediction-comparison,nuvia.history.baghdad-translation,nuvia.history.baghdad-translation.c1,최초 예측과 실제 역사 비교,learner,nuvia.semantic.ref.w15-c1.object,notApplicable,사본 접근 가능 여부,comparison,notApplicable,writing|voice|drawing|mixed|deferred,처음 생각과 실제 역사에서 눈에 띈 점 하나와 연령에 따라 선택적 근거; 사용자 원문,notApplicable,"[""history 비교 fallback"", ""최초 예측 사후 변경"", ""같았어요/달랐어요/새롭게 알았어요 고정 카드"", ""AI 분류·요약·채점""]","[""S1324-04"", ""S1324-05""]",nuvia.history.baghdad-translation.c1,comparisonCompleted(prediction)+bookPage8+growthReport,nuvia.age.preschool.v1,"{""resourceId"": ""잠긴 predictionSnapshot과 실제 역사 핵심 한 줄을 참조"", ""cognitiveAction"": ""자유 비교는 PASS 핵심 활동으로 중복 집계하지 않음"", ""allowedAnswerIds"": ""comparisonTag와 고정 비교 카드 폐기""}"
canonicalStage,W15-C1,preschool,이야기책과 성장 기록을 볼 수 있어요.,같은 결과 기록만 연결해요.,nuvia.semantic.v1_1_r2.w15-c1.preschool.artifact-link,nuvia.history.baghdad-translation,nuvia.history.baghdad-translation.c1,같은 결과의 이야기책·성장 리포트 연결,learner,nuvia.semantic.ref.w15-c1.object,notApplicable,notApplicable,reflection,notApplicable,viewBook|viewReport|print,같은 resultId·missionId·conditionId·버전의 실제 입력만 표시,"[""viewStoryBook"", ""viewGrowthReport"", ""print""]","[""다른 resultId·미션·조건·버전 혼입"", ""없는 값 소급 생성"", ""책7/8 입력 fallback""]","[""S1324-04"", ""S1324-05""]",nuvia.history.baghdad-translation.c1,storyBook8Pages+integratedGrowthReport,nuvia.age.preschool.v1,"{""resourceId"": ""새 응답 자원이 아니라 저장된 같은 resultId 레코드 연결"", ""changedAttribute"": ""이 단계에서 역사 조건을 다시 변경하지 않음"", ""cognitiveAction"": ""결과 열람·인쇄 연결 단계""}"
canonicalStage,W15-C1,elementary-low,대조하려던 다른 사본 한 권을 볼 수 없다면,실제 역사와 게임에서 바꿀 조건을 순서대로 확인해요.,nuvia.semantic.v1_1_r2.w15-c1.elementary-low.condition-understanding,nuvia.history.baghdad-translation,nuvia.history.baghdad-translation.c1,실제 역사 확인 후 바뀐 조건 한 가지 이해,learner,nuvia.semantic.ref.w15-c1.object,nuvia.semantic.ref.w15-c1.resource,사본 접근 가능 여부,beforeAction,notApplicable,viewActualHistoryThenSelectCondition,실제 역사 FACT와 게임의 CHANGED_CONDITION을 서로 다른 표시·이벤트로 확인,"[""nuvia.history.baghdad-translation.c1""]","[""nuvia.history.baghdad-translation.c1.prohibitedClaims"", ""실제 역사와 바꾼 조건을 같은 사실로 표시"", ""다른 조건 fallback""]","[""S1324-04"", ""S1324-05""]",nuvia.history.baghdad-translation.c1,historyViewed+conditionSelected,nuvia.age.elementary-low.v1,"{""cognitiveAction"": ""보기·조건 선택 단계이며 PASS 핵심 활동이 아님""}"
canonicalStage,W15-C1,elementary-low,다른 책 한 권을 못 보면 다음 모습은 어떨까요?,다음 모습을 한 가지 남겨 봐요.,nuvia.semantic.v1_1_r2.w15-c1.elementary-low.prediction,nuvia.history.baghdad-translation,nuvia.history.baghdad-translation.c1,결과 공개 전 다음 장면 한 가지 예측,learner,nuvia.semantic.ref.w15-c1.object,nuvia.semantic.ref.w15-c1.resource,사본 접근 가능 여부,possibleFuture,notApplicable,voice|drawing|writing|deferred,변경 조건 이후의 가까운 다음 모습 한 가지; 정답·적중 점수 없음,notApplicable,"[""nuvia.history.baghdad-translation.c1.prohibitedClaims"", ""근거·반론·핵심 활동을 한 질문에 함께 요구"", ""결과 공개 후 수정"", ""예측을 실제 역사로 표시""]",notApplicable,nuvia.history.baghdad-translation.c1,predictionSnapshot,nuvia.age.elementary-low.v1,"{""cognitiveAction"": ""최초 예측은 PASS 핵심 활동으로 중복 집계하지 않음"", ""allowedAnswerIds"": ""자유 말·글·그림·보류 응답이며 고정 정답 ID를 만들지 않음"", ""sourceFactId"": ""예측 내용은 역사 사실 주장이 아님; 승인 실제 사실은 조건 이해 단계에서 연결""}"
canonicalStage,W15-C1,elementary-low,책을 살펴볼 차례를 놓아 볼까요?,할 일 그림을 차례로 놓아 봐요.,nuvia.semantic.v1_1_r2.w15-c1.elementary-low.core-activity,nuvia.history.baghdad-translation,nuvia.history.baghdad-translation.c1,승인된 PASS 핵심 인지 활동 수행,learner,nuvia.semantic.ref.w15-c1.object,nuvia.semantic.ref.w15-c1.resource,사본 접근 가능 여부,duringAction,arrangeSequence,action.arrangeSequence.r2 payload 또는 activityDeferred,검토 절차의 선후를 구성한 뒤 중단 위치를 별도 입력,"[""nuvia.history.baghdad-translation.c1.step.1"", ""nuvia.history.baghdad-translation.c1.step.2"", ""nuvia.history.baghdad-translation.c1.step.3"", ""nuvia.history.baghdad-translation.c1.reason.1"", ""nuvia.history.baghdad-translation.c1.reason.2""]","[""nuvia.history.baghdad-translation.c1.prohibitedClaims"", ""활동 라벨을 나의 이야기로 저장"", ""입력하지 않은 계획·근거·태도·정확성 생성""]","[""S1324-04"", ""S1324-05""]",nuvia.history.baghdad-translation.c1,cognitiveActionRecorded 또는 activityDeferred,nuvia.age.elementary-low.v1,{}
canonicalStage,W15-C1,elementary-low,이 조건에서 달라질 수 있는 모습을 살펴봐요.,가능성 하나가 정답이라고 표시하지 않아요.,nuvia.semantic.v1_1_r2.w15-c1.elementary-low.alternate-result,nuvia.history.baghdad-translation,nuvia.history.baghdad-translation.c1,변경 조건에서 가능한 결과 A/B 확인,learner,nuvia.semantic.ref.w15-c1.object,nuvia.semantic.ref.w15-c1.resource,사본 접근 가능 여부,immediateResult,notApplicable,viewLevel3PossibilityAOrB,실제 역사와 분리된 Level 3 가능성; 정답이 아님,"[""A"", ""B""]","[""nuvia.history.baghdad-translation.c1.prohibitedClaims"", ""가능성 A/B를 사실·정답·적중 점수로 표시"", ""장기 결과 단정""]",notApplicable,nuvia.history.baghdad-translation.c1,alternateViewed,nuvia.age.elementary-low.v1,"{""cognitiveAction"": ""가능성 열람 단계"", ""sourceFactId"": ""가상 가능성은 출처가 확인하는 실제 사실이 아님""}"
canonicalStage,W15-C1,elementary-low,나만의 이야기를 말·글·그림으로 남겨 봐요.,남기지 않아도 다른 기록으로 대신 채우지 않아요.,nuvia.semantic.v1_1_r2.w15-c1.elementary-low.learner-story,nuvia.history.baghdad-translation,nuvia.history.baghdad-translation.c1,사용자가 직접 나만의 이야기 남기기,learner,nuvia.semantic.ref.w15-c1.object,notApplicable,사본 접근 가능 여부,reflection,notApplicable,writing|voice|drawing|mixed|deferred,사용자가 직접 남긴 말·글·그림 원문 또는 남기지 않음,notApplicable,"[""핵심 활동 라벨·예측·시스템 문구를 사용자 이야기로 복사"", ""사용자 입력이 없는데 이야기 생성"", ""AI 보완·요약·평가""]",notApplicable,nuvia.history.baghdad-translation.c1,storyRecorded,nuvia.age.elementary-low.v1,"{""resourceId"": ""말·글·그림 자유 표현이며 고정 역사 자원 선택이 아님"", ""cognitiveAction"": ""자유 창작은 PASS 핵심 활동으로 중복 집계하지 않음"", ""allowedAnswerIds"": ""자유 창작에 고정 답안 없음"", ""sourceFactId"": ""사용자 창작은 승인 역사 사실이 아님""}"
canonicalStage,W15-C1,elementary-low,"실제 역사와 내가 만든 이야기를 비교해 보고, 가장 눈에 띈 점 하나를 남겨 보세요.",사용자 원문을 그대로 저장해요.,nuvia.semantic.v1_1_r2.w15-c1.elementary-low.history-comparison,nuvia.history.baghdad-translation,nuvia.history.baghdad-translation.c1,실제 역사와 나의 역사 비교,learner,nuvia.semantic.ref.w15-c1.object,notApplicable,사본 접근 가능 여부,comparison,notApplicable,writing|voice|drawing|mixed|deferred,가장 눈에 띈 점 하나와 연령에 따라 선택적 근거; 사용자 원문,notApplicable,"[""같았어요/달랐어요/새롭게 알았어요 고정 카드"", ""prediction 비교 fallback"", ""AI 분류·요약·채점""]","[""S1324-04"", ""S1324-05""]",nuvia.history.baghdad-translation.c1,comparisonCompleted(history)+bookPage7+growthReport,nuvia.age.elementary-low.v1,"{""resourceId"": ""실제 역사 요약과 사용자 이야기 참조이며 새 고정 답안 자원이 아님"", ""cognitiveAction"": ""자유 비교는 PASS 핵심 활동으로 중복 집계하지 않음"", ""allowedAnswerIds"": ""comparisonTag와 고정 비교 카드 폐기""}"
canonicalStage,W15-C1,elementary-low,"처음 생각과 실제 역사를 비교해 보고, 가장 눈에 띈 점 하나를 남겨 보세요.",처음 예측은 바꾸지 않고 사용자 원문을 그대로 저장해요.,nuvia.semantic.v1_1_r2.w15-c1.elementary-low.prediction-comparison,nuvia.history.baghdad-translation,nuvia.history.baghdad-translation.c1,최초 예측과 실제 역사 비교,learner,nuvia.semantic.ref.w15-c1.object,notApplicable,사본 접근 가능 여부,comparison,notApplicable,writing|voice|drawing|mixed|deferred,처음 생각과 실제 역사에서 눈에 띈 점 하나와 연령에 따라 선택적 근거; 사용자 원문,notApplicable,"[""history 비교 fallback"", ""최초 예측 사후 변경"", ""같았어요/달랐어요/새롭게 알았어요 고정 카드"", ""AI 분류·요약·채점""]","[""S1324-04"", ""S1324-05""]",nuvia.history.baghdad-translation.c1,comparisonCompleted(prediction)+bookPage8+growthReport,nuvia.age.elementary-low.v1,"{""resourceId"": ""잠긴 predictionSnapshot과 실제 역사 핵심 한 줄을 참조"", ""cognitiveAction"": ""자유 비교는 PASS 핵심 활동으로 중복 집계하지 않음"", ""allowedAnswerIds"": ""comparisonTag와 고정 비교 카드 폐기""}"
canonicalStage,W15-C1,elementary-low,이야기책과 성장 기록을 볼 수 있어요.,같은 결과 기록만 연결해요.,nuvia.semantic.v1_1_r2.w15-c1.elementary-low.artifact-link,nuvia.history.baghdad-translation,nuvia.history.baghdad-translation.c1,같은 결과의 이야기책·성장 리포트 연결,learner,nuvia.semantic.ref.w15-c1.object,notApplicable,notApplicable,reflection,notApplicable,viewBook|viewReport|print,같은 resultId·missionId·conditionId·버전의 실제 입력만 표시,"[""viewStoryBook"", ""viewGrowthReport"", ""print""]","[""다른 resultId·미션·조건·버전 혼입"", ""없는 값 소급 생성"", ""책7/8 입력 fallback""]","[""S1324-04"", ""S1324-05""]",nuvia.history.baghdad-translation.c1,storyBook8Pages+integratedGrowthReport,nuvia.age.elementary-low.v1,"{""resourceId"": ""새 응답 자원이 아니라 저장된 같은 resultId 레코드 연결"", ""changedAttribute"": ""이 단계에서 역사 조건을 다시 변경하지 않음"", ""cognitiveAction"": ""결과 열람·인쇄 연결 단계""}"
canonicalStage,W15-C1,elementary-high,대조하려던 다른 사본 한 권을 볼 수 없다면,실제 역사와 게임에서 바꿀 조건을 순서대로 확인해요.,nuvia.semantic.v1_1_r2.w15-c1.elementary-high.condition-understanding,nuvia.history.baghdad-translation,nuvia.history.baghdad-translation.c1,실제 역사 확인 후 바뀐 조건 한 가지 이해,learner,nuvia.semantic.ref.w15-c1.object,nuvia.semantic.ref.w15-c1.resource,사본 접근 가능 여부,beforeAction,notApplicable,viewActualHistoryThenSelectCondition,실제 역사 FACT와 게임의 CHANGED_CONDITION을 서로 다른 표시·이벤트로 확인,"[""nuvia.history.baghdad-translation.c1""]","[""nuvia.history.baghdad-translation.c1.prohibitedClaims"", ""실제 역사와 바꾼 조건을 같은 사실로 표시"", ""다른 조건 fallback""]","[""S1324-04"", ""S1324-05""]",nuvia.history.baghdad-translation.c1,historyViewed+conditionSelected,nuvia.age.elementary-high.v1,"{""cognitiveAction"": ""보기·조건 선택 단계이며 PASS 핵심 활동이 아님""}"
canonicalStage,W15-C1,elementary-high,다른 사본 한 권을 볼 수 없으면 다음 대조 모습은 어떨까요?,바로 다음 모습을 한 가지 예상해요.,nuvia.semantic.v1_1_r2.w15-c1.elementary-high.prediction,nuvia.history.baghdad-translation,nuvia.history.baghdad-translation.c1,결과 공개 전 다음 장면 한 가지 예측,learner,nuvia.semantic.ref.w15-c1.object,nuvia.semantic.ref.w15-c1.resource,사본 접근 가능 여부,possibleFuture,notApplicable,writing|voice|drawing|deferred,변경 조건 이후의 가까운 다음 모습 한 가지; 정답·적중 점수 없음,notApplicable,"[""nuvia.history.baghdad-translation.c1.prohibitedClaims"", ""근거·반론·핵심 활동을 한 질문에 함께 요구"", ""결과 공개 후 수정"", ""예측을 실제 역사로 표시""]",notApplicable,nuvia.history.baghdad-translation.c1,predictionSnapshot,nuvia.age.elementary-high.v1,"{""cognitiveAction"": ""최초 예측은 PASS 핵심 활동으로 중복 집계하지 않음"", ""allowedAnswerIds"": ""자유 말·글·그림·보류 응답이며 고정 정답 ID를 만들지 않음"", ""sourceFactId"": ""예측 내용은 역사 사실 주장이 아님; 승인 실제 사실은 조건 이해 단계에서 연결""}"
canonicalStage,W15-C1,elementary-high,사본을 살펴볼 차례를 놓아 볼까요?,할 일을 앞뒤 차례로 놓아요.,nuvia.semantic.v1_1_r2.w15-c1.elementary-high.core-activity,nuvia.history.baghdad-translation,nuvia.history.baghdad-translation.c1,승인된 PASS 핵심 인지 활동 수행,learner,nuvia.semantic.ref.w15-c1.object,nuvia.semantic.ref.w15-c1.resource,사본 접근 가능 여부,duringAction,arrangeSequence,action.arrangeSequence.r2 payload 또는 activityDeferred,검토 절차의 선후를 구성한 뒤 중단 위치를 별도 입력,"[""nuvia.history.baghdad-translation.c1.step.1"", ""nuvia.history.baghdad-translation.c1.step.2"", ""nuvia.history.baghdad-translation.c1.step.3"", ""nuvia.history.baghdad-translation.c1.reason.1"", ""nuvia.history.baghdad-translation.c1.reason.2""]","[""nuvia.history.baghdad-translation.c1.prohibitedClaims"", ""활동 라벨을 나의 이야기로 저장"", ""입력하지 않은 계획·근거·태도·정확성 생성""]","[""S1324-04"", ""S1324-05""]",nuvia.history.baghdad-translation.c1,cognitiveActionRecorded 또는 activityDeferred,nuvia.age.elementary-high.v1,{}
canonicalStage,W15-C1,elementary-high,이 조건에서 달라질 수 있는 모습을 살펴봐요.,가능성 하나가 정답이라고 표시하지 않아요.,nuvia.semantic.v1_1_r2.w15-c1.elementary-high.alternate-result,nuvia.history.baghdad-translation,nuvia.history.baghdad-translation.c1,변경 조건에서 가능한 결과 A/B 확인,learner,nuvia.semantic.ref.w15-c1.object,nuvia.semantic.ref.w15-c1.resource,사본 접근 가능 여부,immediateResult,notApplicable,viewLevel3PossibilityAOrB,실제 역사와 분리된 Level 3 가능성; 정답이 아님,"[""A"", ""B""]","[""nuvia.history.baghdad-translation.c1.prohibitedClaims"", ""가능성 A/B를 사실·정답·적중 점수로 표시"", ""장기 결과 단정""]",notApplicable,nuvia.history.baghdad-translation.c1,alternateViewed,nuvia.age.elementary-high.v1,"{""cognitiveAction"": ""가능성 열람 단계"", ""sourceFactId"": ""가상 가능성은 출처가 확인하는 실제 사실이 아님""}"
canonicalStage,W15-C1,elementary-high,나만의 이야기를 말·글·그림으로 남겨 봐요.,남기지 않아도 다른 기록으로 대신 채우지 않아요.,nuvia.semantic.v1_1_r2.w15-c1.elementary-high.learner-story,nuvia.history.baghdad-translation,nuvia.history.baghdad-translation.c1,사용자가 직접 나만의 이야기 남기기,learner,nuvia.semantic.ref.w15-c1.object,notApplicable,사본 접근 가능 여부,reflection,notApplicable,writing|voice|drawing|mixed|deferred,사용자가 직접 남긴 말·글·그림 원문 또는 남기지 않음,notApplicable,"[""핵심 활동 라벨·예측·시스템 문구를 사용자 이야기로 복사"", ""사용자 입력이 없는데 이야기 생성"", ""AI 보완·요약·평가""]",notApplicable,nuvia.history.baghdad-translation.c1,storyRecorded,nuvia.age.elementary-high.v1,"{""resourceId"": ""말·글·그림 자유 표현이며 고정 역사 자원 선택이 아님"", ""cognitiveAction"": ""자유 창작은 PASS 핵심 활동으로 중복 집계하지 않음"", ""allowedAnswerIds"": ""자유 창작에 고정 답안 없음"", ""sourceFactId"": ""사용자 창작은 승인 역사 사실이 아님""}"
canonicalStage,W15-C1,elementary-high,"실제 역사와 내가 만든 이야기를 비교해 보고, 가장 눈에 띈 점 하나를 남겨 보세요.",사용자 원문을 그대로 저장해요.,nuvia.semantic.v1_1_r2.w15-c1.elementary-high.history-comparison,nuvia.history.baghdad-translation,nuvia.history.baghdad-translation.c1,실제 역사와 나의 역사 비교,learner,nuvia.semantic.ref.w15-c1.object,notApplicable,사본 접근 가능 여부,comparison,notApplicable,writing|voice|drawing|mixed|deferred,가장 눈에 띈 점 하나와 연령에 따라 선택적 근거; 사용자 원문,notApplicable,"[""같았어요/달랐어요/새롭게 알았어요 고정 카드"", ""prediction 비교 fallback"", ""AI 분류·요약·채점""]","[""S1324-04"", ""S1324-05""]",nuvia.history.baghdad-translation.c1,comparisonCompleted(history)+bookPage7+growthReport,nuvia.age.elementary-high.v1,"{""resourceId"": ""실제 역사 요약과 사용자 이야기 참조이며 새 고정 답안 자원이 아님"", ""cognitiveAction"": ""자유 비교는 PASS 핵심 활동으로 중복 집계하지 않음"", ""allowedAnswerIds"": ""comparisonTag와 고정 비교 카드 폐기""}"
canonicalStage,W15-C1,elementary-high,"처음 생각과 실제 역사를 비교해 보고, 가장 눈에 띈 점 하나를 남겨 보세요.",처음 예측은 바꾸지 않고 사용자 원문을 그대로 저장해요.,nuvia.semantic.v1_1_r2.w15-c1.elementary-high.prediction-comparison,nuvia.history.baghdad-translation,nuvia.history.baghdad-translation.c1,최초 예측과 실제 역사 비교,learner,nuvia.semantic.ref.w15-c1.object,notApplicable,사본 접근 가능 여부,comparison,notApplicable,writing|voice|drawing|mixed|deferred,처음 생각과 실제 역사에서 눈에 띈 점 하나와 연령에 따라 선택적 근거; 사용자 원문,notApplicable,"[""history 비교 fallback"", ""최초 예측 사후 변경"", ""같았어요/달랐어요/새롭게 알았어요 고정 카드"", ""AI 분류·요약·채점""]","[""S1324-04"", ""S1324-05""]",nuvia.history.baghdad-translation.c1,comparisonCompleted(prediction)+bookPage8+growthReport,nuvia.age.elementary-high.v1,"{""resourceId"": ""잠긴 predictionSnapshot과 실제 역사 핵심 한 줄을 참조"", ""cognitiveAction"": ""자유 비교는 PASS 핵심 활동으로 중복 집계하지 않음"", ""allowedAnswerIds"": ""comparisonTag와 고정 비교 카드 폐기""}"
canonicalStage,W15-C1,elementary-high,이야기책과 성장 기록을 볼 수 있어요.,같은 결과 기록만 연결해요.,nuvia.semantic.v1_1_r2.w15-c1.elementary-high.artifact-link,nuvia.history.baghdad-translation,nuvia.history.baghdad-translation.c1,같은 결과의 이야기책·성장 리포트 연결,learner,nuvia.semantic.ref.w15-c1.object,notApplicable,notApplicable,reflection,notApplicable,viewBook|viewReport|print,같은 resultId·missionId·conditionId·버전의 실제 입력만 표시,"[""viewStoryBook"", ""viewGrowthReport"", ""print""]","[""다른 resultId·미션·조건·버전 혼입"", ""없는 값 소급 생성"", ""책7/8 입력 fallback""]","[""S1324-04"", ""S1324-05""]",nuvia.history.baghdad-translation.c1,storyBook8Pages+integratedGrowthReport,nuvia.age.elementary-high.v1,"{""resourceId"": ""새 응답 자원이 아니라 저장된 같은 resultId 레코드 연결"", ""changedAttribute"": ""이 단계에서 역사 조건을 다시 변경하지 않음"", ""cognitiveAction"": ""결과 열람·인쇄 연결 단계""}"
canonicalStage,W15-C1,middle-school,대조하려던 다른 사본 한 권을 볼 수 없다면,실제 역사와 게임에서 바꿀 조건을 순서대로 확인해요.,nuvia.semantic.v1_1_r2.w15-c1.middle-school.condition-understanding,nuvia.history.baghdad-translation,nuvia.history.baghdad-translation.c1,실제 역사 확인 후 바뀐 조건 한 가지 이해,learner,nuvia.semantic.ref.w15-c1.object,nuvia.semantic.ref.w15-c1.resource,사본 접근 가능 여부,beforeAction,notApplicable,viewActualHistoryThenSelectCondition,실제 역사 FACT와 게임의 CHANGED_CONDITION을 서로 다른 표시·이벤트로 확인,"[""nuvia.history.baghdad-translation.c1""]","[""nuvia.history.baghdad-translation.c1.prohibitedClaims"", ""실제 역사와 바꾼 조건을 같은 사실로 표시"", ""다른 조건 fallback""]","[""S1324-04"", ""S1324-05""]",nuvia.history.baghdad-translation.c1,historyViewed+conditionSelected,nuvia.age.middle-school.v1,"{""cognitiveAction"": ""보기·조건 선택 단계이며 PASS 핵심 활동이 아님""}"
canonicalStage,W15-C1,middle-school,다른 사본 한 권을 볼 수 없으면 다음 대조 모습은 어떨까요?,바로 다음 가능성을 한 가지 예상해요.,nuvia.semantic.v1_1_r2.w15-c1.middle-school.prediction,nuvia.history.baghdad-translation,nuvia.history.baghdad-translation.c1,결과 공개 전 다음 장면 한 가지 예측,learner,nuvia.semantic.ref.w15-c1.object,nuvia.semantic.ref.w15-c1.resource,사본 접근 가능 여부,possibleFuture,notApplicable,writing|voice|drawing|deferred,변경 조건 이후의 가까운 다음 모습 한 가지; 정답·적중 점수 없음,notApplicable,"[""nuvia.history.baghdad-translation.c1.prohibitedClaims"", ""근거·반론·핵심 활동을 한 질문에 함께 요구"", ""결과 공개 후 수정"", ""예측을 실제 역사로 표시""]",notApplicable,nuvia.history.baghdad-translation.c1,predictionSnapshot,nuvia.age.middle-school.v1,"{""cognitiveAction"": ""최초 예측은 PASS 핵심 활동으로 중복 집계하지 않음"", ""allowedAnswerIds"": ""자유 말·글·그림·보류 응답이며 고정 정답 ID를 만들지 않음"", ""sourceFactId"": ""예측 내용은 역사 사실 주장이 아님; 승인 실제 사실은 조건 이해 단계에서 연결""}"
canonicalStage,W15-C1,middle-school,사본 대조의 차례를 구성해 볼까요?,할 일을 앞뒤 차례로 놓아요.,nuvia.semantic.v1_1_r2.w15-c1.middle-school.core-activity,nuvia.history.baghdad-translation,nuvia.history.baghdad-translation.c1,승인된 PASS 핵심 인지 활동 수행,learner,nuvia.semantic.ref.w15-c1.object,nuvia.semantic.ref.w15-c1.resource,사본 접근 가능 여부,duringAction,arrangeSequence,action.arrangeSequence.r2 payload 또는 activityDeferred,검토 절차의 선후를 구성한 뒤 중단 위치를 별도 입력,"[""nuvia.history.baghdad-translation.c1.step.1"", ""nuvia.history.baghdad-translation.c1.step.2"", ""nuvia.history.baghdad-translation.c1.step.3"", ""nuvia.history.baghdad-translation.c1.reason.1"", ""nuvia.history.baghdad-translation.c1.reason.2""]","[""nuvia.history.baghdad-translation.c1.prohibitedClaims"", ""활동 라벨을 나의 이야기로 저장"", ""입력하지 않은 계획·근거·태도·정확성 생성""]","[""S1324-04"", ""S1324-05""]",nuvia.history.baghdad-translation.c1,cognitiveActionRecorded 또는 activityDeferred,nuvia.age.middle-school.v1,{}
canonicalStage,W15-C1,middle-school,이 조건에서 달라질 수 있는 모습을 살펴봐요.,가능성 하나가 정답이라고 표시하지 않아요.,nuvia.semantic.v1_1_r2.w15-c1.middle-school.alternate-result,nuvia.history.baghdad-translation,nuvia.history.baghdad-translation.c1,변경 조건에서 가능한 결과 A/B 확인,learner,nuvia.semantic.ref.w15-c1.object,nuvia.semantic.ref.w15-c1.resource,사본 접근 가능 여부,immediateResult,notApplicable,viewLevel3PossibilityAOrB,실제 역사와 분리된 Level 3 가능성; 정답이 아님,"[""A"", ""B""]","[""nuvia.history.baghdad-translation.c1.prohibitedClaims"", ""가능성 A/B를 사실·정답·적중 점수로 표시"", ""장기 결과 단정""]",notApplicable,nuvia.history.baghdad-translation.c1,alternateViewed,nuvia.age.middle-school.v1,"{""cognitiveAction"": ""가능성 열람 단계"", ""sourceFactId"": ""가상 가능성은 출처가 확인하는 실제 사실이 아님""}"
canonicalStage,W15-C1,middle-school,나만의 이야기를 말·글·그림으로 남겨 봐요.,남기지 않아도 다른 기록으로 대신 채우지 않아요.,nuvia.semantic.v1_1_r2.w15-c1.middle-school.learner-story,nuvia.history.baghdad-translation,nuvia.history.baghdad-translation.c1,사용자가 직접 나만의 이야기 남기기,learner,nuvia.semantic.ref.w15-c1.object,notApplicable,사본 접근 가능 여부,reflection,notApplicable,writing|voice|drawing|mixed|deferred,사용자가 직접 남긴 말·글·그림 원문 또는 남기지 않음,notApplicable,"[""핵심 활동 라벨·예측·시스템 문구를 사용자 이야기로 복사"", ""사용자 입력이 없는데 이야기 생성"", ""AI 보완·요약·평가""]",notApplicable,nuvia.history.baghdad-translation.c1,storyRecorded,nuvia.age.middle-school.v1,"{""resourceId"": ""말·글·그림 자유 표현이며 고정 역사 자원 선택이 아님"", ""cognitiveAction"": ""자유 창작은 PASS 핵심 활동으로 중복 집계하지 않음"", ""allowedAnswerIds"": ""자유 창작에 고정 답안 없음"", ""sourceFactId"": ""사용자 창작은 승인 역사 사실이 아님""}"
canonicalStage,W15-C1,middle-school,"실제 역사와 내가 만든 이야기를 비교해 보고, 가장 눈에 띈 점 하나를 남겨 보세요.",사용자 원문을 그대로 저장해요.,nuvia.semantic.v1_1_r2.w15-c1.middle-school.history-comparison,nuvia.history.baghdad-translation,nuvia.history.baghdad-translation.c1,실제 역사와 나의 역사 비교,learner,nuvia.semantic.ref.w15-c1.object,notApplicable,사본 접근 가능 여부,comparison,notApplicable,writing|voice|drawing|mixed|deferred,가장 눈에 띈 점 하나와 연령에 따라 선택적 근거; 사용자 원문,notApplicable,"[""같았어요/달랐어요/새롭게 알았어요 고정 카드"", ""prediction 비교 fallback"", ""AI 분류·요약·채점""]","[""S1324-04"", ""S1324-05""]",nuvia.history.baghdad-translation.c1,comparisonCompleted(history)+bookPage7+growthReport,nuvia.age.middle-school.v1,"{""resourceId"": ""실제 역사 요약과 사용자 이야기 참조이며 새 고정 답안 자원이 아님"", ""cognitiveAction"": ""자유 비교는 PASS 핵심 활동으로 중복 집계하지 않음"", ""allowedAnswerIds"": ""comparisonTag와 고정 비교 카드 폐기""}"
canonicalStage,W15-C1,middle-school,"처음 생각과 실제 역사를 비교해 보고, 가장 눈에 띈 점 하나를 남겨 보세요.",처음 예측은 바꾸지 않고 사용자 원문을 그대로 저장해요.,nuvia.semantic.v1_1_r2.w15-c1.middle-school.prediction-comparison,nuvia.history.baghdad-translation,nuvia.history.baghdad-translation.c1,최초 예측과 실제 역사 비교,learner,nuvia.semantic.ref.w15-c1.object,notApplicable,사본 접근 가능 여부,comparison,notApplicable,writing|voice|drawing|mixed|deferred,처음 생각과 실제 역사에서 눈에 띈 점 하나와 연령에 따라 선택적 근거; 사용자 원문,notApplicable,"[""history 비교 fallback"", ""최초 예측 사후 변경"", ""같았어요/달랐어요/새롭게 알았어요 고정 카드"", ""AI 분류·요약·채점""]","[""S1324-04"", ""S1324-05""]",nuvia.history.baghdad-translation.c1,comparisonCompleted(prediction)+bookPage8+growthReport,nuvia.age.middle-school.v1,"{""resourceId"": ""잠긴 predictionSnapshot과 실제 역사 핵심 한 줄을 참조"", ""cognitiveAction"": ""자유 비교는 PASS 핵심 활동으로 중복 집계하지 않음"", ""allowedAnswerIds"": ""comparisonTag와 고정 비교 카드 폐기""}"
canonicalStage,W15-C1,middle-school,이야기책과 성장 기록을 볼 수 있어요.,같은 결과 기록만 연결해요.,nuvia.semantic.v1_1_r2.w15-c1.middle-school.artifact-link,nuvia.history.baghdad-translation,nuvia.history.baghdad-translation.c1,같은 결과의 이야기책·성장 리포트 연결,learner,nuvia.semantic.ref.w15-c1.object,notApplicable,notApplicable,reflection,notApplicable,viewBook|viewReport|print,같은 resultId·missionId·conditionId·버전의 실제 입력만 표시,"[""viewStoryBook"", ""viewGrowthReport"", ""print""]","[""다른 resultId·미션·조건·버전 혼입"", ""없는 값 소급 생성"", ""책7/8 입력 fallback""]","[""S1324-04"", ""S1324-05""]",nuvia.history.baghdad-translation.c1,storyBook8Pages+integratedGrowthReport,nuvia.age.middle-school.v1,"{""resourceId"": ""새 응답 자원이 아니라 저장된 같은 resultId 레코드 연결"", ""changedAttribute"": ""이 단계에서 역사 조건을 다시 변경하지 않음"", ""cognitiveAction"": ""결과 열람·인쇄 연결 단계""}"
canonicalStage,W15-C1,high-school,대조하려던 다른 사본 한 권을 볼 수 없다면,실제 역사와 게임에서 바꿀 조건을 순서대로 확인해요.,nuvia.semantic.v1_1_r2.w15-c1.high-school.condition-understanding,nuvia.history.baghdad-translation,nuvia.history.baghdad-translation.c1,실제 역사 확인 후 바뀐 조건 한 가지 이해,learner,nuvia.semantic.ref.w15-c1.object,nuvia.semantic.ref.w15-c1.resource,사본 접근 가능 여부,beforeAction,notApplicable,viewActualHistoryThenSelectCondition,실제 역사 FACT와 게임의 CHANGED_CONDITION을 서로 다른 표시·이벤트로 확인,"[""nuvia.history.baghdad-translation.c1""]","[""nuvia.history.baghdad-translation.c1.prohibitedClaims"", ""실제 역사와 바꾼 조건을 같은 사실로 표시"", ""다른 조건 fallback""]","[""S1324-04"", ""S1324-05""]",nuvia.history.baghdad-translation.c1,historyViewed+conditionSelected,nuvia.age.high-school.v1,"{""cognitiveAction"": ""보기·조건 선택 단계이며 PASS 핵심 활동이 아님""}"
canonicalStage,W15-C1,high-school,다른 사본 한 권을 볼 수 없으면 다음 대조 모습은 어떨까요?,바로 다음 가능성을 한 가지 예상해요.,nuvia.semantic.v1_1_r2.w15-c1.high-school.prediction,nuvia.history.baghdad-translation,nuvia.history.baghdad-translation.c1,결과 공개 전 다음 장면 한 가지 예측,learner,nuvia.semantic.ref.w15-c1.object,nuvia.semantic.ref.w15-c1.resource,사본 접근 가능 여부,possibleFuture,notApplicable,writing|voice|drawing|deferred,변경 조건 이후의 가까운 다음 모습 한 가지; 정답·적중 점수 없음,notApplicable,"[""nuvia.history.baghdad-translation.c1.prohibitedClaims"", ""근거·반론·핵심 활동을 한 질문에 함께 요구"", ""결과 공개 후 수정"", ""예측을 실제 역사로 표시""]",notApplicable,nuvia.history.baghdad-translation.c1,predictionSnapshot,nuvia.age.high-school.v1,"{""cognitiveAction"": ""최초 예측은 PASS 핵심 활동으로 중복 집계하지 않음"", ""allowedAnswerIds"": ""자유 말·글·그림·보류 응답이며 고정 정답 ID를 만들지 않음"", ""sourceFactId"": ""예측 내용은 역사 사실 주장이 아님; 승인 실제 사실은 조건 이해 단계에서 연결""}"
canonicalStage,W15-C1,high-school,사본 대조의 차례를 구성해 볼까요?,할 일을 앞뒤 차례로 놓아요.,nuvia.semantic.v1_1_r2.w15-c1.high-school.core-activity,nuvia.history.baghdad-translation,nuvia.history.baghdad-translation.c1,승인된 PASS 핵심 인지 활동 수행,learner,nuvia.semantic.ref.w15-c1.object,nuvia.semantic.ref.w15-c1.resource,사본 접근 가능 여부,duringAction,arrangeSequence,action.arrangeSequence.r2 payload 또는 activityDeferred,검토 절차의 선후를 구성한 뒤 중단 위치를 별도 입력,"[""nuvia.history.baghdad-translation.c1.step.1"", ""nuvia.history.baghdad-translation.c1.step.2"", ""nuvia.history.baghdad-translation.c1.step.3"", ""nuvia.history.baghdad-translation.c1.reason.1"", ""nuvia.history.baghdad-translation.c1.reason.2""]","[""nuvia.history.baghdad-translation.c1.prohibitedClaims"", ""활동 라벨을 나의 이야기로 저장"", ""입력하지 않은 계획·근거·태도·정확성 생성""]","[""S1324-04"", ""S1324-05""]",nuvia.history.baghdad-translation.c1,cognitiveActionRecorded 또는 activityDeferred,nuvia.age.high-school.v1,{}
canonicalStage,W15-C1,high-school,이 조건에서 달라질 수 있는 모습을 살펴봐요.,가능성 하나가 정답이라고 표시하지 않아요.,nuvia.semantic.v1_1_r2.w15-c1.high-school.alternate-result,nuvia.history.baghdad-translation,nuvia.history.baghdad-translation.c1,변경 조건에서 가능한 결과 A/B 확인,learner,nuvia.semantic.ref.w15-c1.object,nuvia.semantic.ref.w15-c1.resource,사본 접근 가능 여부,immediateResult,notApplicable,viewLevel3PossibilityAOrB,실제 역사와 분리된 Level 3 가능성; 정답이 아님,"[""A"", ""B""]","[""nuvia.history.baghdad-translation.c1.prohibitedClaims"", ""가능성 A/B를 사실·정답·적중 점수로 표시"", ""장기 결과 단정""]",notApplicable,nuvia.history.baghdad-translation.c1,alternateViewed,nuvia.age.high-school.v1,"{""cognitiveAction"": ""가능성 열람 단계"", ""sourceFactId"": ""가상 가능성은 출처가 확인하는 실제 사실이 아님""}"
canonicalStage,W15-C1,high-school,나만의 이야기를 말·글·그림으로 남겨 봐요.,남기지 않아도 다른 기록으로 대신 채우지 않아요.,nuvia.semantic.v1_1_r2.w15-c1.high-school.learner-story,nuvia.history.baghdad-translation,nuvia.history.baghdad-translation.c1,사용자가 직접 나만의 이야기 남기기,learner,nuvia.semantic.ref.w15-c1.object,notApplicable,사본 접근 가능 여부,reflection,notApplicable,writing|voice|drawing|mixed|deferred,사용자가 직접 남긴 말·글·그림 원문 또는 남기지 않음,notApplicable,"[""핵심 활동 라벨·예측·시스템 문구를 사용자 이야기로 복사"", ""사용자 입력이 없는데 이야기 생성"", ""AI 보완·요약·평가""]",notApplicable,nuvia.history.baghdad-translation.c1,storyRecorded,nuvia.age.high-school.v1,"{""resourceId"": ""말·글·그림 자유 표현이며 고정 역사 자원 선택이 아님"", ""cognitiveAction"": ""자유 창작은 PASS 핵심 활동으로 중복 집계하지 않음"", ""allowedAnswerIds"": ""자유 창작에 고정 답안 없음"", ""sourceFactId"": ""사용자 창작은 승인 역사 사실이 아님""}"
canonicalStage,W15-C1,high-school,"실제 역사와 내가 만든 이야기를 비교해 보고, 가장 눈에 띈 점 하나를 남겨 보세요.",사용자 원문을 그대로 저장해요.,nuvia.semantic.v1_1_r2.w15-c1.high-school.history-comparison,nuvia.history.baghdad-translation,nuvia.history.baghdad-translation.c1,실제 역사와 나의 역사 비교,learner,nuvia.semantic.ref.w15-c1.object,notApplicable,사본 접근 가능 여부,comparison,notApplicable,writing|voice|drawing|mixed|deferred,가장 눈에 띈 점 하나와 연령에 따라 선택적 근거; 사용자 원문,notApplicable,"[""같았어요/달랐어요/새롭게 알았어요 고정 카드"", ""prediction 비교 fallback"", ""AI 분류·요약·채점""]","[""S1324-04"", ""S1324-05""]",nuvia.history.baghdad-translation.c1,comparisonCompleted(history)+bookPage7+growthReport,nuvia.age.high-school.v1,"{""resourceId"": ""실제 역사 요약과 사용자 이야기 참조이며 새 고정 답안 자원이 아님"", ""cognitiveAction"": ""자유 비교는 PASS 핵심 활동으로 중복 집계하지 않음"", ""allowedAnswerIds"": ""comparisonTag와 고정 비교 카드 폐기""}"
canonicalStage,W15-C1,high-school,"처음 생각과 실제 역사를 비교해 보고, 가장 눈에 띈 점 하나를 남겨 보세요.",처음 예측은 바꾸지 않고 사용자 원문을 그대로 저장해요.,nuvia.semantic.v1_1_r2.w15-c1.high-school.prediction-comparison,nuvia.history.baghdad-translation,nuvia.history.baghdad-translation.c1,최초 예측과 실제 역사 비교,learner,nuvia.semantic.ref.w15-c1.object,notApplicable,사본 접근 가능 여부,comparison,notApplicable,writing|voice|drawing|mixed|deferred,처음 생각과 실제 역사에서 눈에 띈 점 하나와 연령에 따라 선택적 근거; 사용자 원문,notApplicable,"[""history 비교 fallback"", ""최초 예측 사후 변경"", ""같았어요/달랐어요/새롭게 알았어요 고정 카드"", ""AI 분류·요약·채점""]","[""S1324-04"", ""S1324-05""]",nuvia.history.baghdad-translation.c1,comparisonCompleted(prediction)+bookPage8+growthReport,nuvia.age.high-school.v1,"{""resourceId"": ""잠긴 predictionSnapshot과 실제 역사 핵심 한 줄을 참조"", ""cognitiveAction"": ""자유 비교는 PASS 핵심 활동으로 중복 집계하지 않음"", ""allowedAnswerIds"": ""comparisonTag와 고정 비교 카드 폐기""}"
canonicalStage,W15-C1,high-school,이야기책과 성장 기록을 볼 수 있어요.,같은 결과 기록만 연결해요.,nuvia.semantic.v1_1_r2.w15-c1.high-school.artifact-link,nuvia.history.baghdad-translation,nuvia.history.baghdad-translation.c1,같은 결과의 이야기책·성장 리포트 연결,learner,nuvia.semantic.ref.w15-c1.object,notApplicable,notApplicable,reflection,notApplicable,viewBook|viewReport|print,같은 resultId·missionId·conditionId·버전의 실제 입력만 표시,"[""viewStoryBook"", ""viewGrowthReport"", ""print""]","[""다른 resultId·미션·조건·버전 혼입"", ""없는 값 소급 생성"", ""책7/8 입력 fallback""]","[""S1324-04"", ""S1324-05""]",nuvia.history.baghdad-translation.c1,storyBook8Pages+integratedGrowthReport,nuvia.age.high-school.v1,"{""resourceId"": ""새 응답 자원이 아니라 저장된 같은 resultId 레코드 연결"", ""changedAttribute"": ""이 단계에서 역사 조건을 다시 변경하지 않음"", ""cognitiveAction"": ""결과 열람·인쇄 연결 단계""}"
canonicalStage,W15-C1,adult,대조하려던 다른 사본 한 권을 볼 수 없다면,실제 역사와 게임에서 바꿀 조건을 순서대로 확인해요.,nuvia.semantic.v1_1_r2.w15-c1.adult.condition-understanding,nuvia.history.baghdad-translation,nuvia.history.baghdad-translation.c1,실제 역사 확인 후 바뀐 조건 한 가지 이해,learner,nuvia.semantic.ref.w15-c1.object,nuvia.semantic.ref.w15-c1.resource,사본 접근 가능 여부,beforeAction,notApplicable,viewActualHistoryThenSelectCondition,실제 역사 FACT와 게임의 CHANGED_CONDITION을 서로 다른 표시·이벤트로 확인,"[""nuvia.history.baghdad-translation.c1""]","[""nuvia.history.baghdad-translation.c1.prohibitedClaims"", ""실제 역사와 바꾼 조건을 같은 사실로 표시"", ""다른 조건 fallback""]","[""S1324-04"", ""S1324-05""]",nuvia.history.baghdad-translation.c1,historyViewed+conditionSelected,nuvia.age.adult.v1,"{""cognitiveAction"": ""보기·조건 선택 단계이며 PASS 핵심 활동이 아님""}"
canonicalStage,W15-C1,adult,다른 사본 한 권을 볼 수 없으면 다음 대조 모습은 어떨까요?,바로 다음 가능성을 한 가지 예상해요.,nuvia.semantic.v1_1_r2.w15-c1.adult.prediction,nuvia.history.baghdad-translation,nuvia.history.baghdad-translation.c1,결과 공개 전 다음 장면 한 가지 예측,learner,nuvia.semantic.ref.w15-c1.object,nuvia.semantic.ref.w15-c1.resource,사본 접근 가능 여부,possibleFuture,notApplicable,writing|voice|drawing|deferred,변경 조건 이후의 가까운 다음 모습 한 가지; 정답·적중 점수 없음,notApplicable,"[""nuvia.history.baghdad-translation.c1.prohibitedClaims"", ""근거·반론·핵심 활동을 한 질문에 함께 요구"", ""결과 공개 후 수정"", ""예측을 실제 역사로 표시""]",notApplicable,nuvia.history.baghdad-translation.c1,predictionSnapshot,nuvia.age.adult.v1,"{""cognitiveAction"": ""최초 예측은 PASS 핵심 활동으로 중복 집계하지 않음"", ""allowedAnswerIds"": ""자유 말·글·그림·보류 응답이며 고정 정답 ID를 만들지 않음"", ""sourceFactId"": ""예측 내용은 역사 사실 주장이 아님; 승인 실제 사실은 조건 이해 단계에서 연결""}"
canonicalStage,W15-C1,adult,사본 대조의 차례를 구성해 볼까요?,할 일을 앞뒤 차례로 놓아요.,nuvia.semantic.v1_1_r2.w15-c1.adult.core-activity,nuvia.history.baghdad-translation,nuvia.history.baghdad-translation.c1,승인된 PASS 핵심 인지 활동 수행,learner,nuvia.semantic.ref.w15-c1.object,nuvia.semantic.ref.w15-c1.resource,사본 접근 가능 여부,duringAction,arrangeSequence,action.arrangeSequence.r2 payload 또는 activityDeferred,검토 절차의 선후를 구성한 뒤 중단 위치를 별도 입력,"[""nuvia.history.baghdad-translation.c1.step.1"", ""nuvia.history.baghdad-translation.c1.step.2"", ""nuvia.history.baghdad-translation.c1.step.3"", ""nuvia.history.baghdad-translation.c1.reason.1"", ""nuvia.history.baghdad-translation.c1.reason.2""]","[""nuvia.history.baghdad-translation.c1.prohibitedClaims"", ""활동 라벨을 나의 이야기로 저장"", ""입력하지 않은 계획·근거·태도·정확성 생성""]","[""S1324-04"", ""S1324-05""]",nuvia.history.baghdad-translation.c1,cognitiveActionRecorded 또는 activityDeferred,nuvia.age.adult.v1,{}
canonicalStage,W15-C1,adult,이 조건에서 달라질 수 있는 모습을 살펴봐요.,가능성 하나가 정답이라고 표시하지 않아요.,nuvia.semantic.v1_1_r2.w15-c1.adult.alternate-result,nuvia.history.baghdad-translation,nuvia.history.baghdad-translation.c1,변경 조건에서 가능한 결과 A/B 확인,learner,nuvia.semantic.ref.w15-c1.object,nuvia.semantic.ref.w15-c1.resource,사본 접근 가능 여부,immediateResult,notApplicable,viewLevel3PossibilityAOrB,실제 역사와 분리된 Level 3 가능성; 정답이 아님,"[""A"", ""B""]","[""nuvia.history.baghdad-translation.c1.prohibitedClaims"", ""가능성 A/B를 사실·정답·적중 점수로 표시"", ""장기 결과 단정""]",notApplicable,nuvia.history.baghdad-translation.c1,alternateViewed,nuvia.age.adult.v1,"{""cognitiveAction"": ""가능성 열람 단계"", ""sourceFactId"": ""가상 가능성은 출처가 확인하는 실제 사실이 아님""}"
canonicalStage,W15-C1,adult,나만의 이야기를 말·글·그림으로 남겨 봐요.,남기지 않아도 다른 기록으로 대신 채우지 않아요.,nuvia.semantic.v1_1_r2.w15-c1.adult.learner-story,nuvia.history.baghdad-translation,nuvia.history.baghdad-translation.c1,사용자가 직접 나만의 이야기 남기기,learner,nuvia.semantic.ref.w15-c1.object,notApplicable,사본 접근 가능 여부,reflection,notApplicable,writing|voice|drawing|mixed|deferred,사용자가 직접 남긴 말·글·그림 원문 또는 남기지 않음,notApplicable,"[""핵심 활동 라벨·예측·시스템 문구를 사용자 이야기로 복사"", ""사용자 입력이 없는데 이야기 생성"", ""AI 보완·요약·평가""]",notApplicable,nuvia.history.baghdad-translation.c1,storyRecorded,nuvia.age.adult.v1,"{""resourceId"": ""말·글·그림 자유 표현이며 고정 역사 자원 선택이 아님"", ""cognitiveAction"": ""자유 창작은 PASS 핵심 활동으로 중복 집계하지 않음"", ""allowedAnswerIds"": ""자유 창작에 고정 답안 없음"", ""sourceFactId"": ""사용자 창작은 승인 역사 사실이 아님""}"
canonicalStage,W15-C1,adult,"실제 역사와 내가 만든 이야기를 비교해 보고, 가장 눈에 띈 점 하나를 남겨 보세요.",사용자 원문을 그대로 저장해요.,nuvia.semantic.v1_1_r2.w15-c1.adult.history-comparison,nuvia.history.baghdad-translation,nuvia.history.baghdad-translation.c1,실제 역사와 나의 역사 비교,learner,nuvia.semantic.ref.w15-c1.object,notApplicable,사본 접근 가능 여부,comparison,notApplicable,writing|voice|drawing|mixed|deferred,가장 눈에 띈 점 하나와 연령에 따라 선택적 근거; 사용자 원문,notApplicable,"[""같았어요/달랐어요/새롭게 알았어요 고정 카드"", ""prediction 비교 fallback"", ""AI 분류·요약·채점""]","[""S1324-04"", ""S1324-05""]",nuvia.history.baghdad-translation.c1,comparisonCompleted(history)+bookPage7+growthReport,nuvia.age.adult.v1,"{""resourceId"": ""실제 역사 요약과 사용자 이야기 참조이며 새 고정 답안 자원이 아님"", ""cognitiveAction"": ""자유 비교는 PASS 핵심 활동으로 중복 집계하지 않음"", ""allowedAnswerIds"": ""comparisonTag와 고정 비교 카드 폐기""}"
canonicalStage,W15-C1,adult,"처음 생각과 실제 역사를 비교해 보고, 가장 눈에 띈 점 하나를 남겨 보세요.",처음 예측은 바꾸지 않고 사용자 원문을 그대로 저장해요.,nuvia.semantic.v1_1_r2.w15-c1.adult.prediction-comparison,nuvia.history.baghdad-translation,nuvia.history.baghdad-translation.c1,최초 예측과 실제 역사 비교,learner,nuvia.semantic.ref.w15-c1.object,notApplicable,사본 접근 가능 여부,comparison,notApplicable,writing|voice|drawing|mixed|deferred,처음 생각과 실제 역사에서 눈에 띈 점 하나와 연령에 따라 선택적 근거; 사용자 원문,notApplicable,"[""history 비교 fallback"", ""최초 예측 사후 변경"", ""같았어요/달랐어요/새롭게 알았어요 고정 카드"", ""AI 분류·요약·채점""]","[""S1324-04"", ""S1324-05""]",nuvia.history.baghdad-translation.c1,comparisonCompleted(prediction)+bookPage8+growthReport,nuvia.age.adult.v1,"{""resourceId"": ""잠긴 predictionSnapshot과 실제 역사 핵심 한 줄을 참조"", ""cognitiveAction"": ""자유 비교는 PASS 핵심 활동으로 중복 집계하지 않음"", ""allowedAnswerIds"": ""comparisonTag와 고정 비교 카드 폐기""}"
canonicalStage,W15-C1,adult,이야기책과 성장 기록을 볼 수 있어요.,같은 결과 기록만 연결해요.,nuvia.semantic.v1_1_r2.w15-c1.adult.artifact-link,nuvia.history.baghdad-translation,nuvia.history.baghdad-translation.c1,같은 결과의 이야기책·성장 리포트 연결,learner,nuvia.semantic.ref.w15-c1.object,notApplicable,notApplicable,reflection,notApplicable,viewBook|viewReport|print,같은 resultId·missionId·conditionId·버전의 실제 입력만 표시,"[""viewStoryBook"", ""viewGrowthReport"", ""print""]","[""다른 resultId·미션·조건·버전 혼입"", ""없는 값 소급 생성"", ""책7/8 입력 fallback""]","[""S1324-04"", ""S1324-05""]",nuvia.history.baghdad-translation.c1,storyBook8Pages+integratedGrowthReport,nuvia.age.adult.v1,"{""resourceId"": ""새 응답 자원이 아니라 저장된 같은 resultId 레코드 연결"", ""changedAttribute"": ""이 단계에서 역사 조건을 다시 변경하지 않음"", ""cognitiveAction"": ""결과 열람·인쇄 연결 단계""}"
canonicalStage,W15-C2,preschool,옮긴 글에 덧붙인 설명 한 부분이 가려진다면?,실제 역사와 게임에서 바꿀 조건을 순서대로 확인해요.,nuvia.semantic.v1_1_r2.w15-c2.preschool.condition-understanding,nuvia.history.baghdad-translation,nuvia.history.baghdad-translation.c2,실제 역사 확인 후 바뀐 조건 한 가지 이해,learner,nuvia.semantic.ref.w15-c2.object,nuvia.semantic.ref.w15-c2.resource,설명 한 부분의 가시성,beforeAction,notApplicable,viewActualHistoryThenSelectCondition,실제 역사 FACT와 게임의 CHANGED_CONDITION을 서로 다른 표시·이벤트로 확인,"[""nuvia.history.baghdad-translation.c2""]","[""nuvia.history.baghdad-translation.c2.prohibitedClaims"", ""실제 역사와 바꾼 조건을 같은 사실로 표시"", ""다른 조건 fallback""]",S1324-04,nuvia.history.baghdad-translation.c2,historyViewed+conditionSelected,nuvia.age.preschool.v1,"{""cognitiveAction"": ""보기·조건 선택 단계이며 PASS 핵심 활동이 아님""}"
canonicalStage,W15-C2,preschool,덧붙인 글 한 곳이 가려지면 다음 모습은 어떨까요?,다음 모습을 말하거나 그려 봐요.,nuvia.semantic.v1_1_r2.w15-c2.preschool.prediction,nuvia.history.baghdad-translation,nuvia.history.baghdad-translation.c2,결과 공개 전 다음 장면 한 가지 예측,learner,nuvia.semantic.ref.w15-c2.object,nuvia.semantic.ref.w15-c2.resource,설명 한 부분의 가시성,possibleFuture,notApplicable,voice|drawing|deferred,변경 조건 이후의 가까운 다음 모습 한 가지; 정답·적중 점수 없음,notApplicable,"[""nuvia.history.baghdad-translation.c2.prohibitedClaims"", ""근거·반론·핵심 활동을 한 질문에 함께 요구"", ""결과 공개 후 수정"", ""예측을 실제 역사로 표시""]",notApplicable,nuvia.history.baghdad-translation.c2,predictionSnapshot,nuvia.age.preschool.v1,"{""cognitiveAction"": ""최초 예측은 PASS 핵심 활동으로 중복 집계하지 않음"", ""allowedAnswerIds"": ""자유 말·글·그림·보류 응답이며 고정 정답 ID를 만들지 않음"", ""sourceFactId"": ""예측 내용은 역사 사실 주장이 아님; 승인 실제 사실은 조건 이해 단계에서 연결""}"
canonicalStage,W15-C2,preschool,이 단서는 지금 확인할 수 있을까요?,이 단서를 한 칸에 놓아 봐요.,nuvia.semantic.v1_1_r2.w15-c2.preschool.core-activity,nuvia.history.baghdad-translation,nuvia.history.baghdad-translation.c2,승인된 PASS 핵심 인지 활동 수행,learner,nuvia.semantic.ref.w15-c2.object,nuvia.semantic.ref.w15-c2.resource,설명 한 부분의 가시성,duringAction,classifyEvidence,action.classifyEvidence.r2 payload 또는 activityDeferred,실제 단서를 확인 가능/가려짐/현재 알 수 없음으로 분류,"[""marker"", ""reading-note"", ""confirmed"", ""hidden"", ""unknown"", ""nuvia.history.baghdad-translation.c2.reason.1"", ""nuvia.history.baghdad-translation.c2.reason.2"", ""nuvia.history.baghdad-translation.c2.reason.3""]","[""nuvia.history.baghdad-translation.c2.prohibitedClaims"", ""활동 라벨을 나의 이야기로 저장"", ""입력하지 않은 계획·근거·태도·정확성 생성""]",S1324-04,nuvia.history.baghdad-translation.c2,cognitiveActionRecorded 또는 activityDeferred,nuvia.age.preschool.v1,{}
canonicalStage,W15-C2,preschool,이 조건에서 달라질 수 있는 모습을 살펴봐요.,가능성 하나가 정답이라고 표시하지 않아요.,nuvia.semantic.v1_1_r2.w15-c2.preschool.alternate-result,nuvia.history.baghdad-translation,nuvia.history.baghdad-translation.c2,변경 조건에서 가능한 결과 A/B 확인,learner,nuvia.semantic.ref.w15-c2.object,nuvia.semantic.ref.w15-c2.resource,설명 한 부분의 가시성,immediateResult,notApplicable,viewLevel3PossibilityAOrB,실제 역사와 분리된 Level 3 가능성; 정답이 아님,"[""A"", ""B""]","[""nuvia.history.baghdad-translation.c2.prohibitedClaims"", ""가능성 A/B를 사실·정답·적중 점수로 표시"", ""장기 결과 단정""]",notApplicable,nuvia.history.baghdad-translation.c2,alternateViewed,nuvia.age.preschool.v1,"{""cognitiveAction"": ""가능성 열람 단계"", ""sourceFactId"": ""가상 가능성은 출처가 확인하는 실제 사실이 아님""}"
canonicalStage,W15-C2,preschool,나만의 이야기를 말·글·그림으로 남겨 봐요.,남기지 않아도 다른 기록으로 대신 채우지 않아요.,nuvia.semantic.v1_1_r2.w15-c2.preschool.learner-story,nuvia.history.baghdad-translation,nuvia.history.baghdad-translation.c2,사용자가 직접 나만의 이야기 남기기,learner,nuvia.semantic.ref.w15-c2.object,notApplicable,설명 한 부분의 가시성,reflection,notApplicable,writing|voice|drawing|mixed|deferred,사용자가 직접 남긴 말·글·그림 원문 또는 남기지 않음,notApplicable,"[""핵심 활동 라벨·예측·시스템 문구를 사용자 이야기로 복사"", ""사용자 입력이 없는데 이야기 생성"", ""AI 보완·요약·평가""]",notApplicable,nuvia.history.baghdad-translation.c2,storyRecorded,nuvia.age.preschool.v1,"{""resourceId"": ""말·글·그림 자유 표현이며 고정 역사 자원 선택이 아님"", ""cognitiveAction"": ""자유 창작은 PASS 핵심 활동으로 중복 집계하지 않음"", ""allowedAnswerIds"": ""자유 창작에 고정 답안 없음"", ""sourceFactId"": ""사용자 창작은 승인 역사 사실이 아님""}"
canonicalStage,W15-C2,preschool,"실제 역사와 내가 만든 이야기를 비교해 보고, 가장 눈에 띈 점 하나를 남겨 보세요.",사용자 원문을 그대로 저장해요.,nuvia.semantic.v1_1_r2.w15-c2.preschool.history-comparison,nuvia.history.baghdad-translation,nuvia.history.baghdad-translation.c2,실제 역사와 나의 역사 비교,learner,nuvia.semantic.ref.w15-c2.object,notApplicable,설명 한 부분의 가시성,comparison,notApplicable,writing|voice|drawing|mixed|deferred,가장 눈에 띈 점 하나와 연령에 따라 선택적 근거; 사용자 원문,notApplicable,"[""같았어요/달랐어요/새롭게 알았어요 고정 카드"", ""prediction 비교 fallback"", ""AI 분류·요약·채점""]",S1324-04,nuvia.history.baghdad-translation.c2,comparisonCompleted(history)+bookPage7+growthReport,nuvia.age.preschool.v1,"{""resourceId"": ""실제 역사 요약과 사용자 이야기 참조이며 새 고정 답안 자원이 아님"", ""cognitiveAction"": ""자유 비교는 PASS 핵심 활동으로 중복 집계하지 않음"", ""allowedAnswerIds"": ""comparisonTag와 고정 비교 카드 폐기""}"
canonicalStage,W15-C2,preschool,"처음 생각과 실제 역사를 비교해 보고, 가장 눈에 띈 점 하나를 남겨 보세요.",처음 예측은 바꾸지 않고 사용자 원문을 그대로 저장해요.,nuvia.semantic.v1_1_r2.w15-c2.preschool.prediction-comparison,nuvia.history.baghdad-translation,nuvia.history.baghdad-translation.c2,최초 예측과 실제 역사 비교,learner,nuvia.semantic.ref.w15-c2.object,notApplicable,설명 한 부분의 가시성,comparison,notApplicable,writing|voice|drawing|mixed|deferred,처음 생각과 실제 역사에서 눈에 띈 점 하나와 연령에 따라 선택적 근거; 사용자 원문,notApplicable,"[""history 비교 fallback"", ""최초 예측 사후 변경"", ""같았어요/달랐어요/새롭게 알았어요 고정 카드"", ""AI 분류·요약·채점""]",S1324-04,nuvia.history.baghdad-translation.c2,comparisonCompleted(prediction)+bookPage8+growthReport,nuvia.age.preschool.v1,"{""resourceId"": ""잠긴 predictionSnapshot과 실제 역사 핵심 한 줄을 참조"", ""cognitiveAction"": ""자유 비교는 PASS 핵심 활동으로 중복 집계하지 않음"", ""allowedAnswerIds"": ""comparisonTag와 고정 비교 카드 폐기""}"
canonicalStage,W15-C2,preschool,이야기책과 성장 기록을 볼 수 있어요.,같은 결과 기록만 연결해요.,nuvia.semantic.v1_1_r2.w15-c2.preschool.artifact-link,nuvia.history.baghdad-translation,nuvia.history.baghdad-translation.c2,같은 결과의 이야기책·성장 리포트 연결,learner,nuvia.semantic.ref.w15-c2.object,notApplicable,notApplicable,reflection,notApplicable,viewBook|viewReport|print,같은 resultId·missionId·conditionId·버전의 실제 입력만 표시,"[""viewStoryBook"", ""viewGrowthReport"", ""print""]","[""다른 resultId·미션·조건·버전 혼입"", ""없는 값 소급 생성"", ""책7/8 입력 fallback""]",S1324-04,nuvia.history.baghdad-translation.c2,storyBook8Pages+integratedGrowthReport,nuvia.age.preschool.v1,"{""resourceId"": ""새 응답 자원이 아니라 저장된 같은 resultId 레코드 연결"", ""changedAttribute"": ""이 단계에서 역사 조건을 다시 변경하지 않음"", ""cognitiveAction"": ""결과 열람·인쇄 연결 단계""}"
canonicalStage,W15-C2,elementary-low,옮긴 글에 덧붙인 설명 한 부분이 가려진다면?,실제 역사와 게임에서 바꿀 조건을 순서대로 확인해요.,nuvia.semantic.v1_1_r2.w15-c2.elementary-low.condition-understanding,nuvia.history.baghdad-translation,nuvia.history.baghdad-translation.c2,실제 역사 확인 후 바뀐 조건 한 가지 이해,learner,nuvia.semantic.ref.w15-c2.object,nuvia.semantic.ref.w15-c2.resource,설명 한 부분의 가시성,beforeAction,notApplicable,viewActualHistoryThenSelectCondition,실제 역사 FACT와 게임의 CHANGED_CONDITION을 서로 다른 표시·이벤트로 확인,"[""nuvia.history.baghdad-translation.c2""]","[""nuvia.history.baghdad-translation.c2.prohibitedClaims"", ""실제 역사와 바꾼 조건을 같은 사실로 표시"", ""다른 조건 fallback""]",S1324-04,nuvia.history.baghdad-translation.c2,historyViewed+conditionSelected,nuvia.age.elementary-low.v1,"{""cognitiveAction"": ""보기·조건 선택 단계이며 PASS 핵심 활동이 아님""}"
canonicalStage,W15-C2,elementary-low,덧붙인 글 한 곳이 가려지면 다음 모습은 어떨까요?,다음 모습을 한 가지 남겨 봐요.,nuvia.semantic.v1_1_r2.w15-c2.elementary-low.prediction,nuvia.history.baghdad-translation,nuvia.history.baghdad-translation.c2,결과 공개 전 다음 장면 한 가지 예측,learner,nuvia.semantic.ref.w15-c2.object,nuvia.semantic.ref.w15-c2.resource,설명 한 부분의 가시성,possibleFuture,notApplicable,voice|drawing|writing|deferred,변경 조건 이후의 가까운 다음 모습 한 가지; 정답·적중 점수 없음,notApplicable,"[""nuvia.history.baghdad-translation.c2.prohibitedClaims"", ""근거·반론·핵심 활동을 한 질문에 함께 요구"", ""결과 공개 후 수정"", ""예측을 실제 역사로 표시""]",notApplicable,nuvia.history.baghdad-translation.c2,predictionSnapshot,nuvia.age.elementary-low.v1,"{""cognitiveAction"": ""최초 예측은 PASS 핵심 활동으로 중복 집계하지 않음"", ""allowedAnswerIds"": ""자유 말·글·그림·보류 응답이며 고정 정답 ID를 만들지 않음"", ""sourceFactId"": ""예측 내용은 역사 사실 주장이 아님; 승인 실제 사실은 조건 이해 단계에서 연결""}"
canonicalStage,W15-C2,elementary-low,이 단서는 지금 확인할 수 있을까요?,이 단서를 한 칸에 놓아 봐요.,nuvia.semantic.v1_1_r2.w15-c2.elementary-low.core-activity,nuvia.history.baghdad-translation,nuvia.history.baghdad-translation.c2,승인된 PASS 핵심 인지 활동 수행,learner,nuvia.semantic.ref.w15-c2.object,nuvia.semantic.ref.w15-c2.resource,설명 한 부분의 가시성,duringAction,classifyEvidence,action.classifyEvidence.r2 payload 또는 activityDeferred,실제 단서를 확인 가능/가려짐/현재 알 수 없음으로 분류,"[""marker"", ""reading-note"", ""confirmed"", ""hidden"", ""unknown"", ""nuvia.history.baghdad-translation.c2.reason.1"", ""nuvia.history.baghdad-translation.c2.reason.2"", ""nuvia.history.baghdad-translation.c2.reason.3""]","[""nuvia.history.baghdad-translation.c2.prohibitedClaims"", ""활동 라벨을 나의 이야기로 저장"", ""입력하지 않은 계획·근거·태도·정확성 생성""]",S1324-04,nuvia.history.baghdad-translation.c2,cognitiveActionRecorded 또는 activityDeferred,nuvia.age.elementary-low.v1,{}
canonicalStage,W15-C2,elementary-low,이 조건에서 달라질 수 있는 모습을 살펴봐요.,가능성 하나가 정답이라고 표시하지 않아요.,nuvia.semantic.v1_1_r2.w15-c2.elementary-low.alternate-result,nuvia.history.baghdad-translation,nuvia.history.baghdad-translation.c2,변경 조건에서 가능한 결과 A/B 확인,learner,nuvia.semantic.ref.w15-c2.object,nuvia.semantic.ref.w15-c2.resource,설명 한 부분의 가시성,immediateResult,notApplicable,viewLevel3PossibilityAOrB,실제 역사와 분리된 Level 3 가능성; 정답이 아님,"[""A"", ""B""]","[""nuvia.history.baghdad-translation.c2.prohibitedClaims"", ""가능성 A/B를 사실·정답·적중 점수로 표시"", ""장기 결과 단정""]",notApplicable,nuvia.history.baghdad-translation.c2,alternateViewed,nuvia.age.elementary-low.v1,"{""cognitiveAction"": ""가능성 열람 단계"", ""sourceFactId"": ""가상 가능성은 출처가 확인하는 실제 사실이 아님""}"
canonicalStage,W15-C2,elementary-low,나만의 이야기를 말·글·그림으로 남겨 봐요.,남기지 않아도 다른 기록으로 대신 채우지 않아요.,nuvia.semantic.v1_1_r2.w15-c2.elementary-low.learner-story,nuvia.history.baghdad-translation,nuvia.history.baghdad-translation.c2,사용자가 직접 나만의 이야기 남기기,learner,nuvia.semantic.ref.w15-c2.object,notApplicable,설명 한 부분의 가시성,reflection,notApplicable,writing|voice|drawing|mixed|deferred,사용자가 직접 남긴 말·글·그림 원문 또는 남기지 않음,notApplicable,"[""핵심 활동 라벨·예측·시스템 문구를 사용자 이야기로 복사"", ""사용자 입력이 없는데 이야기 생성"", ""AI 보완·요약·평가""]",notApplicable,nuvia.history.baghdad-translation.c2,storyRecorded,nuvia.age.elementary-low.v1,"{""resourceId"": ""말·글·그림 자유 표현이며 고정 역사 자원 선택이 아님"", ""cognitiveAction"": ""자유 창작은 PASS 핵심 활동으로 중복 집계하지 않음"", ""allowedAnswerIds"": ""자유 창작에 고정 답안 없음"", ""sourceFactId"": ""사용자 창작은 승인 역사 사실이 아님""}"
canonicalStage,W15-C2,elementary-low,"실제 역사와 내가 만든 이야기를 비교해 보고, 가장 눈에 띈 점 하나를 남겨 보세요.",사용자 원문을 그대로 저장해요.,nuvia.semantic.v1_1_r2.w15-c2.elementary-low.history-comparison,nuvia.history.baghdad-translation,nuvia.history.baghdad-translation.c2,실제 역사와 나의 역사 비교,learner,nuvia.semantic.ref.w15-c2.object,notApplicable,설명 한 부분의 가시성,comparison,notApplicable,writing|voice|drawing|mixed|deferred,가장 눈에 띈 점 하나와 연령에 따라 선택적 근거; 사용자 원문,notApplicable,"[""같았어요/달랐어요/새롭게 알았어요 고정 카드"", ""prediction 비교 fallback"", ""AI 분류·요약·채점""]",S1324-04,nuvia.history.baghdad-translation.c2,comparisonCompleted(history)+bookPage7+growthReport,nuvia.age.elementary-low.v1,"{""resourceId"": ""실제 역사 요약과 사용자 이야기 참조이며 새 고정 답안 자원이 아님"", ""cognitiveAction"": ""자유 비교는 PASS 핵심 활동으로 중복 집계하지 않음"", ""allowedAnswerIds"": ""comparisonTag와 고정 비교 카드 폐기""}"
canonicalStage,W15-C2,elementary-low,"처음 생각과 실제 역사를 비교해 보고, 가장 눈에 띈 점 하나를 남겨 보세요.",처음 예측은 바꾸지 않고 사용자 원문을 그대로 저장해요.,nuvia.semantic.v1_1_r2.w15-c2.elementary-low.prediction-comparison,nuvia.history.baghdad-translation,nuvia.history.baghdad-translation.c2,최초 예측과 실제 역사 비교,learner,nuvia.semantic.ref.w15-c2.object,notApplicable,설명 한 부분의 가시성,comparison,notApplicable,writing|voice|drawing|mixed|deferred,처음 생각과 실제 역사에서 눈에 띈 점 하나와 연령에 따라 선택적 근거; 사용자 원문,notApplicable,"[""history 비교 fallback"", ""최초 예측 사후 변경"", ""같았어요/달랐어요/새롭게 알았어요 고정 카드"", ""AI 분류·요약·채점""]",S1324-04,nuvia.history.baghdad-translation.c2,comparisonCompleted(prediction)+bookPage8+growthReport,nuvia.age.elementary-low.v1,"{""resourceId"": ""잠긴 predictionSnapshot과 실제 역사 핵심 한 줄을 참조"", ""cognitiveAction"": ""자유 비교는 PASS 핵심 활동으로 중복 집계하지 않음"", ""allowedAnswerIds"": ""comparisonTag와 고정 비교 카드 폐기""}"
canonicalStage,W15-C2,elementary-low,이야기책과 성장 기록을 볼 수 있어요.,같은 결과 기록만 연결해요.,nuvia.semantic.v1_1_r2.w15-c2.elementary-low.artifact-link,nuvia.history.baghdad-translation,nuvia.history.baghdad-translation.c2,같은 결과의 이야기책·성장 리포트 연결,learner,nuvia.semantic.ref.w15-c2.object,notApplicable,notApplicable,reflection,notApplicable,viewBook|viewReport|print,같은 resultId·missionId·conditionId·버전의 실제 입력만 표시,"[""viewStoryBook"", ""viewGrowthReport"", ""print""]","[""다른 resultId·미션·조건·버전 혼입"", ""없는 값 소급 생성"", ""책7/8 입력 fallback""]",S1324-04,nuvia.history.baghdad-translation.c2,storyBook8Pages+integratedGrowthReport,nuvia.age.elementary-low.v1,"{""resourceId"": ""새 응답 자원이 아니라 저장된 같은 resultId 레코드 연결"", ""changedAttribute"": ""이 단계에서 역사 조건을 다시 변경하지 않음"", ""cognitiveAction"": ""결과 열람·인쇄 연결 단계""}"
canonicalStage,W15-C2,elementary-high,옮긴 글에 덧붙인 설명 한 부분이 가려진다면?,실제 역사와 게임에서 바꿀 조건을 순서대로 확인해요.,nuvia.semantic.v1_1_r2.w15-c2.elementary-high.condition-understanding,nuvia.history.baghdad-translation,nuvia.history.baghdad-translation.c2,실제 역사 확인 후 바뀐 조건 한 가지 이해,learner,nuvia.semantic.ref.w15-c2.object,nuvia.semantic.ref.w15-c2.resource,설명 한 부분의 가시성,beforeAction,notApplicable,viewActualHistoryThenSelectCondition,실제 역사 FACT와 게임의 CHANGED_CONDITION을 서로 다른 표시·이벤트로 확인,"[""nuvia.history.baghdad-translation.c2""]","[""nuvia.history.baghdad-translation.c2.prohibitedClaims"", ""실제 역사와 바꾼 조건을 같은 사실로 표시"", ""다른 조건 fallback""]",S1324-04,nuvia.history.baghdad-translation.c2,historyViewed+conditionSelected,nuvia.age.elementary-high.v1,"{""cognitiveAction"": ""보기·조건 선택 단계이며 PASS 핵심 활동이 아님""}"
canonicalStage,W15-C2,elementary-high,덧붙인 설명 한 부분이 가려지면 다음 읽기 모습은 어떨까요?,바로 다음 모습을 한 가지 예상해요.,nuvia.semantic.v1_1_r2.w15-c2.elementary-high.prediction,nuvia.history.baghdad-translation,nuvia.history.baghdad-translation.c2,결과 공개 전 다음 장면 한 가지 예측,learner,nuvia.semantic.ref.w15-c2.object,nuvia.semantic.ref.w15-c2.resource,설명 한 부분의 가시성,possibleFuture,notApplicable,writing|voice|drawing|deferred,변경 조건 이후의 가까운 다음 모습 한 가지; 정답·적중 점수 없음,notApplicable,"[""nuvia.history.baghdad-translation.c2.prohibitedClaims"", ""근거·반론·핵심 활동을 한 질문에 함께 요구"", ""결과 공개 후 수정"", ""예측을 실제 역사로 표시""]",notApplicable,nuvia.history.baghdad-translation.c2,predictionSnapshot,nuvia.age.elementary-high.v1,"{""cognitiveAction"": ""최초 예측은 PASS 핵심 활동으로 중복 집계하지 않음"", ""allowedAnswerIds"": ""자유 말·글·그림·보류 응답이며 고정 정답 ID를 만들지 않음"", ""sourceFactId"": ""예측 내용은 역사 사실 주장이 아님; 승인 실제 사실은 조건 이해 단계에서 연결""}"
canonicalStage,W15-C2,elementary-high,이 단서는 지금 확인할 수 있을까요?,제시된 단서 하나의 확인 상태를 분류해요.,nuvia.semantic.v1_1_r2.w15-c2.elementary-high.core-activity,nuvia.history.baghdad-translation,nuvia.history.baghdad-translation.c2,승인된 PASS 핵심 인지 활동 수행,learner,nuvia.semantic.ref.w15-c2.object,nuvia.semantic.ref.w15-c2.resource,설명 한 부분의 가시성,duringAction,classifyEvidence,action.classifyEvidence.r2 payload 또는 activityDeferred,실제 단서를 확인 가능/가려짐/현재 알 수 없음으로 분류,"[""marker"", ""reading-note"", ""confirmed"", ""hidden"", ""unknown"", ""nuvia.history.baghdad-translation.c2.reason.1"", ""nuvia.history.baghdad-translation.c2.reason.2"", ""nuvia.history.baghdad-translation.c2.reason.3""]","[""nuvia.history.baghdad-translation.c2.prohibitedClaims"", ""활동 라벨을 나의 이야기로 저장"", ""입력하지 않은 계획·근거·태도·정확성 생성""]",S1324-04,nuvia.history.baghdad-translation.c2,cognitiveActionRecorded 또는 activityDeferred,nuvia.age.elementary-high.v1,{}
canonicalStage,W15-C2,elementary-high,이 조건에서 달라질 수 있는 모습을 살펴봐요.,가능성 하나가 정답이라고 표시하지 않아요.,nuvia.semantic.v1_1_r2.w15-c2.elementary-high.alternate-result,nuvia.history.baghdad-translation,nuvia.history.baghdad-translation.c2,변경 조건에서 가능한 결과 A/B 확인,learner,nuvia.semantic.ref.w15-c2.object,nuvia.semantic.ref.w15-c2.resource,설명 한 부분의 가시성,immediateResult,notApplicable,viewLevel3PossibilityAOrB,실제 역사와 분리된 Level 3 가능성; 정답이 아님,"[""A"", ""B""]","[""nuvia.history.baghdad-translation.c2.prohibitedClaims"", ""가능성 A/B를 사실·정답·적중 점수로 표시"", ""장기 결과 단정""]",notApplicable,nuvia.history.baghdad-translation.c2,alternateViewed,nuvia.age.elementary-high.v1,"{""cognitiveAction"": ""가능성 열람 단계"", ""sourceFactId"": ""가상 가능성은 출처가 확인하는 실제 사실이 아님""}"
canonicalStage,W15-C2,elementary-high,나만의 이야기를 말·글·그림으로 남겨 봐요.,남기지 않아도 다른 기록으로 대신 채우지 않아요.,nuvia.semantic.v1_1_r2.w15-c2.elementary-high.learner-story,nuvia.history.baghdad-translation,nuvia.history.baghdad-translation.c2,사용자가 직접 나만의 이야기 남기기,learner,nuvia.semantic.ref.w15-c2.object,notApplicable,설명 한 부분의 가시성,reflection,notApplicable,writing|voice|drawing|mixed|deferred,사용자가 직접 남긴 말·글·그림 원문 또는 남기지 않음,notApplicable,"[""핵심 활동 라벨·예측·시스템 문구를 사용자 이야기로 복사"", ""사용자 입력이 없는데 이야기 생성"", ""AI 보완·요약·평가""]",notApplicable,nuvia.history.baghdad-translation.c2,storyRecorded,nuvia.age.elementary-high.v1,"{""resourceId"": ""말·글·그림 자유 표현이며 고정 역사 자원 선택이 아님"", ""cognitiveAction"": ""자유 창작은 PASS 핵심 활동으로 중복 집계하지 않음"", ""allowedAnswerIds"": ""자유 창작에 고정 답안 없음"", ""sourceFactId"": ""사용자 창작은 승인 역사 사실이 아님""}"
canonicalStage,W15-C2,elementary-high,"실제 역사와 내가 만든 이야기를 비교해 보고, 가장 눈에 띈 점 하나를 남겨 보세요.",사용자 원문을 그대로 저장해요.,nuvia.semantic.v1_1_r2.w15-c2.elementary-high.history-comparison,nuvia.history.baghdad-translation,nuvia.history.baghdad-translation.c2,실제 역사와 나의 역사 비교,learner,nuvia.semantic.ref.w15-c2.object,notApplicable,설명 한 부분의 가시성,comparison,notApplicable,writing|voice|drawing|mixed|deferred,가장 눈에 띈 점 하나와 연령에 따라 선택적 근거; 사용자 원문,notApplicable,"[""같았어요/달랐어요/새롭게 알았어요 고정 카드"", ""prediction 비교 fallback"", ""AI 분류·요약·채점""]",S1324-04,nuvia.history.baghdad-translation.c2,comparisonCompleted(history)+bookPage7+growthReport,nuvia.age.elementary-high.v1,"{""resourceId"": ""실제 역사 요약과 사용자 이야기 참조이며 새 고정 답안 자원이 아님"", ""cognitiveAction"": ""자유 비교는 PASS 핵심 활동으로 중복 집계하지 않음"", ""allowedAnswerIds"": ""comparisonTag와 고정 비교 카드 폐기""}"
canonicalStage,W15-C2,elementary-high,"처음 생각과 실제 역사를 비교해 보고, 가장 눈에 띈 점 하나를 남겨 보세요.",처음 예측은 바꾸지 않고 사용자 원문을 그대로 저장해요.,nuvia.semantic.v1_1_r2.w15-c2.elementary-high.prediction-comparison,nuvia.history.baghdad-translation,nuvia.history.baghdad-translation.c2,최초 예측과 실제 역사 비교,learner,nuvia.semantic.ref.w15-c2.object,notApplicable,설명 한 부분의 가시성,comparison,notApplicable,writing|voice|drawing|mixed|deferred,처음 생각과 실제 역사에서 눈에 띈 점 하나와 연령에 따라 선택적 근거; 사용자 원문,notApplicable,"[""history 비교 fallback"", ""최초 예측 사후 변경"", ""같았어요/달랐어요/새롭게 알았어요 고정 카드"", ""AI 분류·요약·채점""]",S1324-04,nuvia.history.baghdad-translation.c2,comparisonCompleted(prediction)+bookPage8+growthReport,nuvia.age.elementary-high.v1,"{""resourceId"": ""잠긴 predictionSnapshot과 실제 역사 핵심 한 줄을 참조"", ""cognitiveAction"": ""자유 비교는 PASS 핵심 활동으로 중복 집계하지 않음"", ""allowedAnswerIds"": ""comparisonTag와 고정 비교 카드 폐기""}"
canonicalStage,W15-C2,elementary-high,이야기책과 성장 기록을 볼 수 있어요.,같은 결과 기록만 연결해요.,nuvia.semantic.v1_1_r2.w15-c2.elementary-high.artifact-link,nuvia.history.baghdad-translation,nuvia.history.baghdad-translation.c2,같은 결과의 이야기책·성장 리포트 연결,learner,nuvia.semantic.ref.w15-c2.object,notApplicable,notApplicable,reflection,notApplicable,viewBook|viewReport|print,같은 resultId·missionId·conditionId·버전의 실제 입력만 표시,"[""viewStoryBook"", ""viewGrowthReport"", ""print""]","[""다른 resultId·미션·조건·버전 혼입"", ""없는 값 소급 생성"", ""책7/8 입력 fallback""]",S1324-04,nuvia.history.baghdad-translation.c2,storyBook8Pages+integratedGrowthReport,nuvia.age.elementary-high.v1,"{""resourceId"": ""새 응답 자원이 아니라 저장된 같은 resultId 레코드 연결"", ""changedAttribute"": ""이 단계에서 역사 조건을 다시 변경하지 않음"", ""cognitiveAction"": ""결과 열람·인쇄 연결 단계""}"
canonicalStage,W15-C2,middle-school,옮긴 글에 덧붙인 설명 한 부분이 가려진다면?,실제 역사와 게임에서 바꿀 조건을 순서대로 확인해요.,nuvia.semantic.v1_1_r2.w15-c2.middle-school.condition-understanding,nuvia.history.baghdad-translation,nuvia.history.baghdad-translation.c2,실제 역사 확인 후 바뀐 조건 한 가지 이해,learner,nuvia.semantic.ref.w15-c2.object,nuvia.semantic.ref.w15-c2.resource,설명 한 부분의 가시성,beforeAction,notApplicable,viewActualHistoryThenSelectCondition,실제 역사 FACT와 게임의 CHANGED_CONDITION을 서로 다른 표시·이벤트로 확인,"[""nuvia.history.baghdad-translation.c2""]","[""nuvia.history.baghdad-translation.c2.prohibitedClaims"", ""실제 역사와 바꾼 조건을 같은 사실로 표시"", ""다른 조건 fallback""]",S1324-04,nuvia.history.baghdad-translation.c2,historyViewed+conditionSelected,nuvia.age.middle-school.v1,"{""cognitiveAction"": ""보기·조건 선택 단계이며 PASS 핵심 활동이 아님""}"
canonicalStage,W15-C2,middle-school,덧붙인 설명 한 부분이 가려지면 다음 읽기 모습은 어떨까요?,바로 다음 가능성을 한 가지 예상해요.,nuvia.semantic.v1_1_r2.w15-c2.middle-school.prediction,nuvia.history.baghdad-translation,nuvia.history.baghdad-translation.c2,결과 공개 전 다음 장면 한 가지 예측,learner,nuvia.semantic.ref.w15-c2.object,nuvia.semantic.ref.w15-c2.resource,설명 한 부분의 가시성,possibleFuture,notApplicable,writing|voice|drawing|deferred,변경 조건 이후의 가까운 다음 모습 한 가지; 정답·적중 점수 없음,notApplicable,"[""nuvia.history.baghdad-translation.c2.prohibitedClaims"", ""근거·반론·핵심 활동을 한 질문에 함께 요구"", ""결과 공개 후 수정"", ""예측을 실제 역사로 표시""]",notApplicable,nuvia.history.baghdad-translation.c2,predictionSnapshot,nuvia.age.middle-school.v1,"{""cognitiveAction"": ""최초 예측은 PASS 핵심 활동으로 중복 집계하지 않음"", ""allowedAnswerIds"": ""자유 말·글·그림·보류 응답이며 고정 정답 ID를 만들지 않음"", ""sourceFactId"": ""예측 내용은 역사 사실 주장이 아님; 승인 실제 사실은 조건 이해 단계에서 연결""}"
canonicalStage,W15-C2,middle-school,이 단서는 지금 확인할 수 있을까요?,제시된 단서 하나의 확인 상태를 분류해요.,nuvia.semantic.v1_1_r2.w15-c2.middle-school.core-activity,nuvia.history.baghdad-translation,nuvia.history.baghdad-translation.c2,승인된 PASS 핵심 인지 활동 수행,learner,nuvia.semantic.ref.w15-c2.object,nuvia.semantic.ref.w15-c2.resource,설명 한 부분의 가시성,duringAction,classifyEvidence,action.classifyEvidence.r2 payload 또는 activityDeferred,실제 단서를 확인 가능/가려짐/현재 알 수 없음으로 분류,"[""marker"", ""reading-note"", ""confirmed"", ""hidden"", ""unknown"", ""nuvia.history.baghdad-translation.c2.reason.1"", ""nuvia.history.baghdad-translation.c2.reason.2"", ""nuvia.history.baghdad-translation.c2.reason.3""]","[""nuvia.history.baghdad-translation.c2.prohibitedClaims"", ""활동 라벨을 나의 이야기로 저장"", ""입력하지 않은 계획·근거·태도·정확성 생성""]",S1324-04,nuvia.history.baghdad-translation.c2,cognitiveActionRecorded 또는 activityDeferred,nuvia.age.middle-school.v1,{}
canonicalStage,W15-C2,middle-school,이 조건에서 달라질 수 있는 모습을 살펴봐요.,가능성 하나가 정답이라고 표시하지 않아요.,nuvia.semantic.v1_1_r2.w15-c2.middle-school.alternate-result,nuvia.history.baghdad-translation,nuvia.history.baghdad-translation.c2,변경 조건에서 가능한 결과 A/B 확인,learner,nuvia.semantic.ref.w15-c2.object,nuvia.semantic.ref.w15-c2.resource,설명 한 부분의 가시성,immediateResult,notApplicable,viewLevel3PossibilityAOrB,실제 역사와 분리된 Level 3 가능성; 정답이 아님,"[""A"", ""B""]","[""nuvia.history.baghdad-translation.c2.prohibitedClaims"", ""가능성 A/B를 사실·정답·적중 점수로 표시"", ""장기 결과 단정""]",notApplicable,nuvia.history.baghdad-translation.c2,alternateViewed,nuvia.age.middle-school.v1,"{""cognitiveAction"": ""가능성 열람 단계"", ""sourceFactId"": ""가상 가능성은 출처가 확인하는 실제 사실이 아님""}"
canonicalStage,W15-C2,middle-school,나만의 이야기를 말·글·그림으로 남겨 봐요.,남기지 않아도 다른 기록으로 대신 채우지 않아요.,nuvia.semantic.v1_1_r2.w15-c2.middle-school.learner-story,nuvia.history.baghdad-translation,nuvia.history.baghdad-translation.c2,사용자가 직접 나만의 이야기 남기기,learner,nuvia.semantic.ref.w15-c2.object,notApplicable,설명 한 부분의 가시성,reflection,notApplicable,writing|voice|drawing|mixed|deferred,사용자가 직접 남긴 말·글·그림 원문 또는 남기지 않음,notApplicable,"[""핵심 활동 라벨·예측·시스템 문구를 사용자 이야기로 복사"", ""사용자 입력이 없는데 이야기 생성"", ""AI 보완·요약·평가""]",notApplicable,nuvia.history.baghdad-translation.c2,storyRecorded,nuvia.age.middle-school.v1,"{""resourceId"": ""말·글·그림 자유 표현이며 고정 역사 자원 선택이 아님"", ""cognitiveAction"": ""자유 창작은 PASS 핵심 활동으로 중복 집계하지 않음"", ""allowedAnswerIds"": ""자유 창작에 고정 답안 없음"", ""sourceFactId"": ""사용자 창작은 승인 역사 사실이 아님""}"
canonicalStage,W15-C2,middle-school,"실제 역사와 내가 만든 이야기를 비교해 보고, 가장 눈에 띈 점 하나를 남겨 보세요.",사용자 원문을 그대로 저장해요.,nuvia.semantic.v1_1_r2.w15-c2.middle-school.history-comparison,nuvia.history.baghdad-translation,nuvia.history.baghdad-translation.c2,실제 역사와 나의 역사 비교,learner,nuvia.semantic.ref.w15-c2.object,notApplicable,설명 한 부분의 가시성,comparison,notApplicable,writing|voice|drawing|mixed|deferred,가장 눈에 띈 점 하나와 연령에 따라 선택적 근거; 사용자 원문,notApplicable,"[""같았어요/달랐어요/새롭게 알았어요 고정 카드"", ""prediction 비교 fallback"", ""AI 분류·요약·채점""]",S1324-04,nuvia.history.baghdad-translation.c2,comparisonCompleted(history)+bookPage7+growthReport,nuvia.age.middle-school.v1,"{""resourceId"": ""실제 역사 요약과 사용자 이야기 참조이며 새 고정 답안 자원이 아님"", ""cognitiveAction"": ""자유 비교는 PASS 핵심 활동으로 중복 집계하지 않음"", ""allowedAnswerIds"": ""comparisonTag와 고정 비교 카드 폐기""}"
canonicalStage,W15-C2,middle-school,"처음 생각과 실제 역사를 비교해 보고, 가장 눈에 띈 점 하나를 남겨 보세요.",처음 예측은 바꾸지 않고 사용자 원문을 그대로 저장해요.,nuvia.semantic.v1_1_r2.w15-c2.middle-school.prediction-comparison,nuvia.history.baghdad-translation,nuvia.history.baghdad-translation.c2,최초 예측과 실제 역사 비교,learner,nuvia.semantic.ref.w15-c2.object,notApplicable,설명 한 부분의 가시성,comparison,notApplicable,writing|voice|drawing|mixed|deferred,처음 생각과 실제 역사에서 눈에 띈 점 하나와 연령에 따라 선택적 근거; 사용자 원문,notApplicable,"[""history 비교 fallback"", ""최초 예측 사후 변경"", ""같았어요/달랐어요/새롭게 알았어요 고정 카드"", ""AI 분류·요약·채점""]",S1324-04,nuvia.history.baghdad-translation.c2,comparisonCompleted(prediction)+bookPage8+growthReport,nuvia.age.middle-school.v1,"{""resourceId"": ""잠긴 predictionSnapshot과 실제 역사 핵심 한 줄을 참조"", ""cognitiveAction"": ""자유 비교는 PASS 핵심 활동으로 중복 집계하지 않음"", ""allowedAnswerIds"": ""comparisonTag와 고정 비교 카드 폐기""}"
canonicalStage,W15-C2,middle-school,이야기책과 성장 기록을 볼 수 있어요.,같은 결과 기록만 연결해요.,nuvia.semantic.v1_1_r2.w15-c2.middle-school.artifact-link,nuvia.history.baghdad-translation,nuvia.history.baghdad-translation.c2,같은 결과의 이야기책·성장 리포트 연결,learner,nuvia.semantic.ref.w15-c2.object,notApplicable,notApplicable,reflection,notApplicable,viewBook|viewReport|print,같은 resultId·missionId·conditionId·버전의 실제 입력만 표시,"[""viewStoryBook"", ""viewGrowthReport"", ""print""]","[""다른 resultId·미션·조건·버전 혼입"", ""없는 값 소급 생성"", ""책7/8 입력 fallback""]",S1324-04,nuvia.history.baghdad-translation.c2,storyBook8Pages+integratedGrowthReport,nuvia.age.middle-school.v1,"{""resourceId"": ""새 응답 자원이 아니라 저장된 같은 resultId 레코드 연결"", ""changedAttribute"": ""이 단계에서 역사 조건을 다시 변경하지 않음"", ""cognitiveAction"": ""결과 열람·인쇄 연결 단계""}"
canonicalStage,W15-C2,high-school,옮긴 글에 덧붙인 설명 한 부분이 가려진다면?,실제 역사와 게임에서 바꿀 조건을 순서대로 확인해요.,nuvia.semantic.v1_1_r2.w15-c2.high-school.condition-understanding,nuvia.history.baghdad-translation,nuvia.history.baghdad-translation.c2,실제 역사 확인 후 바뀐 조건 한 가지 이해,learner,nuvia.semantic.ref.w15-c2.object,nuvia.semantic.ref.w15-c2.resource,설명 한 부분의 가시성,beforeAction,notApplicable,viewActualHistoryThenSelectCondition,실제 역사 FACT와 게임의 CHANGED_CONDITION을 서로 다른 표시·이벤트로 확인,"[""nuvia.history.baghdad-translation.c2""]","[""nuvia.history.baghdad-translation.c2.prohibitedClaims"", ""실제 역사와 바꾼 조건을 같은 사실로 표시"", ""다른 조건 fallback""]",S1324-04,nuvia.history.baghdad-translation.c2,historyViewed+conditionSelected,nuvia.age.high-school.v1,"{""cognitiveAction"": ""보기·조건 선택 단계이며 PASS 핵심 활동이 아님""}"
canonicalStage,W15-C2,high-school,덧붙인 설명 한 부분이 가려지면 다음 읽기 모습은 어떨까요?,바로 다음 가능성을 한 가지 예상해요.,nuvia.semantic.v1_1_r2.w15-c2.high-school.prediction,nuvia.history.baghdad-translation,nuvia.history.baghdad-translation.c2,결과 공개 전 다음 장면 한 가지 예측,learner,nuvia.semantic.ref.w15-c2.object,nuvia.semantic.ref.w15-c2.resource,설명 한 부분의 가시성,possibleFuture,notApplicable,writing|voice|drawing|deferred,변경 조건 이후의 가까운 다음 모습 한 가지; 정답·적중 점수 없음,notApplicable,"[""nuvia.history.baghdad-translation.c2.prohibitedClaims"", ""근거·반론·핵심 활동을 한 질문에 함께 요구"", ""결과 공개 후 수정"", ""예측을 실제 역사로 표시""]",notApplicable,nuvia.history.baghdad-translation.c2,predictionSnapshot,nuvia.age.high-school.v1,"{""cognitiveAction"": ""최초 예측은 PASS 핵심 활동으로 중복 집계하지 않음"", ""allowedAnswerIds"": ""자유 말·글·그림·보류 응답이며 고정 정답 ID를 만들지 않음"", ""sourceFactId"": ""예측 내용은 역사 사실 주장이 아님; 승인 실제 사실은 조건 이해 단계에서 연결""}"
canonicalStage,W15-C2,high-school,이 단서는 지금 확인할 수 있을까요?,제시된 단서 하나의 확인 상태를 분류해요.,nuvia.semantic.v1_1_r2.w15-c2.high-school.core-activity,nuvia.history.baghdad-translation,nuvia.history.baghdad-translation.c2,승인된 PASS 핵심 인지 활동 수행,learner,nuvia.semantic.ref.w15-c2.object,nuvia.semantic.ref.w15-c2.resource,설명 한 부분의 가시성,duringAction,classifyEvidence,action.classifyEvidence.r2 payload 또는 activityDeferred,실제 단서를 확인 가능/가려짐/현재 알 수 없음으로 분류,"[""marker"", ""reading-note"", ""confirmed"", ""hidden"", ""unknown"", ""nuvia.history.baghdad-translation.c2.reason.1"", ""nuvia.history.baghdad-translation.c2.reason.2"", ""nuvia.history.baghdad-translation.c2.reason.3""]","[""nuvia.history.baghdad-translation.c2.prohibitedClaims"", ""활동 라벨을 나의 이야기로 저장"", ""입력하지 않은 계획·근거·태도·정확성 생성""]",S1324-04,nuvia.history.baghdad-translation.c2,cognitiveActionRecorded 또는 activityDeferred,nuvia.age.high-school.v1,{}
canonicalStage,W15-C2,high-school,이 조건에서 달라질 수 있는 모습을 살펴봐요.,가능성 하나가 정답이라고 표시하지 않아요.,nuvia.semantic.v1_1_r2.w15-c2.high-school.alternate-result,nuvia.history.baghdad-translation,nuvia.history.baghdad-translation.c2,변경 조건에서 가능한 결과 A/B 확인,learner,nuvia.semantic.ref.w15-c2.object,nuvia.semantic.ref.w15-c2.resource,설명 한 부분의 가시성,immediateResult,notApplicable,viewLevel3PossibilityAOrB,실제 역사와 분리된 Level 3 가능성; 정답이 아님,"[""A"", ""B""]","[""nuvia.history.baghdad-translation.c2.prohibitedClaims"", ""가능성 A/B를 사실·정답·적중 점수로 표시"", ""장기 결과 단정""]",notApplicable,nuvia.history.baghdad-translation.c2,alternateViewed,nuvia.age.high-school.v1,"{""cognitiveAction"": ""가능성 열람 단계"", ""sourceFactId"": ""가상 가능성은 출처가 확인하는 실제 사실이 아님""}"
canonicalStage,W15-C2,high-school,나만의 이야기를 말·글·그림으로 남겨 봐요.,남기지 않아도 다른 기록으로 대신 채우지 않아요.,nuvia.semantic.v1_1_r2.w15-c2.high-school.learner-story,nuvia.history.baghdad-translation,nuvia.history.baghdad-translation.c2,사용자가 직접 나만의 이야기 남기기,learner,nuvia.semantic.ref.w15-c2.object,notApplicable,설명 한 부분의 가시성,reflection,notApplicable,writing|voice|drawing|mixed|deferred,사용자가 직접 남긴 말·글·그림 원문 또는 남기지 않음,notApplicable,"[""핵심 활동 라벨·예측·시스템 문구를 사용자 이야기로 복사"", ""사용자 입력이 없는데 이야기 생성"", ""AI 보완·요약·평가""]",notApplicable,nuvia.history.baghdad-translation.c2,storyRecorded,nuvia.age.high-school.v1,"{""resourceId"": ""말·글·그림 자유 표현이며 고정 역사 자원 선택이 아님"", ""cognitiveAction"": ""자유 창작은 PASS 핵심 활동으로 중복 집계하지 않음"", ""allowedAnswerIds"": ""자유 창작에 고정 답안 없음"", ""sourceFactId"": ""사용자 창작은 승인 역사 사실이 아님""}"
canonicalStage,W15-C2,high-school,"실제 역사와 내가 만든 이야기를 비교해 보고, 가장 눈에 띈 점 하나를 남겨 보세요.",사용자 원문을 그대로 저장해요.,nuvia.semantic.v1_1_r2.w15-c2.high-school.history-comparison,nuvia.history.baghdad-translation,nuvia.history.baghdad-translation.c2,실제 역사와 나의 역사 비교,learner,nuvia.semantic.ref.w15-c2.object,notApplicable,설명 한 부분의 가시성,comparison,notApplicable,writing|voice|drawing|mixed|deferred,가장 눈에 띈 점 하나와 연령에 따라 선택적 근거; 사용자 원문,notApplicable,"[""같았어요/달랐어요/새롭게 알았어요 고정 카드"", ""prediction 비교 fallback"", ""AI 분류·요약·채점""]",S1324-04,nuvia.history.baghdad-translation.c2,comparisonCompleted(history)+bookPage7+growthReport,nuvia.age.high-school.v1,"{""resourceId"": ""실제 역사 요약과 사용자 이야기 참조이며 새 고정 답안 자원이 아님"", ""cognitiveAction"": ""자유 비교는 PASS 핵심 활동으로 중복 집계하지 않음"", ""allowedAnswerIds"": ""comparisonTag와 고정 비교 카드 폐기""}"
canonicalStage,W15-C2,high-school,"처음 생각과 실제 역사를 비교해 보고, 가장 눈에 띈 점 하나를 남겨 보세요.",처음 예측은 바꾸지 않고 사용자 원문을 그대로 저장해요.,nuvia.semantic.v1_1_r2.w15-c2.high-school.prediction-comparison,nuvia.history.baghdad-translation,nuvia.history.baghdad-translation.c2,최초 예측과 실제 역사 비교,learner,nuvia.semantic.ref.w15-c2.object,notApplicable,설명 한 부분의 가시성,comparison,notApplicable,writing|voice|drawing|mixed|deferred,처음 생각과 실제 역사에서 눈에 띈 점 하나와 연령에 따라 선택적 근거; 사용자 원문,notApplicable,"[""history 비교 fallback"", ""최초 예측 사후 변경"", ""같았어요/달랐어요/새롭게 알았어요 고정 카드"", ""AI 분류·요약·채점""]",S1324-04,nuvia.history.baghdad-translation.c2,comparisonCompleted(prediction)+bookPage8+growthReport,nuvia.age.high-school.v1,"{""resourceId"": ""잠긴 predictionSnapshot과 실제 역사 핵심 한 줄을 참조"", ""cognitiveAction"": ""자유 비교는 PASS 핵심 활동으로 중복 집계하지 않음"", ""allowedAnswerIds"": ""comparisonTag와 고정 비교 카드 폐기""}"
canonicalStage,W15-C2,high-school,이야기책과 성장 기록을 볼 수 있어요.,같은 결과 기록만 연결해요.,nuvia.semantic.v1_1_r2.w15-c2.high-school.artifact-link,nuvia.history.baghdad-translation,nuvia.history.baghdad-translation.c2,같은 결과의 이야기책·성장 리포트 연결,learner,nuvia.semantic.ref.w15-c2.object,notApplicable,notApplicable,reflection,notApplicable,viewBook|viewReport|print,같은 resultId·missionId·conditionId·버전의 실제 입력만 표시,"[""viewStoryBook"", ""viewGrowthReport"", ""print""]","[""다른 resultId·미션·조건·버전 혼입"", ""없는 값 소급 생성"", ""책7/8 입력 fallback""]",S1324-04,nuvia.history.baghdad-translation.c2,storyBook8Pages+integratedGrowthReport,nuvia.age.high-school.v1,"{""resourceId"": ""새 응답 자원이 아니라 저장된 같은 resultId 레코드 연결"", ""changedAttribute"": ""이 단계에서 역사 조건을 다시 변경하지 않음"", ""cognitiveAction"": ""결과 열람·인쇄 연결 단계""}"
canonicalStage,W15-C2,adult,옮긴 글에 덧붙인 설명 한 부분이 가려진다면?,실제 역사와 게임에서 바꿀 조건을 순서대로 확인해요.,nuvia.semantic.v1_1_r2.w15-c2.adult.condition-understanding,nuvia.history.baghdad-translation,nuvia.history.baghdad-translation.c2,실제 역사 확인 후 바뀐 조건 한 가지 이해,learner,nuvia.semantic.ref.w15-c2.object,nuvia.semantic.ref.w15-c2.resource,설명 한 부분의 가시성,beforeAction,notApplicable,viewActualHistoryThenSelectCondition,실제 역사 FACT와 게임의 CHANGED_CONDITION을 서로 다른 표시·이벤트로 확인,"[""nuvia.history.baghdad-translation.c2""]","[""nuvia.history.baghdad-translation.c2.prohibitedClaims"", ""실제 역사와 바꾼 조건을 같은 사실로 표시"", ""다른 조건 fallback""]",S1324-04,nuvia.history.baghdad-translation.c2,historyViewed+conditionSelected,nuvia.age.adult.v1,"{""cognitiveAction"": ""보기·조건 선택 단계이며 PASS 핵심 활동이 아님""}"
canonicalStage,W15-C2,adult,덧붙인 설명 한 부분이 가려지면 다음 읽기 모습은 어떨까요?,바로 다음 가능성을 한 가지 예상해요.,nuvia.semantic.v1_1_r2.w15-c2.adult.prediction,nuvia.history.baghdad-translation,nuvia.history.baghdad-translation.c2,결과 공개 전 다음 장면 한 가지 예측,learner,nuvia.semantic.ref.w15-c2.object,nuvia.semantic.ref.w15-c2.resource,설명 한 부분의 가시성,possibleFuture,notApplicable,writing|voice|drawing|deferred,변경 조건 이후의 가까운 다음 모습 한 가지; 정답·적중 점수 없음,notApplicable,"[""nuvia.history.baghdad-translation.c2.prohibitedClaims"", ""근거·반론·핵심 활동을 한 질문에 함께 요구"", ""결과 공개 후 수정"", ""예측을 실제 역사로 표시""]",notApplicable,nuvia.history.baghdad-translation.c2,predictionSnapshot,nuvia.age.adult.v1,"{""cognitiveAction"": ""최초 예측은 PASS 핵심 활동으로 중복 집계하지 않음"", ""allowedAnswerIds"": ""자유 말·글·그림·보류 응답이며 고정 정답 ID를 만들지 않음"", ""sourceFactId"": ""예측 내용은 역사 사실 주장이 아님; 승인 실제 사실은 조건 이해 단계에서 연결""}"
canonicalStage,W15-C2,adult,이 단서는 지금 확인할 수 있을까요?,제시된 단서 하나의 확인 상태를 분류해요.,nuvia.semantic.v1_1_r2.w15-c2.adult.core-activity,nuvia.history.baghdad-translation,nuvia.history.baghdad-translation.c2,승인된 PASS 핵심 인지 활동 수행,learner,nuvia.semantic.ref.w15-c2.object,nuvia.semantic.ref.w15-c2.resource,설명 한 부분의 가시성,duringAction,classifyEvidence,action.classifyEvidence.r2 payload 또는 activityDeferred,실제 단서를 확인 가능/가려짐/현재 알 수 없음으로 분류,"[""marker"", ""reading-note"", ""confirmed"", ""hidden"", ""unknown"", ""nuvia.history.baghdad-translation.c2.reason.1"", ""nuvia.history.baghdad-translation.c2.reason.2"", ""nuvia.history.baghdad-translation.c2.reason.3""]","[""nuvia.history.baghdad-translation.c2.prohibitedClaims"", ""활동 라벨을 나의 이야기로 저장"", ""입력하지 않은 계획·근거·태도·정확성 생성""]",S1324-04,nuvia.history.baghdad-translation.c2,cognitiveActionRecorded 또는 activityDeferred,nuvia.age.adult.v1,{}
canonicalStage,W15-C2,adult,이 조건에서 달라질 수 있는 모습을 살펴봐요.,가능성 하나가 정답이라고 표시하지 않아요.,nuvia.semantic.v1_1_r2.w15-c2.adult.alternate-result,nuvia.history.baghdad-translation,nuvia.history.baghdad-translation.c2,변경 조건에서 가능한 결과 A/B 확인,learner,nuvia.semantic.ref.w15-c2.object,nuvia.semantic.ref.w15-c2.resource,설명 한 부분의 가시성,immediateResult,notApplicable,viewLevel3PossibilityAOrB,실제 역사와 분리된 Level 3 가능성; 정답이 아님,"[""A"", ""B""]","[""nuvia.history.baghdad-translation.c2.prohibitedClaims"", ""가능성 A/B를 사실·정답·적중 점수로 표시"", ""장기 결과 단정""]",notApplicable,nuvia.history.baghdad-translation.c2,alternateViewed,nuvia.age.adult.v1,"{""cognitiveAction"": ""가능성 열람 단계"", ""sourceFactId"": ""가상 가능성은 출처가 확인하는 실제 사실이 아님""}"
canonicalStage,W15-C2,adult,나만의 이야기를 말·글·그림으로 남겨 봐요.,남기지 않아도 다른 기록으로 대신 채우지 않아요.,nuvia.semantic.v1_1_r2.w15-c2.adult.learner-story,nuvia.history.baghdad-translation,nuvia.history.baghdad-translation.c2,사용자가 직접 나만의 이야기 남기기,learner,nuvia.semantic.ref.w15-c2.object,notApplicable,설명 한 부분의 가시성,reflection,notApplicable,writing|voice|drawing|mixed|deferred,사용자가 직접 남긴 말·글·그림 원문 또는 남기지 않음,notApplicable,"[""핵심 활동 라벨·예측·시스템 문구를 사용자 이야기로 복사"", ""사용자 입력이 없는데 이야기 생성"", ""AI 보완·요약·평가""]",notApplicable,nuvia.history.baghdad-translation.c2,storyRecorded,nuvia.age.adult.v1,"{""resourceId"": ""말·글·그림 자유 표현이며 고정 역사 자원 선택이 아님"", ""cognitiveAction"": ""자유 창작은 PASS 핵심 활동으로 중복 집계하지 않음"", ""allowedAnswerIds"": ""자유 창작에 고정 답안 없음"", ""sourceFactId"": ""사용자 창작은 승인 역사 사실이 아님""}"
canonicalStage,W15-C2,adult,"실제 역사와 내가 만든 이야기를 비교해 보고, 가장 눈에 띈 점 하나를 남겨 보세요.",사용자 원문을 그대로 저장해요.,nuvia.semantic.v1_1_r2.w15-c2.adult.history-comparison,nuvia.history.baghdad-translation,nuvia.history.baghdad-translation.c2,실제 역사와 나의 역사 비교,learner,nuvia.semantic.ref.w15-c2.object,notApplicable,설명 한 부분의 가시성,comparison,notApplicable,writing|voice|drawing|mixed|deferred,가장 눈에 띈 점 하나와 연령에 따라 선택적 근거; 사용자 원문,notApplicable,"[""같았어요/달랐어요/새롭게 알았어요 고정 카드"", ""prediction 비교 fallback"", ""AI 분류·요약·채점""]",S1324-04,nuvia.history.baghdad-translation.c2,comparisonCompleted(history)+bookPage7+growthReport,nuvia.age.adult.v1,"{""resourceId"": ""실제 역사 요약과 사용자 이야기 참조이며 새 고정 답안 자원이 아님"", ""cognitiveAction"": ""자유 비교는 PASS 핵심 활동으로 중복 집계하지 않음"", ""allowedAnswerIds"": ""comparisonTag와 고정 비교 카드 폐기""}"
canonicalStage,W15-C2,adult,"처음 생각과 실제 역사를 비교해 보고, 가장 눈에 띈 점 하나를 남겨 보세요.",처음 예측은 바꾸지 않고 사용자 원문을 그대로 저장해요.,nuvia.semantic.v1_1_r2.w15-c2.adult.prediction-comparison,nuvia.history.baghdad-translation,nuvia.history.baghdad-translation.c2,최초 예측과 실제 역사 비교,learner,nuvia.semantic.ref.w15-c2.object,notApplicable,설명 한 부분의 가시성,comparison,notApplicable,writing|voice|drawing|mixed|deferred,처음 생각과 실제 역사에서 눈에 띈 점 하나와 연령에 따라 선택적 근거; 사용자 원문,notApplicable,"[""history 비교 fallback"", ""최초 예측 사후 변경"", ""같았어요/달랐어요/새롭게 알았어요 고정 카드"", ""AI 분류·요약·채점""]",S1324-04,nuvia.history.baghdad-translation.c2,comparisonCompleted(prediction)+bookPage8+growthReport,nuvia.age.adult.v1,"{""resourceId"": ""잠긴 predictionSnapshot과 실제 역사 핵심 한 줄을 참조"", ""cognitiveAction"": ""자유 비교는 PASS 핵심 활동으로 중복 집계하지 않음"", ""allowedAnswerIds"": ""comparisonTag와 고정 비교 카드 폐기""}"
canonicalStage,W15-C2,adult,이야기책과 성장 기록을 볼 수 있어요.,같은 결과 기록만 연결해요.,nuvia.semantic.v1_1_r2.w15-c2.adult.artifact-link,nuvia.history.baghdad-translation,nuvia.history.baghdad-translation.c2,같은 결과의 이야기책·성장 리포트 연결,learner,nuvia.semantic.ref.w15-c2.object,notApplicable,notApplicable,reflection,notApplicable,viewBook|viewReport|print,같은 resultId·missionId·conditionId·버전의 실제 입력만 표시,"[""viewStoryBook"", ""viewGrowthReport"", ""print""]","[""다른 resultId·미션·조건·버전 혼입"", ""없는 값 소급 생성"", ""책7/8 입력 fallback""]",S1324-04,nuvia.history.baghdad-translation.c2,storyBook8Pages+integratedGrowthReport,nuvia.age.adult.v1,"{""resourceId"": ""새 응답 자원이 아니라 저장된 같은 resultId 레코드 연결"", ""changedAttribute"": ""이 단계에서 역사 조건을 다시 변경하지 않음"", ""cognitiveAction"": ""결과 열람·인쇄 연결 단계""}"
canonicalStage,W29-C1,preschool,받은 구슬의 색이 두 가지가 아니라 한 가지라면?,실제 역사와 게임에서 바꿀 조건을 순서대로 확인해요.,nuvia.semantic.v1_1_r2.w29-c1.preschool.condition-understanding,nuvia.history.american-conquest,nuvia.history.american-conquest.c1,실제 역사 확인 후 바뀐 조건 한 가지 이해,learner,nuvia.semantic.ref.w29-c1.object,nuvia.semantic.ref.w29-c1.resource,색 종류 수 두 가지→한 가지,beforeAction,notApplicable,viewActualHistoryThenSelectCondition,실제 역사 FACT와 게임의 CHANGED_CONDITION을 서로 다른 표시·이벤트로 확인,"[""nuvia.history.american-conquest.c1""]","[""nuvia.history.american-conquest.c1.prohibitedClaims"", ""실제 역사와 바꾼 조건을 같은 사실로 표시"", ""다른 조건 fallback""]","[""W29-S01"", ""W29-S02"", ""W29-S03"", ""W29-S04""]",nuvia.history.american-conquest.c1,historyViewed+conditionSelected,nuvia.age.preschool.v1,"{""cognitiveAction"": ""보기·조건 선택 단계이며 PASS 핵심 활동이 아님""}"
canonicalStage,W29-C1,preschool,구슬이 한 가지 색이면 어떤 모습일까요?,다음 모습을 말하거나 그려 봐요.,nuvia.semantic.v1_1_r2.w29-c1.preschool.prediction,nuvia.history.american-conquest,nuvia.history.american-conquest.c1,결과 공개 전 다음 장면 한 가지 예측,learner,nuvia.semantic.ref.w29-c1.object,nuvia.semantic.ref.w29-c1.resource,색 종류 수 두 가지→한 가지,possibleFuture,notApplicable,voice|drawing|deferred,변경 조건 이후의 가까운 다음 모습 한 가지; 정답·적중 점수 없음,notApplicable,"[""nuvia.history.american-conquest.c1.prohibitedClaims"", ""근거·반론·핵심 활동을 한 질문에 함께 요구"", ""결과 공개 후 수정"", ""예측을 실제 역사로 표시""]",notApplicable,nuvia.history.american-conquest.c1,predictionSnapshot,nuvia.age.preschool.v1,"{""cognitiveAction"": ""최초 예측은 PASS 핵심 활동으로 중복 집계하지 않음"", ""allowedAnswerIds"": ""자유 말·글·그림·보류 응답이며 고정 정답 ID를 만들지 않음"", ""sourceFactId"": ""예측 내용은 역사 사실 주장이 아님; 승인 실제 사실은 조건 이해 단계에서 연결""}"
canonicalStage,W29-C1,preschool,두 모습에서 색 종류는 어떻게 다른가요?,두 모습을 나란히 살펴봐요.,nuvia.semantic.v1_1_r2.w29-c1.preschool.core-activity,nuvia.history.american-conquest,nuvia.history.american-conquest.c1,승인된 PASS 핵심 인지 활동 수행,learner,nuvia.semantic.ref.w29-c1.object,nuvia.semantic.ref.w29-c1.resource,색 종류 수 두 가지→한 가지,duringAction,compareStructures,action.compareStructures.r2 payload 또는 activityDeferred,색 종류의 관계 비교; 정치적 의미·가치 부여 금지,"[""nuvia.history.american-conquest.c1.left.1"", ""nuvia.history.american-conquest.c1.right.1"", ""nuvia.history.american-conquest.c1.reason.1"", ""nuvia.history.american-conquest.c1.reason.2"", ""nuvia.history.american-conquest.c1.reason.3""]","[""nuvia.history.american-conquest.c1.prohibitedClaims"", ""활동 라벨을 나의 이야기로 저장"", ""입력하지 않은 계획·근거·태도·정확성 생성""]","[""W29-S01"", ""W29-S02"", ""W29-S03"", ""W29-S04""]",nuvia.history.american-conquest.c1,cognitiveActionRecorded 또는 activityDeferred,nuvia.age.preschool.v1,{}
canonicalStage,W29-C1,preschool,이 조건에서 달라질 수 있는 모습을 살펴봐요.,가능성 하나가 정답이라고 표시하지 않아요.,nuvia.semantic.v1_1_r2.w29-c1.preschool.alternate-result,nuvia.history.american-conquest,nuvia.history.american-conquest.c1,변경 조건에서 가능한 결과 A/B 확인,learner,nuvia.semantic.ref.w29-c1.object,nuvia.semantic.ref.w29-c1.resource,색 종류 수 두 가지→한 가지,immediateResult,notApplicable,viewLevel3PossibilityAOrB,실제 역사와 분리된 Level 3 가능성; 정답이 아님,"[""A"", ""B""]","[""nuvia.history.american-conquest.c1.prohibitedClaims"", ""가능성 A/B를 사실·정답·적중 점수로 표시"", ""장기 결과 단정""]",notApplicable,nuvia.history.american-conquest.c1,alternateViewed,nuvia.age.preschool.v1,"{""cognitiveAction"": ""가능성 열람 단계"", ""sourceFactId"": ""가상 가능성은 출처가 확인하는 실제 사실이 아님""}"
canonicalStage,W29-C1,preschool,나만의 이야기를 말·글·그림으로 남겨 봐요.,남기지 않아도 다른 기록으로 대신 채우지 않아요.,nuvia.semantic.v1_1_r2.w29-c1.preschool.learner-story,nuvia.history.american-conquest,nuvia.history.american-conquest.c1,사용자가 직접 나만의 이야기 남기기,learner,nuvia.semantic.ref.w29-c1.object,notApplicable,색 종류 수 두 가지→한 가지,reflection,notApplicable,writing|voice|drawing|mixed|deferred,사용자가 직접 남긴 말·글·그림 원문 또는 남기지 않음,notApplicable,"[""핵심 활동 라벨·예측·시스템 문구를 사용자 이야기로 복사"", ""사용자 입력이 없는데 이야기 생성"", ""AI 보완·요약·평가""]",notApplicable,nuvia.history.american-conquest.c1,storyRecorded,nuvia.age.preschool.v1,"{""resourceId"": ""말·글·그림 자유 표현이며 고정 역사 자원 선택이 아님"", ""cognitiveAction"": ""자유 창작은 PASS 핵심 활동으로 중복 집계하지 않음"", ""allowedAnswerIds"": ""자유 창작에 고정 답안 없음"", ""sourceFactId"": ""사용자 창작은 승인 역사 사실이 아님""}"
canonicalStage,W29-C1,preschool,"실제 역사와 내가 만든 이야기를 비교해 보고, 가장 눈에 띈 점 하나를 남겨 보세요.",사용자 원문을 그대로 저장해요.,nuvia.semantic.v1_1_r2.w29-c1.preschool.history-comparison,nuvia.history.american-conquest,nuvia.history.american-conquest.c1,실제 역사와 나의 역사 비교,learner,nuvia.semantic.ref.w29-c1.object,notApplicable,색 종류 수 두 가지→한 가지,comparison,notApplicable,writing|voice|drawing|mixed|deferred,가장 눈에 띈 점 하나와 연령에 따라 선택적 근거; 사용자 원문,notApplicable,"[""같았어요/달랐어요/새롭게 알았어요 고정 카드"", ""prediction 비교 fallback"", ""AI 분류·요약·채점""]","[""W29-S01"", ""W29-S02"", ""W29-S03"", ""W29-S04""]",nuvia.history.american-conquest.c1,comparisonCompleted(history)+bookPage7+growthReport,nuvia.age.preschool.v1,"{""resourceId"": ""실제 역사 요약과 사용자 이야기 참조이며 새 고정 답안 자원이 아님"", ""cognitiveAction"": ""자유 비교는 PASS 핵심 활동으로 중복 집계하지 않음"", ""allowedAnswerIds"": ""comparisonTag와 고정 비교 카드 폐기""}"
canonicalStage,W29-C1,preschool,"처음 생각과 실제 역사를 비교해 보고, 가장 눈에 띈 점 하나를 남겨 보세요.",처음 예측은 바꾸지 않고 사용자 원문을 그대로 저장해요.,nuvia.semantic.v1_1_r2.w29-c1.preschool.prediction-comparison,nuvia.history.american-conquest,nuvia.history.american-conquest.c1,최초 예측과 실제 역사 비교,learner,nuvia.semantic.ref.w29-c1.object,notApplicable,색 종류 수 두 가지→한 가지,comparison,notApplicable,writing|voice|drawing|mixed|deferred,처음 생각과 실제 역사에서 눈에 띈 점 하나와 연령에 따라 선택적 근거; 사용자 원문,notApplicable,"[""history 비교 fallback"", ""최초 예측 사후 변경"", ""같았어요/달랐어요/새롭게 알았어요 고정 카드"", ""AI 분류·요약·채점""]","[""W29-S01"", ""W29-S02"", ""W29-S03"", ""W29-S04""]",nuvia.history.american-conquest.c1,comparisonCompleted(prediction)+bookPage8+growthReport,nuvia.age.preschool.v1,"{""resourceId"": ""잠긴 predictionSnapshot과 실제 역사 핵심 한 줄을 참조"", ""cognitiveAction"": ""자유 비교는 PASS 핵심 활동으로 중복 집계하지 않음"", ""allowedAnswerIds"": ""comparisonTag와 고정 비교 카드 폐기""}"
canonicalStage,W29-C1,preschool,이야기책과 성장 기록을 볼 수 있어요.,같은 결과 기록만 연결해요.,nuvia.semantic.v1_1_r2.w29-c1.preschool.artifact-link,nuvia.history.american-conquest,nuvia.history.american-conquest.c1,같은 결과의 이야기책·성장 리포트 연결,learner,nuvia.semantic.ref.w29-c1.object,notApplicable,notApplicable,reflection,notApplicable,viewBook|viewReport|print,같은 resultId·missionId·conditionId·버전의 실제 입력만 표시,"[""viewStoryBook"", ""viewGrowthReport"", ""print""]","[""다른 resultId·미션·조건·버전 혼입"", ""없는 값 소급 생성"", ""책7/8 입력 fallback""]","[""W29-S01"", ""W29-S02"", ""W29-S03"", ""W29-S04""]",nuvia.history.american-conquest.c1,storyBook8Pages+integratedGrowthReport,nuvia.age.preschool.v1,"{""resourceId"": ""새 응답 자원이 아니라 저장된 같은 resultId 레코드 연결"", ""changedAttribute"": ""이 단계에서 역사 조건을 다시 변경하지 않음"", ""cognitiveAction"": ""결과 열람·인쇄 연결 단계""}"
canonicalStage,W29-C1,elementary-low,받은 구슬의 색이 두 가지가 아니라 한 가지라면?,실제 역사와 게임에서 바꿀 조건을 순서대로 확인해요.,nuvia.semantic.v1_1_r2.w29-c1.elementary-low.condition-understanding,nuvia.history.american-conquest,nuvia.history.american-conquest.c1,실제 역사 확인 후 바뀐 조건 한 가지 이해,learner,nuvia.semantic.ref.w29-c1.object,nuvia.semantic.ref.w29-c1.resource,색 종류 수 두 가지→한 가지,beforeAction,notApplicable,viewActualHistoryThenSelectCondition,실제 역사 FACT와 게임의 CHANGED_CONDITION을 서로 다른 표시·이벤트로 확인,"[""nuvia.history.american-conquest.c1""]","[""nuvia.history.american-conquest.c1.prohibitedClaims"", ""실제 역사와 바꾼 조건을 같은 사실로 표시"", ""다른 조건 fallback""]","[""W29-S01"", ""W29-S02"", ""W29-S03"", ""W29-S04""]",nuvia.history.american-conquest.c1,historyViewed+conditionSelected,nuvia.age.elementary-low.v1,"{""cognitiveAction"": ""보기·조건 선택 단계이며 PASS 핵심 활동이 아님""}"
canonicalStage,W29-C1,elementary-low,구슬이 한 가지 색이면 어떤 모습일까요?,다음 모습을 한 가지 남겨 봐요.,nuvia.semantic.v1_1_r2.w29-c1.elementary-low.prediction,nuvia.history.american-conquest,nuvia.history.american-conquest.c1,결과 공개 전 다음 장면 한 가지 예측,learner,nuvia.semantic.ref.w29-c1.object,nuvia.semantic.ref.w29-c1.resource,색 종류 수 두 가지→한 가지,possibleFuture,notApplicable,voice|drawing|writing|deferred,변경 조건 이후의 가까운 다음 모습 한 가지; 정답·적중 점수 없음,notApplicable,"[""nuvia.history.american-conquest.c1.prohibitedClaims"", ""근거·반론·핵심 활동을 한 질문에 함께 요구"", ""결과 공개 후 수정"", ""예측을 실제 역사로 표시""]",notApplicable,nuvia.history.american-conquest.c1,predictionSnapshot,nuvia.age.elementary-low.v1,"{""cognitiveAction"": ""최초 예측은 PASS 핵심 활동으로 중복 집계하지 않음"", ""allowedAnswerIds"": ""자유 말·글·그림·보류 응답이며 고정 정답 ID를 만들지 않음"", ""sourceFactId"": ""예측 내용은 역사 사실 주장이 아님; 승인 실제 사실은 조건 이해 단계에서 연결""}"
canonicalStage,W29-C1,elementary-low,두 모습에서 색 종류는 어떻게 다른가요?,두 모습을 나란히 살펴봐요.,nuvia.semantic.v1_1_r2.w29-c1.elementary-low.core-activity,nuvia.history.american-conquest,nuvia.history.american-conquest.c1,승인된 PASS 핵심 인지 활동 수행,learner,nuvia.semantic.ref.w29-c1.object,nuvia.semantic.ref.w29-c1.resource,색 종류 수 두 가지→한 가지,duringAction,compareStructures,action.compareStructures.r2 payload 또는 activityDeferred,색 종류의 관계 비교; 정치적 의미·가치 부여 금지,"[""nuvia.history.american-conquest.c1.left.1"", ""nuvia.history.american-conquest.c1.right.1"", ""nuvia.history.american-conquest.c1.reason.1"", ""nuvia.history.american-conquest.c1.reason.2"", ""nuvia.history.american-conquest.c1.reason.3""]","[""nuvia.history.american-conquest.c1.prohibitedClaims"", ""활동 라벨을 나의 이야기로 저장"", ""입력하지 않은 계획·근거·태도·정확성 생성""]","[""W29-S01"", ""W29-S02"", ""W29-S03"", ""W29-S04""]",nuvia.history.american-conquest.c1,cognitiveActionRecorded 또는 activityDeferred,nuvia.age.elementary-low.v1,{}
canonicalStage,W29-C1,elementary-low,이 조건에서 달라질 수 있는 모습을 살펴봐요.,가능성 하나가 정답이라고 표시하지 않아요.,nuvia.semantic.v1_1_r2.w29-c1.elementary-low.alternate-result,nuvia.history.american-conquest,nuvia.history.american-conquest.c1,변경 조건에서 가능한 결과 A/B 확인,learner,nuvia.semantic.ref.w29-c1.object,nuvia.semantic.ref.w29-c1.resource,색 종류 수 두 가지→한 가지,immediateResult,notApplicable,viewLevel3PossibilityAOrB,실제 역사와 분리된 Level 3 가능성; 정답이 아님,"[""A"", ""B""]","[""nuvia.history.american-conquest.c1.prohibitedClaims"", ""가능성 A/B를 사실·정답·적중 점수로 표시"", ""장기 결과 단정""]",notApplicable,nuvia.history.american-conquest.c1,alternateViewed,nuvia.age.elementary-low.v1,"{""cognitiveAction"": ""가능성 열람 단계"", ""sourceFactId"": ""가상 가능성은 출처가 확인하는 실제 사실이 아님""}"
canonicalStage,W29-C1,elementary-low,나만의 이야기를 말·글·그림으로 남겨 봐요.,남기지 않아도 다른 기록으로 대신 채우지 않아요.,nuvia.semantic.v1_1_r2.w29-c1.elementary-low.learner-story,nuvia.history.american-conquest,nuvia.history.american-conquest.c1,사용자가 직접 나만의 이야기 남기기,learner,nuvia.semantic.ref.w29-c1.object,notApplicable,색 종류 수 두 가지→한 가지,reflection,notApplicable,writing|voice|drawing|mixed|deferred,사용자가 직접 남긴 말·글·그림 원문 또는 남기지 않음,notApplicable,"[""핵심 활동 라벨·예측·시스템 문구를 사용자 이야기로 복사"", ""사용자 입력이 없는데 이야기 생성"", ""AI 보완·요약·평가""]",notApplicable,nuvia.history.american-conquest.c1,storyRecorded,nuvia.age.elementary-low.v1,"{""resourceId"": ""말·글·그림 자유 표현이며 고정 역사 자원 선택이 아님"", ""cognitiveAction"": ""자유 창작은 PASS 핵심 활동으로 중복 집계하지 않음"", ""allowedAnswerIds"": ""자유 창작에 고정 답안 없음"", ""sourceFactId"": ""사용자 창작은 승인 역사 사실이 아님""}"
canonicalStage,W29-C1,elementary-low,"실제 역사와 내가 만든 이야기를 비교해 보고, 가장 눈에 띈 점 하나를 남겨 보세요.",사용자 원문을 그대로 저장해요.,nuvia.semantic.v1_1_r2.w29-c1.elementary-low.history-comparison,nuvia.history.american-conquest,nuvia.history.american-conquest.c1,실제 역사와 나의 역사 비교,learner,nuvia.semantic.ref.w29-c1.object,notApplicable,색 종류 수 두 가지→한 가지,comparison,notApplicable,writing|voice|drawing|mixed|deferred,가장 눈에 띈 점 하나와 연령에 따라 선택적 근거; 사용자 원문,notApplicable,"[""같았어요/달랐어요/새롭게 알았어요 고정 카드"", ""prediction 비교 fallback"", ""AI 분류·요약·채점""]","[""W29-S01"", ""W29-S02"", ""W29-S03"", ""W29-S04""]",nuvia.history.american-conquest.c1,comparisonCompleted(history)+bookPage7+growthReport,nuvia.age.elementary-low.v1,"{""resourceId"": ""실제 역사 요약과 사용자 이야기 참조이며 새 고정 답안 자원이 아님"", ""cognitiveAction"": ""자유 비교는 PASS 핵심 활동으로 중복 집계하지 않음"", ""allowedAnswerIds"": ""comparisonTag와 고정 비교 카드 폐기""}"
canonicalStage,W29-C1,elementary-low,"처음 생각과 실제 역사를 비교해 보고, 가장 눈에 띈 점 하나를 남겨 보세요.",처음 예측은 바꾸지 않고 사용자 원문을 그대로 저장해요.,nuvia.semantic.v1_1_r2.w29-c1.elementary-low.prediction-comparison,nuvia.history.american-conquest,nuvia.history.american-conquest.c1,최초 예측과 실제 역사 비교,learner,nuvia.semantic.ref.w29-c1.object,notApplicable,색 종류 수 두 가지→한 가지,comparison,notApplicable,writing|voice|drawing|mixed|deferred,처음 생각과 실제 역사에서 눈에 띈 점 하나와 연령에 따라 선택적 근거; 사용자 원문,notApplicable,"[""history 비교 fallback"", ""최초 예측 사후 변경"", ""같았어요/달랐어요/새롭게 알았어요 고정 카드"", ""AI 분류·요약·채점""]","[""W29-S01"", ""W29-S02"", ""W29-S03"", ""W29-S04""]",nuvia.history.american-conquest.c1,comparisonCompleted(prediction)+bookPage8+growthReport,nuvia.age.elementary-low.v1,"{""resourceId"": ""잠긴 predictionSnapshot과 실제 역사 핵심 한 줄을 참조"", ""cognitiveAction"": ""자유 비교는 PASS 핵심 활동으로 중복 집계하지 않음"", ""allowedAnswerIds"": ""comparisonTag와 고정 비교 카드 폐기""}"
canonicalStage,W29-C1,elementary-low,이야기책과 성장 기록을 볼 수 있어요.,같은 결과 기록만 연결해요.,nuvia.semantic.v1_1_r2.w29-c1.elementary-low.artifact-link,nuvia.history.american-conquest,nuvia.history.american-conquest.c1,같은 결과의 이야기책·성장 리포트 연결,learner,nuvia.semantic.ref.w29-c1.object,notApplicable,notApplicable,reflection,notApplicable,viewBook|viewReport|print,같은 resultId·missionId·conditionId·버전의 실제 입력만 표시,"[""viewStoryBook"", ""viewGrowthReport"", ""print""]","[""다른 resultId·미션·조건·버전 혼입"", ""없는 값 소급 생성"", ""책7/8 입력 fallback""]","[""W29-S01"", ""W29-S02"", ""W29-S03"", ""W29-S04""]",nuvia.history.american-conquest.c1,storyBook8Pages+integratedGrowthReport,nuvia.age.elementary-low.v1,"{""resourceId"": ""새 응답 자원이 아니라 저장된 같은 resultId 레코드 연결"", ""changedAttribute"": ""이 단계에서 역사 조건을 다시 변경하지 않음"", ""cognitiveAction"": ""결과 열람·인쇄 연결 단계""}"
canonicalStage,W29-C1,elementary-high,받은 구슬의 색이 두 가지가 아니라 한 가지라면?,실제 역사와 게임에서 바꿀 조건을 순서대로 확인해요.,nuvia.semantic.v1_1_r2.w29-c1.elementary-high.condition-understanding,nuvia.history.american-conquest,nuvia.history.american-conquest.c1,실제 역사 확인 후 바뀐 조건 한 가지 이해,learner,nuvia.semantic.ref.w29-c1.object,nuvia.semantic.ref.w29-c1.resource,색 종류 수 두 가지→한 가지,beforeAction,notApplicable,viewActualHistoryThenSelectCondition,실제 역사 FACT와 게임의 CHANGED_CONDITION을 서로 다른 표시·이벤트로 확인,"[""nuvia.history.american-conquest.c1""]","[""nuvia.history.american-conquest.c1.prohibitedClaims"", ""실제 역사와 바꾼 조건을 같은 사실로 표시"", ""다른 조건 fallback""]","[""W29-S01"", ""W29-S02"", ""W29-S03"", ""W29-S04""]",nuvia.history.american-conquest.c1,historyViewed+conditionSelected,nuvia.age.elementary-high.v1,"{""cognitiveAction"": ""보기·조건 선택 단계이며 PASS 핵심 활동이 아님""}"
canonicalStage,W29-C1,elementary-high,받은 구슬이 한 가지 색이면 눈에 보이는 모습은 어떻게 달라질까요?,바로 다음 모습을 한 가지 예상해요.,nuvia.semantic.v1_1_r2.w29-c1.elementary-high.prediction,nuvia.history.american-conquest,nuvia.history.american-conquest.c1,결과 공개 전 다음 장면 한 가지 예측,learner,nuvia.semantic.ref.w29-c1.object,nuvia.semantic.ref.w29-c1.resource,색 종류 수 두 가지→한 가지,possibleFuture,notApplicable,writing|voice|drawing|deferred,변경 조건 이후의 가까운 다음 모습 한 가지; 정답·적중 점수 없음,notApplicable,"[""nuvia.history.american-conquest.c1.prohibitedClaims"", ""근거·반론·핵심 활동을 한 질문에 함께 요구"", ""결과 공개 후 수정"", ""예측을 실제 역사로 표시""]",notApplicable,nuvia.history.american-conquest.c1,predictionSnapshot,nuvia.age.elementary-high.v1,"{""cognitiveAction"": ""최초 예측은 PASS 핵심 활동으로 중복 집계하지 않음"", ""allowedAnswerIds"": ""자유 말·글·그림·보류 응답이며 고정 정답 ID를 만들지 않음"", ""sourceFactId"": ""예측 내용은 역사 사실 주장이 아님; 승인 실제 사실은 조건 이해 단계에서 연결""}"
canonicalStage,W29-C1,elementary-high,두 모습에서 색 종류는 어떻게 다른가요?,두 모습에 나타난 같은 대상의 관계를 비교해요.,nuvia.semantic.v1_1_r2.w29-c1.elementary-high.core-activity,nuvia.history.american-conquest,nuvia.history.american-conquest.c1,승인된 PASS 핵심 인지 활동 수행,learner,nuvia.semantic.ref.w29-c1.object,nuvia.semantic.ref.w29-c1.resource,색 종류 수 두 가지→한 가지,duringAction,compareStructures,action.compareStructures.r2 payload 또는 activityDeferred,색 종류의 관계 비교; 정치적 의미·가치 부여 금지,"[""nuvia.history.american-conquest.c1.left.1"", ""nuvia.history.american-conquest.c1.right.1"", ""nuvia.history.american-conquest.c1.reason.1"", ""nuvia.history.american-conquest.c1.reason.2"", ""nuvia.history.american-conquest.c1.reason.3""]","[""nuvia.history.american-conquest.c1.prohibitedClaims"", ""활동 라벨을 나의 이야기로 저장"", ""입력하지 않은 계획·근거·태도·정확성 생성""]","[""W29-S01"", ""W29-S02"", ""W29-S03"", ""W29-S04""]",nuvia.history.american-conquest.c1,cognitiveActionRecorded 또는 activityDeferred,nuvia.age.elementary-high.v1,{}
canonicalStage,W29-C1,elementary-high,이 조건에서 달라질 수 있는 모습을 살펴봐요.,가능성 하나가 정답이라고 표시하지 않아요.,nuvia.semantic.v1_1_r2.w29-c1.elementary-high.alternate-result,nuvia.history.american-conquest,nuvia.history.american-conquest.c1,변경 조건에서 가능한 결과 A/B 확인,learner,nuvia.semantic.ref.w29-c1.object,nuvia.semantic.ref.w29-c1.resource,색 종류 수 두 가지→한 가지,immediateResult,notApplicable,viewLevel3PossibilityAOrB,실제 역사와 분리된 Level 3 가능성; 정답이 아님,"[""A"", ""B""]","[""nuvia.history.american-conquest.c1.prohibitedClaims"", ""가능성 A/B를 사실·정답·적중 점수로 표시"", ""장기 결과 단정""]",notApplicable,nuvia.history.american-conquest.c1,alternateViewed,nuvia.age.elementary-high.v1,"{""cognitiveAction"": ""가능성 열람 단계"", ""sourceFactId"": ""가상 가능성은 출처가 확인하는 실제 사실이 아님""}"
canonicalStage,W29-C1,elementary-high,나만의 이야기를 말·글·그림으로 남겨 봐요.,남기지 않아도 다른 기록으로 대신 채우지 않아요.,nuvia.semantic.v1_1_r2.w29-c1.elementary-high.learner-story,nuvia.history.american-conquest,nuvia.history.american-conquest.c1,사용자가 직접 나만의 이야기 남기기,learner,nuvia.semantic.ref.w29-c1.object,notApplicable,색 종류 수 두 가지→한 가지,reflection,notApplicable,writing|voice|drawing|mixed|deferred,사용자가 직접 남긴 말·글·그림 원문 또는 남기지 않음,notApplicable,"[""핵심 활동 라벨·예측·시스템 문구를 사용자 이야기로 복사"", ""사용자 입력이 없는데 이야기 생성"", ""AI 보완·요약·평가""]",notApplicable,nuvia.history.american-conquest.c1,storyRecorded,nuvia.age.elementary-high.v1,"{""resourceId"": ""말·글·그림 자유 표현이며 고정 역사 자원 선택이 아님"", ""cognitiveAction"": ""자유 창작은 PASS 핵심 활동으로 중복 집계하지 않음"", ""allowedAnswerIds"": ""자유 창작에 고정 답안 없음"", ""sourceFactId"": ""사용자 창작은 승인 역사 사실이 아님""}"
canonicalStage,W29-C1,elementary-high,"실제 역사와 내가 만든 이야기를 비교해 보고, 가장 눈에 띈 점 하나를 남겨 보세요.",사용자 원문을 그대로 저장해요.,nuvia.semantic.v1_1_r2.w29-c1.elementary-high.history-comparison,nuvia.history.american-conquest,nuvia.history.american-conquest.c1,실제 역사와 나의 역사 비교,learner,nuvia.semantic.ref.w29-c1.object,notApplicable,색 종류 수 두 가지→한 가지,comparison,notApplicable,writing|voice|drawing|mixed|deferred,가장 눈에 띈 점 하나와 연령에 따라 선택적 근거; 사용자 원문,notApplicable,"[""같았어요/달랐어요/새롭게 알았어요 고정 카드"", ""prediction 비교 fallback"", ""AI 분류·요약·채점""]","[""W29-S01"", ""W29-S02"", ""W29-S03"", ""W29-S04""]",nuvia.history.american-conquest.c1,comparisonCompleted(history)+bookPage7+growthReport,nuvia.age.elementary-high.v1,"{""resourceId"": ""실제 역사 요약과 사용자 이야기 참조이며 새 고정 답안 자원이 아님"", ""cognitiveAction"": ""자유 비교는 PASS 핵심 활동으로 중복 집계하지 않음"", ""allowedAnswerIds"": ""comparisonTag와 고정 비교 카드 폐기""}"
canonicalStage,W29-C1,elementary-high,"처음 생각과 실제 역사를 비교해 보고, 가장 눈에 띈 점 하나를 남겨 보세요.",처음 예측은 바꾸지 않고 사용자 원문을 그대로 저장해요.,nuvia.semantic.v1_1_r2.w29-c1.elementary-high.prediction-comparison,nuvia.history.american-conquest,nuvia.history.american-conquest.c1,최초 예측과 실제 역사 비교,learner,nuvia.semantic.ref.w29-c1.object,notApplicable,색 종류 수 두 가지→한 가지,comparison,notApplicable,writing|voice|drawing|mixed|deferred,처음 생각과 실제 역사에서 눈에 띈 점 하나와 연령에 따라 선택적 근거; 사용자 원문,notApplicable,"[""history 비교 fallback"", ""최초 예측 사후 변경"", ""같았어요/달랐어요/새롭게 알았어요 고정 카드"", ""AI 분류·요약·채점""]","[""W29-S01"", ""W29-S02"", ""W29-S03"", ""W29-S04""]",nuvia.history.american-conquest.c1,comparisonCompleted(prediction)+bookPage8+growthReport,nuvia.age.elementary-high.v1,"{""resourceId"": ""잠긴 predictionSnapshot과 실제 역사 핵심 한 줄을 참조"", ""cognitiveAction"": ""자유 비교는 PASS 핵심 활동으로 중복 집계하지 않음"", ""allowedAnswerIds"": ""comparisonTag와 고정 비교 카드 폐기""}"
canonicalStage,W29-C1,elementary-high,이야기책과 성장 기록을 볼 수 있어요.,같은 결과 기록만 연결해요.,nuvia.semantic.v1_1_r2.w29-c1.elementary-high.artifact-link,nuvia.history.american-conquest,nuvia.history.american-conquest.c1,같은 결과의 이야기책·성장 리포트 연결,learner,nuvia.semantic.ref.w29-c1.object,notApplicable,notApplicable,reflection,notApplicable,viewBook|viewReport|print,같은 resultId·missionId·conditionId·버전의 실제 입력만 표시,"[""viewStoryBook"", ""viewGrowthReport"", ""print""]","[""다른 resultId·미션·조건·버전 혼입"", ""없는 값 소급 생성"", ""책7/8 입력 fallback""]","[""W29-S01"", ""W29-S02"", ""W29-S03"", ""W29-S04""]",nuvia.history.american-conquest.c1,storyBook8Pages+integratedGrowthReport,nuvia.age.elementary-high.v1,"{""resourceId"": ""새 응답 자원이 아니라 저장된 같은 resultId 레코드 연결"", ""changedAttribute"": ""이 단계에서 역사 조건을 다시 변경하지 않음"", ""cognitiveAction"": ""결과 열람·인쇄 연결 단계""}"
canonicalStage,W29-C1,middle-school,받은 구슬의 색이 두 가지가 아니라 한 가지라면?,실제 역사와 게임에서 바꿀 조건을 순서대로 확인해요.,nuvia.semantic.v1_1_r2.w29-c1.middle-school.condition-understanding,nuvia.history.american-conquest,nuvia.history.american-conquest.c1,실제 역사 확인 후 바뀐 조건 한 가지 이해,learner,nuvia.semantic.ref.w29-c1.object,nuvia.semantic.ref.w29-c1.resource,색 종류 수 두 가지→한 가지,beforeAction,notApplicable,viewActualHistoryThenSelectCondition,실제 역사 FACT와 게임의 CHANGED_CONDITION을 서로 다른 표시·이벤트로 확인,"[""nuvia.history.american-conquest.c1""]","[""nuvia.history.american-conquest.c1.prohibitedClaims"", ""실제 역사와 바꾼 조건을 같은 사실로 표시"", ""다른 조건 fallback""]","[""W29-S01"", ""W29-S02"", ""W29-S03"", ""W29-S04""]",nuvia.history.american-conquest.c1,historyViewed+conditionSelected,nuvia.age.middle-school.v1,"{""cognitiveAction"": ""보기·조건 선택 단계이며 PASS 핵심 활동이 아님""}"
canonicalStage,W29-C1,middle-school,받은 구슬이 한 가지 색이면 눈에 보이는 모습은 어떻게 달라질까요?,바로 다음 가능성을 한 가지 예상해요.,nuvia.semantic.v1_1_r2.w29-c1.middle-school.prediction,nuvia.history.american-conquest,nuvia.history.american-conquest.c1,결과 공개 전 다음 장면 한 가지 예측,learner,nuvia.semantic.ref.w29-c1.object,nuvia.semantic.ref.w29-c1.resource,색 종류 수 두 가지→한 가지,possibleFuture,notApplicable,writing|voice|drawing|deferred,변경 조건 이후의 가까운 다음 모습 한 가지; 정답·적중 점수 없음,notApplicable,"[""nuvia.history.american-conquest.c1.prohibitedClaims"", ""근거·반론·핵심 활동을 한 질문에 함께 요구"", ""결과 공개 후 수정"", ""예측을 실제 역사로 표시""]",notApplicable,nuvia.history.american-conquest.c1,predictionSnapshot,nuvia.age.middle-school.v1,"{""cognitiveAction"": ""최초 예측은 PASS 핵심 활동으로 중복 집계하지 않음"", ""allowedAnswerIds"": ""자유 말·글·그림·보류 응답이며 고정 정답 ID를 만들지 않음"", ""sourceFactId"": ""예측 내용은 역사 사실 주장이 아님; 승인 실제 사실은 조건 이해 단계에서 연결""}"
canonicalStage,W29-C1,middle-school,두 모습에서 색 종류는 어떻게 다른가요?,두 모습에 나타난 같은 대상의 관계를 비교해요.,nuvia.semantic.v1_1_r2.w29-c1.middle-school.core-activity,nuvia.history.american-conquest,nuvia.history.american-conquest.c1,승인된 PASS 핵심 인지 활동 수행,learner,nuvia.semantic.ref.w29-c1.object,nuvia.semantic.ref.w29-c1.resource,색 종류 수 두 가지→한 가지,duringAction,compareStructures,action.compareStructures.r2 payload 또는 activityDeferred,색 종류의 관계 비교; 정치적 의미·가치 부여 금지,"[""nuvia.history.american-conquest.c1.left.1"", ""nuvia.history.american-conquest.c1.right.1"", ""nuvia.history.american-conquest.c1.reason.1"", ""nuvia.history.american-conquest.c1.reason.2"", ""nuvia.history.american-conquest.c1.reason.3""]","[""nuvia.history.american-conquest.c1.prohibitedClaims"", ""활동 라벨을 나의 이야기로 저장"", ""입력하지 않은 계획·근거·태도·정확성 생성""]","[""W29-S01"", ""W29-S02"", ""W29-S03"", ""W29-S04""]",nuvia.history.american-conquest.c1,cognitiveActionRecorded 또는 activityDeferred,nuvia.age.middle-school.v1,{}
canonicalStage,W29-C1,middle-school,이 조건에서 달라질 수 있는 모습을 살펴봐요.,가능성 하나가 정답이라고 표시하지 않아요.,nuvia.semantic.v1_1_r2.w29-c1.middle-school.alternate-result,nuvia.history.american-conquest,nuvia.history.american-conquest.c1,변경 조건에서 가능한 결과 A/B 확인,learner,nuvia.semantic.ref.w29-c1.object,nuvia.semantic.ref.w29-c1.resource,색 종류 수 두 가지→한 가지,immediateResult,notApplicable,viewLevel3PossibilityAOrB,실제 역사와 분리된 Level 3 가능성; 정답이 아님,"[""A"", ""B""]","[""nuvia.history.american-conquest.c1.prohibitedClaims"", ""가능성 A/B를 사실·정답·적중 점수로 표시"", ""장기 결과 단정""]",notApplicable,nuvia.history.american-conquest.c1,alternateViewed,nuvia.age.middle-school.v1,"{""cognitiveAction"": ""가능성 열람 단계"", ""sourceFactId"": ""가상 가능성은 출처가 확인하는 실제 사실이 아님""}"
canonicalStage,W29-C1,middle-school,나만의 이야기를 말·글·그림으로 남겨 봐요.,남기지 않아도 다른 기록으로 대신 채우지 않아요.,nuvia.semantic.v1_1_r2.w29-c1.middle-school.learner-story,nuvia.history.american-conquest,nuvia.history.american-conquest.c1,사용자가 직접 나만의 이야기 남기기,learner,nuvia.semantic.ref.w29-c1.object,notApplicable,색 종류 수 두 가지→한 가지,reflection,notApplicable,writing|voice|drawing|mixed|deferred,사용자가 직접 남긴 말·글·그림 원문 또는 남기지 않음,notApplicable,"[""핵심 활동 라벨·예측·시스템 문구를 사용자 이야기로 복사"", ""사용자 입력이 없는데 이야기 생성"", ""AI 보완·요약·평가""]",notApplicable,nuvia.history.american-conquest.c1,storyRecorded,nuvia.age.middle-school.v1,"{""resourceId"": ""말·글·그림 자유 표현이며 고정 역사 자원 선택이 아님"", ""cognitiveAction"": ""자유 창작은 PASS 핵심 활동으로 중복 집계하지 않음"", ""allowedAnswerIds"": ""자유 창작에 고정 답안 없음"", ""sourceFactId"": ""사용자 창작은 승인 역사 사실이 아님""}"
canonicalStage,W29-C1,middle-school,"실제 역사와 내가 만든 이야기를 비교해 보고, 가장 눈에 띈 점 하나를 남겨 보세요.",사용자 원문을 그대로 저장해요.,nuvia.semantic.v1_1_r2.w29-c1.middle-school.history-comparison,nuvia.history.american-conquest,nuvia.history.american-conquest.c1,실제 역사와 나의 역사 비교,learner,nuvia.semantic.ref.w29-c1.object,notApplicable,색 종류 수 두 가지→한 가지,comparison,notApplicable,writing|voice|drawing|mixed|deferred,가장 눈에 띈 점 하나와 연령에 따라 선택적 근거; 사용자 원문,notApplicable,"[""같았어요/달랐어요/새롭게 알았어요 고정 카드"", ""prediction 비교 fallback"", ""AI 분류·요약·채점""]","[""W29-S01"", ""W29-S02"", ""W29-S03"", ""W29-S04""]",nuvia.history.american-conquest.c1,comparisonCompleted(history)+bookPage7+growthReport,nuvia.age.middle-school.v1,"{""resourceId"": ""실제 역사 요약과 사용자 이야기 참조이며 새 고정 답안 자원이 아님"", ""cognitiveAction"": ""자유 비교는 PASS 핵심 활동으로 중복 집계하지 않음"", ""allowedAnswerIds"": ""comparisonTag와 고정 비교 카드 폐기""}"
canonicalStage,W29-C1,middle-school,"처음 생각과 실제 역사를 비교해 보고, 가장 눈에 띈 점 하나를 남겨 보세요.",처음 예측은 바꾸지 않고 사용자 원문을 그대로 저장해요.,nuvia.semantic.v1_1_r2.w29-c1.middle-school.prediction-comparison,nuvia.history.american-conquest,nuvia.history.american-conquest.c1,최초 예측과 실제 역사 비교,learner,nuvia.semantic.ref.w29-c1.object,notApplicable,색 종류 수 두 가지→한 가지,comparison,notApplicable,writing|voice|drawing|mixed|deferred,처음 생각과 실제 역사에서 눈에 띈 점 하나와 연령에 따라 선택적 근거; 사용자 원문,notApplicable,"[""history 비교 fallback"", ""최초 예측 사후 변경"", ""같았어요/달랐어요/새롭게 알았어요 고정 카드"", ""AI 분류·요약·채점""]","[""W29-S01"", ""W29-S02"", ""W29-S03"", ""W29-S04""]",nuvia.history.american-conquest.c1,comparisonCompleted(prediction)+bookPage8+growthReport,nuvia.age.middle-school.v1,"{""resourceId"": ""잠긴 predictionSnapshot과 실제 역사 핵심 한 줄을 참조"", ""cognitiveAction"": ""자유 비교는 PASS 핵심 활동으로 중복 집계하지 않음"", ""allowedAnswerIds"": ""comparisonTag와 고정 비교 카드 폐기""}"
canonicalStage,W29-C1,middle-school,이야기책과 성장 기록을 볼 수 있어요.,같은 결과 기록만 연결해요.,nuvia.semantic.v1_1_r2.w29-c1.middle-school.artifact-link,nuvia.history.american-conquest,nuvia.history.american-conquest.c1,같은 결과의 이야기책·성장 리포트 연결,learner,nuvia.semantic.ref.w29-c1.object,notApplicable,notApplicable,reflection,notApplicable,viewBook|viewReport|print,같은 resultId·missionId·conditionId·버전의 실제 입력만 표시,"[""viewStoryBook"", ""viewGrowthReport"", ""print""]","[""다른 resultId·미션·조건·버전 혼입"", ""없는 값 소급 생성"", ""책7/8 입력 fallback""]","[""W29-S01"", ""W29-S02"", ""W29-S03"", ""W29-S04""]",nuvia.history.american-conquest.c1,storyBook8Pages+integratedGrowthReport,nuvia.age.middle-school.v1,"{""resourceId"": ""새 응답 자원이 아니라 저장된 같은 resultId 레코드 연결"", ""changedAttribute"": ""이 단계에서 역사 조건을 다시 변경하지 않음"", ""cognitiveAction"": ""결과 열람·인쇄 연결 단계""}"
canonicalStage,W29-C1,high-school,받은 구슬의 색이 두 가지가 아니라 한 가지라면?,실제 역사와 게임에서 바꿀 조건을 순서대로 확인해요.,nuvia.semantic.v1_1_r2.w29-c1.high-school.condition-understanding,nuvia.history.american-conquest,nuvia.history.american-conquest.c1,실제 역사 확인 후 바뀐 조건 한 가지 이해,learner,nuvia.semantic.ref.w29-c1.object,nuvia.semantic.ref.w29-c1.resource,색 종류 수 두 가지→한 가지,beforeAction,notApplicable,viewActualHistoryThenSelectCondition,실제 역사 FACT와 게임의 CHANGED_CONDITION을 서로 다른 표시·이벤트로 확인,"[""nuvia.history.american-conquest.c1""]","[""nuvia.history.american-conquest.c1.prohibitedClaims"", ""실제 역사와 바꾼 조건을 같은 사실로 표시"", ""다른 조건 fallback""]","[""W29-S01"", ""W29-S02"", ""W29-S03"", ""W29-S04""]",nuvia.history.american-conquest.c1,historyViewed+conditionSelected,nuvia.age.high-school.v1,"{""cognitiveAction"": ""보기·조건 선택 단계이며 PASS 핵심 활동이 아님""}"
canonicalStage,W29-C1,high-school,받은 구슬이 한 가지 색이면 눈에 보이는 모습은 어떻게 달라질까요?,바로 다음 가능성을 한 가지 예상해요.,nuvia.semantic.v1_1_r2.w29-c1.high-school.prediction,nuvia.history.american-conquest,nuvia.history.american-conquest.c1,결과 공개 전 다음 장면 한 가지 예측,learner,nuvia.semantic.ref.w29-c1.object,nuvia.semantic.ref.w29-c1.resource,색 종류 수 두 가지→한 가지,possibleFuture,notApplicable,writing|voice|drawing|deferred,변경 조건 이후의 가까운 다음 모습 한 가지; 정답·적중 점수 없음,notApplicable,"[""nuvia.history.american-conquest.c1.prohibitedClaims"", ""근거·반론·핵심 활동을 한 질문에 함께 요구"", ""결과 공개 후 수정"", ""예측을 실제 역사로 표시""]",notApplicable,nuvia.history.american-conquest.c1,predictionSnapshot,nuvia.age.high-school.v1,"{""cognitiveAction"": ""최초 예측은 PASS 핵심 활동으로 중복 집계하지 않음"", ""allowedAnswerIds"": ""자유 말·글·그림·보류 응답이며 고정 정답 ID를 만들지 않음"", ""sourceFactId"": ""예측 내용은 역사 사실 주장이 아님; 승인 실제 사실은 조건 이해 단계에서 연결""}"
canonicalStage,W29-C1,high-school,두 모습에서 색 종류는 어떻게 다른가요?,두 모습에 나타난 같은 대상의 관계를 비교해요.,nuvia.semantic.v1_1_r2.w29-c1.high-school.core-activity,nuvia.history.american-conquest,nuvia.history.american-conquest.c1,승인된 PASS 핵심 인지 활동 수행,learner,nuvia.semantic.ref.w29-c1.object,nuvia.semantic.ref.w29-c1.resource,색 종류 수 두 가지→한 가지,duringAction,compareStructures,action.compareStructures.r2 payload 또는 activityDeferred,색 종류의 관계 비교; 정치적 의미·가치 부여 금지,"[""nuvia.history.american-conquest.c1.left.1"", ""nuvia.history.american-conquest.c1.right.1"", ""nuvia.history.american-conquest.c1.reason.1"", ""nuvia.history.american-conquest.c1.reason.2"", ""nuvia.history.american-conquest.c1.reason.3""]","[""nuvia.history.american-conquest.c1.prohibitedClaims"", ""활동 라벨을 나의 이야기로 저장"", ""입력하지 않은 계획·근거·태도·정확성 생성""]","[""W29-S01"", ""W29-S02"", ""W29-S03"", ""W29-S04""]",nuvia.history.american-conquest.c1,cognitiveActionRecorded 또는 activityDeferred,nuvia.age.high-school.v1,{}
canonicalStage,W29-C1,high-school,이 조건에서 달라질 수 있는 모습을 살펴봐요.,가능성 하나가 정답이라고 표시하지 않아요.,nuvia.semantic.v1_1_r2.w29-c1.high-school.alternate-result,nuvia.history.american-conquest,nuvia.history.american-conquest.c1,변경 조건에서 가능한 결과 A/B 확인,learner,nuvia.semantic.ref.w29-c1.object,nuvia.semantic.ref.w29-c1.resource,색 종류 수 두 가지→한 가지,immediateResult,notApplicable,viewLevel3PossibilityAOrB,실제 역사와 분리된 Level 3 가능성; 정답이 아님,"[""A"", ""B""]","[""nuvia.history.american-conquest.c1.prohibitedClaims"", ""가능성 A/B를 사실·정답·적중 점수로 표시"", ""장기 결과 단정""]",notApplicable,nuvia.history.american-conquest.c1,alternateViewed,nuvia.age.high-school.v1,"{""cognitiveAction"": ""가능성 열람 단계"", ""sourceFactId"": ""가상 가능성은 출처가 확인하는 실제 사실이 아님""}"
canonicalStage,W29-C1,high-school,나만의 이야기를 말·글·그림으로 남겨 봐요.,남기지 않아도 다른 기록으로 대신 채우지 않아요.,nuvia.semantic.v1_1_r2.w29-c1.high-school.learner-story,nuvia.history.american-conquest,nuvia.history.american-conquest.c1,사용자가 직접 나만의 이야기 남기기,learner,nuvia.semantic.ref.w29-c1.object,notApplicable,색 종류 수 두 가지→한 가지,reflection,notApplicable,writing|voice|drawing|mixed|deferred,사용자가 직접 남긴 말·글·그림 원문 또는 남기지 않음,notApplicable,"[""핵심 활동 라벨·예측·시스템 문구를 사용자 이야기로 복사"", ""사용자 입력이 없는데 이야기 생성"", ""AI 보완·요약·평가""]",notApplicable,nuvia.history.american-conquest.c1,storyRecorded,nuvia.age.high-school.v1,"{""resourceId"": ""말·글·그림 자유 표현이며 고정 역사 자원 선택이 아님"", ""cognitiveAction"": ""자유 창작은 PASS 핵심 활동으로 중복 집계하지 않음"", ""allowedAnswerIds"": ""자유 창작에 고정 답안 없음"", ""sourceFactId"": ""사용자 창작은 승인 역사 사실이 아님""}"
canonicalStage,W29-C1,high-school,"실제 역사와 내가 만든 이야기를 비교해 보고, 가장 눈에 띈 점 하나를 남겨 보세요.",사용자 원문을 그대로 저장해요.,nuvia.semantic.v1_1_r2.w29-c1.high-school.history-comparison,nuvia.history.american-conquest,nuvia.history.american-conquest.c1,실제 역사와 나의 역사 비교,learner,nuvia.semantic.ref.w29-c1.object,notApplicable,색 종류 수 두 가지→한 가지,comparison,notApplicable,writing|voice|drawing|mixed|deferred,가장 눈에 띈 점 하나와 연령에 따라 선택적 근거; 사용자 원문,notApplicable,"[""같았어요/달랐어요/새롭게 알았어요 고정 카드"", ""prediction 비교 fallback"", ""AI 분류·요약·채점""]","[""W29-S01"", ""W29-S02"", ""W29-S03"", ""W29-S04""]",nuvia.history.american-conquest.c1,comparisonCompleted(history)+bookPage7+growthReport,nuvia.age.high-school.v1,"{""resourceId"": ""실제 역사 요약과 사용자 이야기 참조이며 새 고정 답안 자원이 아님"", ""cognitiveAction"": ""자유 비교는 PASS 핵심 활동으로 중복 집계하지 않음"", ""allowedAnswerIds"": ""comparisonTag와 고정 비교 카드 폐기""}"
canonicalStage,W29-C1,high-school,"처음 생각과 실제 역사를 비교해 보고, 가장 눈에 띈 점 하나를 남겨 보세요.",처음 예측은 바꾸지 않고 사용자 원문을 그대로 저장해요.,nuvia.semantic.v1_1_r2.w29-c1.high-school.prediction-comparison,nuvia.history.american-conquest,nuvia.history.american-conquest.c1,최초 예측과 실제 역사 비교,learner,nuvia.semantic.ref.w29-c1.object,notApplicable,색 종류 수 두 가지→한 가지,comparison,notApplicable,writing|voice|drawing|mixed|deferred,처음 생각과 실제 역사에서 눈에 띈 점 하나와 연령에 따라 선택적 근거; 사용자 원문,notApplicable,"[""history 비교 fallback"", ""최초 예측 사후 변경"", ""같았어요/달랐어요/새롭게 알았어요 고정 카드"", ""AI 분류·요약·채점""]","[""W29-S01"", ""W29-S02"", ""W29-S03"", ""W29-S04""]",nuvia.history.american-conquest.c1,comparisonCompleted(prediction)+bookPage8+growthReport,nuvia.age.high-school.v1,"{""resourceId"": ""잠긴 predictionSnapshot과 실제 역사 핵심 한 줄을 참조"", ""cognitiveAction"": ""자유 비교는 PASS 핵심 활동으로 중복 집계하지 않음"", ""allowedAnswerIds"": ""comparisonTag와 고정 비교 카드 폐기""}"
canonicalStage,W29-C1,high-school,이야기책과 성장 기록을 볼 수 있어요.,같은 결과 기록만 연결해요.,nuvia.semantic.v1_1_r2.w29-c1.high-school.artifact-link,nuvia.history.american-conquest,nuvia.history.american-conquest.c1,같은 결과의 이야기책·성장 리포트 연결,learner,nuvia.semantic.ref.w29-c1.object,notApplicable,notApplicable,reflection,notApplicable,viewBook|viewReport|print,같은 resultId·missionId·conditionId·버전의 실제 입력만 표시,"[""viewStoryBook"", ""viewGrowthReport"", ""print""]","[""다른 resultId·미션·조건·버전 혼입"", ""없는 값 소급 생성"", ""책7/8 입력 fallback""]","[""W29-S01"", ""W29-S02"", ""W29-S03"", ""W29-S04""]",nuvia.history.american-conquest.c1,storyBook8Pages+integratedGrowthReport,nuvia.age.high-school.v1,"{""resourceId"": ""새 응답 자원이 아니라 저장된 같은 resultId 레코드 연결"", ""changedAttribute"": ""이 단계에서 역사 조건을 다시 변경하지 않음"", ""cognitiveAction"": ""결과 열람·인쇄 연결 단계""}"
canonicalStage,W29-C1,adult,받은 구슬의 색이 두 가지가 아니라 한 가지라면?,실제 역사와 게임에서 바꿀 조건을 순서대로 확인해요.,nuvia.semantic.v1_1_r2.w29-c1.adult.condition-understanding,nuvia.history.american-conquest,nuvia.history.american-conquest.c1,실제 역사 확인 후 바뀐 조건 한 가지 이해,learner,nuvia.semantic.ref.w29-c1.object,nuvia.semantic.ref.w29-c1.resource,색 종류 수 두 가지→한 가지,beforeAction,notApplicable,viewActualHistoryThenSelectCondition,실제 역사 FACT와 게임의 CHANGED_CONDITION을 서로 다른 표시·이벤트로 확인,"[""nuvia.history.american-conquest.c1""]","[""nuvia.history.american-conquest.c1.prohibitedClaims"", ""실제 역사와 바꾼 조건을 같은 사실로 표시"", ""다른 조건 fallback""]","[""W29-S01"", ""W29-S02"", ""W29-S03"", ""W29-S04""]",nuvia.history.american-conquest.c1,historyViewed+conditionSelected,nuvia.age.adult.v1,"{""cognitiveAction"": ""보기·조건 선택 단계이며 PASS 핵심 활동이 아님""}"
canonicalStage,W29-C1,adult,받은 구슬이 한 가지 색이면 눈에 보이는 모습은 어떻게 달라질까요?,바로 다음 가능성을 한 가지 예상해요.,nuvia.semantic.v1_1_r2.w29-c1.adult.prediction,nuvia.history.american-conquest,nuvia.history.american-conquest.c1,결과 공개 전 다음 장면 한 가지 예측,learner,nuvia.semantic.ref.w29-c1.object,nuvia.semantic.ref.w29-c1.resource,색 종류 수 두 가지→한 가지,possibleFuture,notApplicable,writing|voice|drawing|deferred,변경 조건 이후의 가까운 다음 모습 한 가지; 정답·적중 점수 없음,notApplicable,"[""nuvia.history.american-conquest.c1.prohibitedClaims"", ""근거·반론·핵심 활동을 한 질문에 함께 요구"", ""결과 공개 후 수정"", ""예측을 실제 역사로 표시""]",notApplicable,nuvia.history.american-conquest.c1,predictionSnapshot,nuvia.age.adult.v1,"{""cognitiveAction"": ""최초 예측은 PASS 핵심 활동으로 중복 집계하지 않음"", ""allowedAnswerIds"": ""자유 말·글·그림·보류 응답이며 고정 정답 ID를 만들지 않음"", ""sourceFactId"": ""예측 내용은 역사 사실 주장이 아님; 승인 실제 사실은 조건 이해 단계에서 연결""}"
canonicalStage,W29-C1,adult,두 모습에서 색 종류는 어떻게 다른가요?,두 모습에 나타난 같은 대상의 관계를 비교해요.,nuvia.semantic.v1_1_r2.w29-c1.adult.core-activity,nuvia.history.american-conquest,nuvia.history.american-conquest.c1,승인된 PASS 핵심 인지 활동 수행,learner,nuvia.semantic.ref.w29-c1.object,nuvia.semantic.ref.w29-c1.resource,색 종류 수 두 가지→한 가지,duringAction,compareStructures,action.compareStructures.r2 payload 또는 activityDeferred,색 종류의 관계 비교; 정치적 의미·가치 부여 금지,"[""nuvia.history.american-conquest.c1.left.1"", ""nuvia.history.american-conquest.c1.right.1"", ""nuvia.history.american-conquest.c1.reason.1"", ""nuvia.history.american-conquest.c1.reason.2"", ""nuvia.history.american-conquest.c1.reason.3""]","[""nuvia.history.american-conquest.c1.prohibitedClaims"", ""활동 라벨을 나의 이야기로 저장"", ""입력하지 않은 계획·근거·태도·정확성 생성""]","[""W29-S01"", ""W29-S02"", ""W29-S03"", ""W29-S04""]",nuvia.history.american-conquest.c1,cognitiveActionRecorded 또는 activityDeferred,nuvia.age.adult.v1,{}
canonicalStage,W29-C1,adult,이 조건에서 달라질 수 있는 모습을 살펴봐요.,가능성 하나가 정답이라고 표시하지 않아요.,nuvia.semantic.v1_1_r2.w29-c1.adult.alternate-result,nuvia.history.american-conquest,nuvia.history.american-conquest.c1,변경 조건에서 가능한 결과 A/B 확인,learner,nuvia.semantic.ref.w29-c1.object,nuvia.semantic.ref.w29-c1.resource,색 종류 수 두 가지→한 가지,immediateResult,notApplicable,viewLevel3PossibilityAOrB,실제 역사와 분리된 Level 3 가능성; 정답이 아님,"[""A"", ""B""]","[""nuvia.history.american-conquest.c1.prohibitedClaims"", ""가능성 A/B를 사실·정답·적중 점수로 표시"", ""장기 결과 단정""]",notApplicable,nuvia.history.american-conquest.c1,alternateViewed,nuvia.age.adult.v1,"{""cognitiveAction"": ""가능성 열람 단계"", ""sourceFactId"": ""가상 가능성은 출처가 확인하는 실제 사실이 아님""}"
canonicalStage,W29-C1,adult,나만의 이야기를 말·글·그림으로 남겨 봐요.,남기지 않아도 다른 기록으로 대신 채우지 않아요.,nuvia.semantic.v1_1_r2.w29-c1.adult.learner-story,nuvia.history.american-conquest,nuvia.history.american-conquest.c1,사용자가 직접 나만의 이야기 남기기,learner,nuvia.semantic.ref.w29-c1.object,notApplicable,색 종류 수 두 가지→한 가지,reflection,notApplicable,writing|voice|drawing|mixed|deferred,사용자가 직접 남긴 말·글·그림 원문 또는 남기지 않음,notApplicable,"[""핵심 활동 라벨·예측·시스템 문구를 사용자 이야기로 복사"", ""사용자 입력이 없는데 이야기 생성"", ""AI 보완·요약·평가""]",notApplicable,nuvia.history.american-conquest.c1,storyRecorded,nuvia.age.adult.v1,"{""resourceId"": ""말·글·그림 자유 표현이며 고정 역사 자원 선택이 아님"", ""cognitiveAction"": ""자유 창작은 PASS 핵심 활동으로 중복 집계하지 않음"", ""allowedAnswerIds"": ""자유 창작에 고정 답안 없음"", ""sourceFactId"": ""사용자 창작은 승인 역사 사실이 아님""}"
canonicalStage,W29-C1,adult,"실제 역사와 내가 만든 이야기를 비교해 보고, 가장 눈에 띈 점 하나를 남겨 보세요.",사용자 원문을 그대로 저장해요.,nuvia.semantic.v1_1_r2.w29-c1.adult.history-comparison,nuvia.history.american-conquest,nuvia.history.american-conquest.c1,실제 역사와 나의 역사 비교,learner,nuvia.semantic.ref.w29-c1.object,notApplicable,색 종류 수 두 가지→한 가지,comparison,notApplicable,writing|voice|drawing|mixed|deferred,가장 눈에 띈 점 하나와 연령에 따라 선택적 근거; 사용자 원문,notApplicable,"[""같았어요/달랐어요/새롭게 알았어요 고정 카드"", ""prediction 비교 fallback"", ""AI 분류·요약·채점""]","[""W29-S01"", ""W29-S02"", ""W29-S03"", ""W29-S04""]",nuvia.history.american-conquest.c1,comparisonCompleted(history)+bookPage7+growthReport,nuvia.age.adult.v1,"{""resourceId"": ""실제 역사 요약과 사용자 이야기 참조이며 새 고정 답안 자원이 아님"", ""cognitiveAction"": ""자유 비교는 PASS 핵심 활동으로 중복 집계하지 않음"", ""allowedAnswerIds"": ""comparisonTag와 고정 비교 카드 폐기""}"
canonicalStage,W29-C1,adult,"처음 생각과 실제 역사를 비교해 보고, 가장 눈에 띈 점 하나를 남겨 보세요.",처음 예측은 바꾸지 않고 사용자 원문을 그대로 저장해요.,nuvia.semantic.v1_1_r2.w29-c1.adult.prediction-comparison,nuvia.history.american-conquest,nuvia.history.american-conquest.c1,최초 예측과 실제 역사 비교,learner,nuvia.semantic.ref.w29-c1.object,notApplicable,색 종류 수 두 가지→한 가지,comparison,notApplicable,writing|voice|drawing|mixed|deferred,처음 생각과 실제 역사에서 눈에 띈 점 하나와 연령에 따라 선택적 근거; 사용자 원문,notApplicable,"[""history 비교 fallback"", ""최초 예측 사후 변경"", ""같았어요/달랐어요/새롭게 알았어요 고정 카드"", ""AI 분류·요약·채점""]","[""W29-S01"", ""W29-S02"", ""W29-S03"", ""W29-S04""]",nuvia.history.american-conquest.c1,comparisonCompleted(prediction)+bookPage8+growthReport,nuvia.age.adult.v1,"{""resourceId"": ""잠긴 predictionSnapshot과 실제 역사 핵심 한 줄을 참조"", ""cognitiveAction"": ""자유 비교는 PASS 핵심 활동으로 중복 집계하지 않음"", ""allowedAnswerIds"": ""comparisonTag와 고정 비교 카드 폐기""}"
canonicalStage,W29-C1,adult,이야기책과 성장 기록을 볼 수 있어요.,같은 결과 기록만 연결해요.,nuvia.semantic.v1_1_r2.w29-c1.adult.artifact-link,nuvia.history.american-conquest,nuvia.history.american-conquest.c1,같은 결과의 이야기책·성장 리포트 연결,learner,nuvia.semantic.ref.w29-c1.object,notApplicable,notApplicable,reflection,notApplicable,viewBook|viewReport|print,같은 resultId·missionId·conditionId·버전의 실제 입력만 표시,"[""viewStoryBook"", ""viewGrowthReport"", ""print""]","[""다른 resultId·미션·조건·버전 혼입"", ""없는 값 소급 생성"", ""책7/8 입력 fallback""]","[""W29-S01"", ""W29-S02"", ""W29-S03"", ""W29-S04""]",nuvia.history.american-conquest.c1,storyBook8Pages+integratedGrowthReport,nuvia.age.adult.v1,"{""resourceId"": ""새 응답 자원이 아니라 저장된 같은 resultId 레코드 연결"", ""changedAttribute"": ""이 단계에서 역사 조건을 다시 변경하지 않음"", ""cognitiveAction"": ""결과 열람·인쇄 연결 단계""}"
canonicalStage,W29-C2,preschool,본 것을 전할 때 받은 구슬을 함께 가져오지 않았다면?,실제 역사와 게임에서 바꿀 조건을 순서대로 확인해요.,nuvia.semantic.v1_1_r2.w29-c2.preschool.condition-understanding,nuvia.history.american-conquest,nuvia.history.american-conquest.c2,실제 역사 확인 후 바뀐 조건 한 가지 이해,learner,nuvia.semantic.ref.w29-c2.object,nuvia.semantic.ref.w29-c2.resource,보고 자리에서 원물 동반 여부,beforeAction,notApplicable,viewActualHistoryThenSelectCondition,실제 역사 FACT와 게임의 CHANGED_CONDITION을 서로 다른 표시·이벤트로 확인,"[""nuvia.history.american-conquest.c2""]","[""nuvia.history.american-conquest.c2.prohibitedClaims"", ""실제 역사와 바꾼 조건을 같은 사실로 표시"", ""다른 조건 fallback""]","[""W29-S01"", ""W29-S02"", ""W29-S03"", ""W29-S04""]",nuvia.history.american-conquest.c2,historyViewed+conditionSelected,nuvia.age.preschool.v1,"{""cognitiveAction"": ""보기·조건 선택 단계이며 PASS 핵심 활동이 아님""}"
canonicalStage,W29-C2,preschool,구슬을 가져오지 않으면 알리는 모습은 어떨까요?,다음 모습을 말하거나 그려 봐요.,nuvia.semantic.v1_1_r2.w29-c2.preschool.prediction,nuvia.history.american-conquest,nuvia.history.american-conquest.c2,결과 공개 전 다음 장면 한 가지 예측,learner,nuvia.semantic.ref.w29-c2.object,nuvia.semantic.ref.w29-c2.resource,보고 자리에서 원물 동반 여부,possibleFuture,notApplicable,voice|drawing|deferred,변경 조건 이후의 가까운 다음 모습 한 가지; 정답·적중 점수 없음,notApplicable,"[""nuvia.history.american-conquest.c2.prohibitedClaims"", ""근거·반론·핵심 활동을 한 질문에 함께 요구"", ""결과 공개 후 수정"", ""예측을 실제 역사로 표시""]",notApplicable,nuvia.history.american-conquest.c2,predictionSnapshot,nuvia.age.preschool.v1,"{""cognitiveAction"": ""최초 예측은 PASS 핵심 활동으로 중복 집계하지 않음"", ""allowedAnswerIds"": ""자유 말·글·그림·보류 응답이며 고정 정답 ID를 만들지 않음"", ""sourceFactId"": ""예측 내용은 역사 사실 주장이 아님; 승인 실제 사실은 조건 이해 단계에서 연결""}"
canonicalStage,W29-C2,preschool,구슬을 보여 줄 수 없으면 어떤 일을 먼저 할까요?,먼저 할 일을 골라 봐요.,nuvia.semantic.v1_1_r2.w29-c2.preschool.core-activity,nuvia.history.american-conquest,nuvia.history.american-conquest.c2,승인된 PASS 핵심 인지 활동 수행,learner,nuvia.semantic.ref.w29-c2.object,nuvia.semantic.ref.w29-c2.resource,보고 자리에서 원물 동반 여부,duringAction,chooseGoalAndSteps,action.chooseGoalAndSteps.r2 payload 또는 activityDeferred,전달 목표·행동·제약을 별도 단계로 선택,"[""nuvia.history.american-conquest.c2.goal.1"", ""nuvia.history.american-conquest.c2.response.1"", ""nuvia.history.american-conquest.c2.response.2"", ""nuvia.history.american-conquest.c2.constraint.1"", ""nuvia.history.american-conquest.c2.reason.1"", ""nuvia.history.american-conquest.c2.reason.2""]","[""nuvia.history.american-conquest.c2.prohibitedClaims"", ""활동 라벨을 나의 이야기로 저장"", ""입력하지 않은 계획·근거·태도·정확성 생성""]","[""W29-S01"", ""W29-S02"", ""W29-S03"", ""W29-S04""]",nuvia.history.american-conquest.c2,cognitiveActionRecorded 또는 activityDeferred,nuvia.age.preschool.v1,{}
canonicalStage,W29-C2,preschool,이 조건에서 달라질 수 있는 모습을 살펴봐요.,가능성 하나가 정답이라고 표시하지 않아요.,nuvia.semantic.v1_1_r2.w29-c2.preschool.alternate-result,nuvia.history.american-conquest,nuvia.history.american-conquest.c2,변경 조건에서 가능한 결과 A/B 확인,learner,nuvia.semantic.ref.w29-c2.object,nuvia.semantic.ref.w29-c2.resource,보고 자리에서 원물 동반 여부,immediateResult,notApplicable,viewLevel3PossibilityAOrB,실제 역사와 분리된 Level 3 가능성; 정답이 아님,"[""A"", ""B""]","[""nuvia.history.american-conquest.c2.prohibitedClaims"", ""가능성 A/B를 사실·정답·적중 점수로 표시"", ""장기 결과 단정""]",notApplicable,nuvia.history.american-conquest.c2,alternateViewed,nuvia.age.preschool.v1,"{""cognitiveAction"": ""가능성 열람 단계"", ""sourceFactId"": ""가상 가능성은 출처가 확인하는 실제 사실이 아님""}"
canonicalStage,W29-C2,preschool,나만의 이야기를 말·글·그림으로 남겨 봐요.,남기지 않아도 다른 기록으로 대신 채우지 않아요.,nuvia.semantic.v1_1_r2.w29-c2.preschool.learner-story,nuvia.history.american-conquest,nuvia.history.american-conquest.c2,사용자가 직접 나만의 이야기 남기기,learner,nuvia.semantic.ref.w29-c2.object,notApplicable,보고 자리에서 원물 동반 여부,reflection,notApplicable,writing|voice|drawing|mixed|deferred,사용자가 직접 남긴 말·글·그림 원문 또는 남기지 않음,notApplicable,"[""핵심 활동 라벨·예측·시스템 문구를 사용자 이야기로 복사"", ""사용자 입력이 없는데 이야기 생성"", ""AI 보완·요약·평가""]",notApplicable,nuvia.history.american-conquest.c2,storyRecorded,nuvia.age.preschool.v1,"{""resourceId"": ""말·글·그림 자유 표현이며 고정 역사 자원 선택이 아님"", ""cognitiveAction"": ""자유 창작은 PASS 핵심 활동으로 중복 집계하지 않음"", ""allowedAnswerIds"": ""자유 창작에 고정 답안 없음"", ""sourceFactId"": ""사용자 창작은 승인 역사 사실이 아님""}"
canonicalStage,W29-C2,preschool,"실제 역사와 내가 만든 이야기를 비교해 보고, 가장 눈에 띈 점 하나를 남겨 보세요.",사용자 원문을 그대로 저장해요.,nuvia.semantic.v1_1_r2.w29-c2.preschool.history-comparison,nuvia.history.american-conquest,nuvia.history.american-conquest.c2,실제 역사와 나의 역사 비교,learner,nuvia.semantic.ref.w29-c2.object,notApplicable,보고 자리에서 원물 동반 여부,comparison,notApplicable,writing|voice|drawing|mixed|deferred,가장 눈에 띈 점 하나와 연령에 따라 선택적 근거; 사용자 원문,notApplicable,"[""같았어요/달랐어요/새롭게 알았어요 고정 카드"", ""prediction 비교 fallback"", ""AI 분류·요약·채점""]","[""W29-S01"", ""W29-S02"", ""W29-S03"", ""W29-S04""]",nuvia.history.american-conquest.c2,comparisonCompleted(history)+bookPage7+growthReport,nuvia.age.preschool.v1,"{""resourceId"": ""실제 역사 요약과 사용자 이야기 참조이며 새 고정 답안 자원이 아님"", ""cognitiveAction"": ""자유 비교는 PASS 핵심 활동으로 중복 집계하지 않음"", ""allowedAnswerIds"": ""comparisonTag와 고정 비교 카드 폐기""}"
canonicalStage,W29-C2,preschool,"처음 생각과 실제 역사를 비교해 보고, 가장 눈에 띈 점 하나를 남겨 보세요.",처음 예측은 바꾸지 않고 사용자 원문을 그대로 저장해요.,nuvia.semantic.v1_1_r2.w29-c2.preschool.prediction-comparison,nuvia.history.american-conquest,nuvia.history.american-conquest.c2,최초 예측과 실제 역사 비교,learner,nuvia.semantic.ref.w29-c2.object,notApplicable,보고 자리에서 원물 동반 여부,comparison,notApplicable,writing|voice|drawing|mixed|deferred,처음 생각과 실제 역사에서 눈에 띈 점 하나와 연령에 따라 선택적 근거; 사용자 원문,notApplicable,"[""history 비교 fallback"", ""최초 예측 사후 변경"", ""같았어요/달랐어요/새롭게 알았어요 고정 카드"", ""AI 분류·요약·채점""]","[""W29-S01"", ""W29-S02"", ""W29-S03"", ""W29-S04""]",nuvia.history.american-conquest.c2,comparisonCompleted(prediction)+bookPage8+growthReport,nuvia.age.preschool.v1,"{""resourceId"": ""잠긴 predictionSnapshot과 실제 역사 핵심 한 줄을 참조"", ""cognitiveAction"": ""자유 비교는 PASS 핵심 활동으로 중복 집계하지 않음"", ""allowedAnswerIds"": ""comparisonTag와 고정 비교 카드 폐기""}"
canonicalStage,W29-C2,preschool,이야기책과 성장 기록을 볼 수 있어요.,같은 결과 기록만 연결해요.,nuvia.semantic.v1_1_r2.w29-c2.preschool.artifact-link,nuvia.history.american-conquest,nuvia.history.american-conquest.c2,같은 결과의 이야기책·성장 리포트 연결,learner,nuvia.semantic.ref.w29-c2.object,notApplicable,notApplicable,reflection,notApplicable,viewBook|viewReport|print,같은 resultId·missionId·conditionId·버전의 실제 입력만 표시,"[""viewStoryBook"", ""viewGrowthReport"", ""print""]","[""다른 resultId·미션·조건·버전 혼입"", ""없는 값 소급 생성"", ""책7/8 입력 fallback""]","[""W29-S01"", ""W29-S02"", ""W29-S03"", ""W29-S04""]",nuvia.history.american-conquest.c2,storyBook8Pages+integratedGrowthReport,nuvia.age.preschool.v1,"{""resourceId"": ""새 응답 자원이 아니라 저장된 같은 resultId 레코드 연결"", ""changedAttribute"": ""이 단계에서 역사 조건을 다시 변경하지 않음"", ""cognitiveAction"": ""결과 열람·인쇄 연결 단계""}"
canonicalStage,W29-C2,elementary-low,본 것을 전할 때 받은 구슬을 함께 가져오지 않았다면?,실제 역사와 게임에서 바꿀 조건을 순서대로 확인해요.,nuvia.semantic.v1_1_r2.w29-c2.elementary-low.condition-understanding,nuvia.history.american-conquest,nuvia.history.american-conquest.c2,실제 역사 확인 후 바뀐 조건 한 가지 이해,learner,nuvia.semantic.ref.w29-c2.object,nuvia.semantic.ref.w29-c2.resource,보고 자리에서 원물 동반 여부,beforeAction,notApplicable,viewActualHistoryThenSelectCondition,실제 역사 FACT와 게임의 CHANGED_CONDITION을 서로 다른 표시·이벤트로 확인,"[""nuvia.history.american-conquest.c2""]","[""nuvia.history.american-conquest.c2.prohibitedClaims"", ""실제 역사와 바꾼 조건을 같은 사실로 표시"", ""다른 조건 fallback""]","[""W29-S01"", ""W29-S02"", ""W29-S03"", ""W29-S04""]",nuvia.history.american-conquest.c2,historyViewed+conditionSelected,nuvia.age.elementary-low.v1,"{""cognitiveAction"": ""보기·조건 선택 단계이며 PASS 핵심 활동이 아님""}"
canonicalStage,W29-C2,elementary-low,구슬을 가져오지 않으면 알리는 모습은 어떨까요?,다음 모습을 한 가지 남겨 봐요.,nuvia.semantic.v1_1_r2.w29-c2.elementary-low.prediction,nuvia.history.american-conquest,nuvia.history.american-conquest.c2,결과 공개 전 다음 장면 한 가지 예측,learner,nuvia.semantic.ref.w29-c2.object,nuvia.semantic.ref.w29-c2.resource,보고 자리에서 원물 동반 여부,possibleFuture,notApplicable,voice|drawing|writing|deferred,변경 조건 이후의 가까운 다음 모습 한 가지; 정답·적중 점수 없음,notApplicable,"[""nuvia.history.american-conquest.c2.prohibitedClaims"", ""근거·반론·핵심 활동을 한 질문에 함께 요구"", ""결과 공개 후 수정"", ""예측을 실제 역사로 표시""]",notApplicable,nuvia.history.american-conquest.c2,predictionSnapshot,nuvia.age.elementary-low.v1,"{""cognitiveAction"": ""최초 예측은 PASS 핵심 활동으로 중복 집계하지 않음"", ""allowedAnswerIds"": ""자유 말·글·그림·보류 응답이며 고정 정답 ID를 만들지 않음"", ""sourceFactId"": ""예측 내용은 역사 사실 주장이 아님; 승인 실제 사실은 조건 이해 단계에서 연결""}"
canonicalStage,W29-C2,elementary-low,구슬을 보여 줄 수 없으면 어떤 일을 먼저 할까요?,먼저 할 일을 골라 봐요.,nuvia.semantic.v1_1_r2.w29-c2.elementary-low.core-activity,nuvia.history.american-conquest,nuvia.history.american-conquest.c2,승인된 PASS 핵심 인지 활동 수행,learner,nuvia.semantic.ref.w29-c2.object,nuvia.semantic.ref.w29-c2.resource,보고 자리에서 원물 동반 여부,duringAction,chooseGoalAndSteps,action.chooseGoalAndSteps.r2 payload 또는 activityDeferred,전달 목표·행동·제약을 별도 단계로 선택,"[""nuvia.history.american-conquest.c2.goal.1"", ""nuvia.history.american-conquest.c2.response.1"", ""nuvia.history.american-conquest.c2.response.2"", ""nuvia.history.american-conquest.c2.constraint.1"", ""nuvia.history.american-conquest.c2.reason.1"", ""nuvia.history.american-conquest.c2.reason.2""]","[""nuvia.history.american-conquest.c2.prohibitedClaims"", ""활동 라벨을 나의 이야기로 저장"", ""입력하지 않은 계획·근거·태도·정확성 생성""]","[""W29-S01"", ""W29-S02"", ""W29-S03"", ""W29-S04""]",nuvia.history.american-conquest.c2,cognitiveActionRecorded 또는 activityDeferred,nuvia.age.elementary-low.v1,{}
canonicalStage,W29-C2,elementary-low,이 조건에서 달라질 수 있는 모습을 살펴봐요.,가능성 하나가 정답이라고 표시하지 않아요.,nuvia.semantic.v1_1_r2.w29-c2.elementary-low.alternate-result,nuvia.history.american-conquest,nuvia.history.american-conquest.c2,변경 조건에서 가능한 결과 A/B 확인,learner,nuvia.semantic.ref.w29-c2.object,nuvia.semantic.ref.w29-c2.resource,보고 자리에서 원물 동반 여부,immediateResult,notApplicable,viewLevel3PossibilityAOrB,실제 역사와 분리된 Level 3 가능성; 정답이 아님,"[""A"", ""B""]","[""nuvia.history.american-conquest.c2.prohibitedClaims"", ""가능성 A/B를 사실·정답·적중 점수로 표시"", ""장기 결과 단정""]",notApplicable,nuvia.history.american-conquest.c2,alternateViewed,nuvia.age.elementary-low.v1,"{""cognitiveAction"": ""가능성 열람 단계"", ""sourceFactId"": ""가상 가능성은 출처가 확인하는 실제 사실이 아님""}"
canonicalStage,W29-C2,elementary-low,나만의 이야기를 말·글·그림으로 남겨 봐요.,남기지 않아도 다른 기록으로 대신 채우지 않아요.,nuvia.semantic.v1_1_r2.w29-c2.elementary-low.learner-story,nuvia.history.american-conquest,nuvia.history.american-conquest.c2,사용자가 직접 나만의 이야기 남기기,learner,nuvia.semantic.ref.w29-c2.object,notApplicable,보고 자리에서 원물 동반 여부,reflection,notApplicable,writing|voice|drawing|mixed|deferred,사용자가 직접 남긴 말·글·그림 원문 또는 남기지 않음,notApplicable,"[""핵심 활동 라벨·예측·시스템 문구를 사용자 이야기로 복사"", ""사용자 입력이 없는데 이야기 생성"", ""AI 보완·요약·평가""]",notApplicable,nuvia.history.american-conquest.c2,storyRecorded,nuvia.age.elementary-low.v1,"{""resourceId"": ""말·글·그림 자유 표현이며 고정 역사 자원 선택이 아님"", ""cognitiveAction"": ""자유 창작은 PASS 핵심 활동으로 중복 집계하지 않음"", ""allowedAnswerIds"": ""자유 창작에 고정 답안 없음"", ""sourceFactId"": ""사용자 창작은 승인 역사 사실이 아님""}"
canonicalStage,W29-C2,elementary-low,"실제 역사와 내가 만든 이야기를 비교해 보고, 가장 눈에 띈 점 하나를 남겨 보세요.",사용자 원문을 그대로 저장해요.,nuvia.semantic.v1_1_r2.w29-c2.elementary-low.history-comparison,nuvia.history.american-conquest,nuvia.history.american-conquest.c2,실제 역사와 나의 역사 비교,learner,nuvia.semantic.ref.w29-c2.object,notApplicable,보고 자리에서 원물 동반 여부,comparison,notApplicable,writing|voice|drawing|mixed|deferred,가장 눈에 띈 점 하나와 연령에 따라 선택적 근거; 사용자 원문,notApplicable,"[""같았어요/달랐어요/새롭게 알았어요 고정 카드"", ""prediction 비교 fallback"", ""AI 분류·요약·채점""]","[""W29-S01"", ""W29-S02"", ""W29-S03"", ""W29-S04""]",nuvia.history.american-conquest.c2,comparisonCompleted(history)+bookPage7+growthReport,nuvia.age.elementary-low.v1,"{""resourceId"": ""실제 역사 요약과 사용자 이야기 참조이며 새 고정 답안 자원이 아님"", ""cognitiveAction"": ""자유 비교는 PASS 핵심 활동으로 중복 집계하지 않음"", ""allowedAnswerIds"": ""comparisonTag와 고정 비교 카드 폐기""}"
canonicalStage,W29-C2,elementary-low,"처음 생각과 실제 역사를 비교해 보고, 가장 눈에 띈 점 하나를 남겨 보세요.",처음 예측은 바꾸지 않고 사용자 원문을 그대로 저장해요.,nuvia.semantic.v1_1_r2.w29-c2.elementary-low.prediction-comparison,nuvia.history.american-conquest,nuvia.history.american-conquest.c2,최초 예측과 실제 역사 비교,learner,nuvia.semantic.ref.w29-c2.object,notApplicable,보고 자리에서 원물 동반 여부,comparison,notApplicable,writing|voice|drawing|mixed|deferred,처음 생각과 실제 역사에서 눈에 띈 점 하나와 연령에 따라 선택적 근거; 사용자 원문,notApplicable,"[""history 비교 fallback"", ""최초 예측 사후 변경"", ""같았어요/달랐어요/새롭게 알았어요 고정 카드"", ""AI 분류·요약·채점""]","[""W29-S01"", ""W29-S02"", ""W29-S03"", ""W29-S04""]",nuvia.history.american-conquest.c2,comparisonCompleted(prediction)+bookPage8+growthReport,nuvia.age.elementary-low.v1,"{""resourceId"": ""잠긴 predictionSnapshot과 실제 역사 핵심 한 줄을 참조"", ""cognitiveAction"": ""자유 비교는 PASS 핵심 활동으로 중복 집계하지 않음"", ""allowedAnswerIds"": ""comparisonTag와 고정 비교 카드 폐기""}"
canonicalStage,W29-C2,elementary-low,이야기책과 성장 기록을 볼 수 있어요.,같은 결과 기록만 연결해요.,nuvia.semantic.v1_1_r2.w29-c2.elementary-low.artifact-link,nuvia.history.american-conquest,nuvia.history.american-conquest.c2,같은 결과의 이야기책·성장 리포트 연결,learner,nuvia.semantic.ref.w29-c2.object,notApplicable,notApplicable,reflection,notApplicable,viewBook|viewReport|print,같은 resultId·missionId·conditionId·버전의 실제 입력만 표시,"[""viewStoryBook"", ""viewGrowthReport"", ""print""]","[""다른 resultId·미션·조건·버전 혼입"", ""없는 값 소급 생성"", ""책7/8 입력 fallback""]","[""W29-S01"", ""W29-S02"", ""W29-S03"", ""W29-S04""]",nuvia.history.american-conquest.c2,storyBook8Pages+integratedGrowthReport,nuvia.age.elementary-low.v1,"{""resourceId"": ""새 응답 자원이 아니라 저장된 같은 resultId 레코드 연결"", ""changedAttribute"": ""이 단계에서 역사 조건을 다시 변경하지 않음"", ""cognitiveAction"": ""결과 열람·인쇄 연결 단계""}"
canonicalStage,W29-C2,elementary-high,본 것을 전할 때 받은 구슬을 함께 가져오지 않았다면?,실제 역사와 게임에서 바꿀 조건을 순서대로 확인해요.,nuvia.semantic.v1_1_r2.w29-c2.elementary-high.condition-understanding,nuvia.history.american-conquest,nuvia.history.american-conquest.c2,실제 역사 확인 후 바뀐 조건 한 가지 이해,learner,nuvia.semantic.ref.w29-c2.object,nuvia.semantic.ref.w29-c2.resource,보고 자리에서 원물 동반 여부,beforeAction,notApplicable,viewActualHistoryThenSelectCondition,실제 역사 FACT와 게임의 CHANGED_CONDITION을 서로 다른 표시·이벤트로 확인,"[""nuvia.history.american-conquest.c2""]","[""nuvia.history.american-conquest.c2.prohibitedClaims"", ""실제 역사와 바꾼 조건을 같은 사실로 표시"", ""다른 조건 fallback""]","[""W29-S01"", ""W29-S02"", ""W29-S03"", ""W29-S04""]",nuvia.history.american-conquest.c2,historyViewed+conditionSelected,nuvia.age.elementary-high.v1,"{""cognitiveAction"": ""보기·조건 선택 단계이며 PASS 핵심 활동이 아님""}"
canonicalStage,W29-C2,elementary-high,받은 구슬을 함께 가져오지 않으면 보고 모습은 어떻게 달라질까요?,바로 다음 모습을 한 가지 예상해요.,nuvia.semantic.v1_1_r2.w29-c2.elementary-high.prediction,nuvia.history.american-conquest,nuvia.history.american-conquest.c2,결과 공개 전 다음 장면 한 가지 예측,learner,nuvia.semantic.ref.w29-c2.object,nuvia.semantic.ref.w29-c2.resource,보고 자리에서 원물 동반 여부,possibleFuture,notApplicable,writing|voice|drawing|deferred,변경 조건 이후의 가까운 다음 모습 한 가지; 정답·적중 점수 없음,notApplicable,"[""nuvia.history.american-conquest.c2.prohibitedClaims"", ""근거·반론·핵심 활동을 한 질문에 함께 요구"", ""결과 공개 후 수정"", ""예측을 실제 역사로 표시""]",notApplicable,nuvia.history.american-conquest.c2,predictionSnapshot,nuvia.age.elementary-high.v1,"{""cognitiveAction"": ""최초 예측은 PASS 핵심 활동으로 중복 집계하지 않음"", ""allowedAnswerIds"": ""자유 말·글·그림·보류 응답이며 고정 정답 ID를 만들지 않음"", ""sourceFactId"": ""예측 내용은 역사 사실 주장이 아님; 승인 실제 사실은 조건 이해 단계에서 연결""}"
canonicalStage,W29-C2,elementary-high,구슬을 직접 보여 줄 수 없을 때 어떤 전달 행동을 고를까요?,목표를 위해 확인할 행동을 골라요.,nuvia.semantic.v1_1_r2.w29-c2.elementary-high.core-activity,nuvia.history.american-conquest,nuvia.history.american-conquest.c2,승인된 PASS 핵심 인지 활동 수행,learner,nuvia.semantic.ref.w29-c2.object,nuvia.semantic.ref.w29-c2.resource,보고 자리에서 원물 동반 여부,duringAction,chooseGoalAndSteps,action.chooseGoalAndSteps.r2 payload 또는 activityDeferred,전달 목표·행동·제약을 별도 단계로 선택,"[""nuvia.history.american-conquest.c2.goal.1"", ""nuvia.history.american-conquest.c2.response.1"", ""nuvia.history.american-conquest.c2.response.2"", ""nuvia.history.american-conquest.c2.constraint.1"", ""nuvia.history.american-conquest.c2.reason.1"", ""nuvia.history.american-conquest.c2.reason.2""]","[""nuvia.history.american-conquest.c2.prohibitedClaims"", ""활동 라벨을 나의 이야기로 저장"", ""입력하지 않은 계획·근거·태도·정확성 생성""]","[""W29-S01"", ""W29-S02"", ""W29-S03"", ""W29-S04""]",nuvia.history.american-conquest.c2,cognitiveActionRecorded 또는 activityDeferred,nuvia.age.elementary-high.v1,{}
canonicalStage,W29-C2,elementary-high,이 조건에서 달라질 수 있는 모습을 살펴봐요.,가능성 하나가 정답이라고 표시하지 않아요.,nuvia.semantic.v1_1_r2.w29-c2.elementary-high.alternate-result,nuvia.history.american-conquest,nuvia.history.american-conquest.c2,변경 조건에서 가능한 결과 A/B 확인,learner,nuvia.semantic.ref.w29-c2.object,nuvia.semantic.ref.w29-c2.resource,보고 자리에서 원물 동반 여부,immediateResult,notApplicable,viewLevel3PossibilityAOrB,실제 역사와 분리된 Level 3 가능성; 정답이 아님,"[""A"", ""B""]","[""nuvia.history.american-conquest.c2.prohibitedClaims"", ""가능성 A/B를 사실·정답·적중 점수로 표시"", ""장기 결과 단정""]",notApplicable,nuvia.history.american-conquest.c2,alternateViewed,nuvia.age.elementary-high.v1,"{""cognitiveAction"": ""가능성 열람 단계"", ""sourceFactId"": ""가상 가능성은 출처가 확인하는 실제 사실이 아님""}"
canonicalStage,W29-C2,elementary-high,나만의 이야기를 말·글·그림으로 남겨 봐요.,남기지 않아도 다른 기록으로 대신 채우지 않아요.,nuvia.semantic.v1_1_r2.w29-c2.elementary-high.learner-story,nuvia.history.american-conquest,nuvia.history.american-conquest.c2,사용자가 직접 나만의 이야기 남기기,learner,nuvia.semantic.ref.w29-c2.object,notApplicable,보고 자리에서 원물 동반 여부,reflection,notApplicable,writing|voice|drawing|mixed|deferred,사용자가 직접 남긴 말·글·그림 원문 또는 남기지 않음,notApplicable,"[""핵심 활동 라벨·예측·시스템 문구를 사용자 이야기로 복사"", ""사용자 입력이 없는데 이야기 생성"", ""AI 보완·요약·평가""]",notApplicable,nuvia.history.american-conquest.c2,storyRecorded,nuvia.age.elementary-high.v1,"{""resourceId"": ""말·글·그림 자유 표현이며 고정 역사 자원 선택이 아님"", ""cognitiveAction"": ""자유 창작은 PASS 핵심 활동으로 중복 집계하지 않음"", ""allowedAnswerIds"": ""자유 창작에 고정 답안 없음"", ""sourceFactId"": ""사용자 창작은 승인 역사 사실이 아님""}"
canonicalStage,W29-C2,elementary-high,"실제 역사와 내가 만든 이야기를 비교해 보고, 가장 눈에 띈 점 하나를 남겨 보세요.",사용자 원문을 그대로 저장해요.,nuvia.semantic.v1_1_r2.w29-c2.elementary-high.history-comparison,nuvia.history.american-conquest,nuvia.history.american-conquest.c2,실제 역사와 나의 역사 비교,learner,nuvia.semantic.ref.w29-c2.object,notApplicable,보고 자리에서 원물 동반 여부,comparison,notApplicable,writing|voice|drawing|mixed|deferred,가장 눈에 띈 점 하나와 연령에 따라 선택적 근거; 사용자 원문,notApplicable,"[""같았어요/달랐어요/새롭게 알았어요 고정 카드"", ""prediction 비교 fallback"", ""AI 분류·요약·채점""]","[""W29-S01"", ""W29-S02"", ""W29-S03"", ""W29-S04""]",nuvia.history.american-conquest.c2,comparisonCompleted(history)+bookPage7+growthReport,nuvia.age.elementary-high.v1,"{""resourceId"": ""실제 역사 요약과 사용자 이야기 참조이며 새 고정 답안 자원이 아님"", ""cognitiveAction"": ""자유 비교는 PASS 핵심 활동으로 중복 집계하지 않음"", ""allowedAnswerIds"": ""comparisonTag와 고정 비교 카드 폐기""}"
canonicalStage,W29-C2,elementary-high,"처음 생각과 실제 역사를 비교해 보고, 가장 눈에 띈 점 하나를 남겨 보세요.",처음 예측은 바꾸지 않고 사용자 원문을 그대로 저장해요.,nuvia.semantic.v1_1_r2.w29-c2.elementary-high.prediction-comparison,nuvia.history.american-conquest,nuvia.history.american-conquest.c2,최초 예측과 실제 역사 비교,learner,nuvia.semantic.ref.w29-c2.object,notApplicable,보고 자리에서 원물 동반 여부,comparison,notApplicable,writing|voice|drawing|mixed|deferred,처음 생각과 실제 역사에서 눈에 띈 점 하나와 연령에 따라 선택적 근거; 사용자 원문,notApplicable,"[""history 비교 fallback"", ""최초 예측 사후 변경"", ""같았어요/달랐어요/새롭게 알았어요 고정 카드"", ""AI 분류·요약·채점""]","[""W29-S01"", ""W29-S02"", ""W29-S03"", ""W29-S04""]",nuvia.history.american-conquest.c2,comparisonCompleted(prediction)+bookPage8+growthReport,nuvia.age.elementary-high.v1,"{""resourceId"": ""잠긴 predictionSnapshot과 실제 역사 핵심 한 줄을 참조"", ""cognitiveAction"": ""자유 비교는 PASS 핵심 활동으로 중복 집계하지 않음"", ""allowedAnswerIds"": ""comparisonTag와 고정 비교 카드 폐기""}"
canonicalStage,W29-C2,elementary-high,이야기책과 성장 기록을 볼 수 있어요.,같은 결과 기록만 연결해요.,nuvia.semantic.v1_1_r2.w29-c2.elementary-high.artifact-link,nuvia.history.american-conquest,nuvia.history.american-conquest.c2,같은 결과의 이야기책·성장 리포트 연결,learner,nuvia.semantic.ref.w29-c2.object,notApplicable,notApplicable,reflection,notApplicable,viewBook|viewReport|print,같은 resultId·missionId·conditionId·버전의 실제 입력만 표시,"[""viewStoryBook"", ""viewGrowthReport"", ""print""]","[""다른 resultId·미션·조건·버전 혼입"", ""없는 값 소급 생성"", ""책7/8 입력 fallback""]","[""W29-S01"", ""W29-S02"", ""W29-S03"", ""W29-S04""]",nuvia.history.american-conquest.c2,storyBook8Pages+integratedGrowthReport,nuvia.age.elementary-high.v1,"{""resourceId"": ""새 응답 자원이 아니라 저장된 같은 resultId 레코드 연결"", ""changedAttribute"": ""이 단계에서 역사 조건을 다시 변경하지 않음"", ""cognitiveAction"": ""결과 열람·인쇄 연결 단계""}"
canonicalStage,W29-C2,middle-school,본 것을 전할 때 받은 구슬을 함께 가져오지 않았다면?,실제 역사와 게임에서 바꿀 조건을 순서대로 확인해요.,nuvia.semantic.v1_1_r2.w29-c2.middle-school.condition-understanding,nuvia.history.american-conquest,nuvia.history.american-conquest.c2,실제 역사 확인 후 바뀐 조건 한 가지 이해,learner,nuvia.semantic.ref.w29-c2.object,nuvia.semantic.ref.w29-c2.resource,보고 자리에서 원물 동반 여부,beforeAction,notApplicable,viewActualHistoryThenSelectCondition,실제 역사 FACT와 게임의 CHANGED_CONDITION을 서로 다른 표시·이벤트로 확인,"[""nuvia.history.american-conquest.c2""]","[""nuvia.history.american-conquest.c2.prohibitedClaims"", ""실제 역사와 바꾼 조건을 같은 사실로 표시"", ""다른 조건 fallback""]","[""W29-S01"", ""W29-S02"", ""W29-S03"", ""W29-S04""]",nuvia.history.american-conquest.c2,historyViewed+conditionSelected,nuvia.age.middle-school.v1,"{""cognitiveAction"": ""보기·조건 선택 단계이며 PASS 핵심 활동이 아님""}"
canonicalStage,W29-C2,middle-school,받은 구슬을 함께 가져오지 않으면 보고 모습은 어떻게 달라질까요?,바로 다음 가능성을 한 가지 예상해요.,nuvia.semantic.v1_1_r2.w29-c2.middle-school.prediction,nuvia.history.american-conquest,nuvia.history.american-conquest.c2,결과 공개 전 다음 장면 한 가지 예측,learner,nuvia.semantic.ref.w29-c2.object,nuvia.semantic.ref.w29-c2.resource,보고 자리에서 원물 동반 여부,possibleFuture,notApplicable,writing|voice|drawing|deferred,변경 조건 이후의 가까운 다음 모습 한 가지; 정답·적중 점수 없음,notApplicable,"[""nuvia.history.american-conquest.c2.prohibitedClaims"", ""근거·반론·핵심 활동을 한 질문에 함께 요구"", ""결과 공개 후 수정"", ""예측을 실제 역사로 표시""]",notApplicable,nuvia.history.american-conquest.c2,predictionSnapshot,nuvia.age.middle-school.v1,"{""cognitiveAction"": ""최초 예측은 PASS 핵심 활동으로 중복 집계하지 않음"", ""allowedAnswerIds"": ""자유 말·글·그림·보류 응답이며 고정 정답 ID를 만들지 않음"", ""sourceFactId"": ""예측 내용은 역사 사실 주장이 아님; 승인 실제 사실은 조건 이해 단계에서 연결""}"
canonicalStage,W29-C2,middle-school,구슬을 직접 보여 줄 수 없을 때 어떤 전달 행동을 고를까요?,목표를 위해 확인할 행동을 골라요.,nuvia.semantic.v1_1_r2.w29-c2.middle-school.core-activity,nuvia.history.american-conquest,nuvia.history.american-conquest.c2,승인된 PASS 핵심 인지 활동 수행,learner,nuvia.semantic.ref.w29-c2.object,nuvia.semantic.ref.w29-c2.resource,보고 자리에서 원물 동반 여부,duringAction,chooseGoalAndSteps,action.chooseGoalAndSteps.r2 payload 또는 activityDeferred,전달 목표·행동·제약을 별도 단계로 선택,"[""nuvia.history.american-conquest.c2.goal.1"", ""nuvia.history.american-conquest.c2.response.1"", ""nuvia.history.american-conquest.c2.response.2"", ""nuvia.history.american-conquest.c2.constraint.1"", ""nuvia.history.american-conquest.c2.reason.1"", ""nuvia.history.american-conquest.c2.reason.2""]","[""nuvia.history.american-conquest.c2.prohibitedClaims"", ""활동 라벨을 나의 이야기로 저장"", ""입력하지 않은 계획·근거·태도·정확성 생성""]","[""W29-S01"", ""W29-S02"", ""W29-S03"", ""W29-S04""]",nuvia.history.american-conquest.c2,cognitiveActionRecorded 또는 activityDeferred,nuvia.age.middle-school.v1,{}
canonicalStage,W29-C2,middle-school,이 조건에서 달라질 수 있는 모습을 살펴봐요.,가능성 하나가 정답이라고 표시하지 않아요.,nuvia.semantic.v1_1_r2.w29-c2.middle-school.alternate-result,nuvia.history.american-conquest,nuvia.history.american-conquest.c2,변경 조건에서 가능한 결과 A/B 확인,learner,nuvia.semantic.ref.w29-c2.object,nuvia.semantic.ref.w29-c2.resource,보고 자리에서 원물 동반 여부,immediateResult,notApplicable,viewLevel3PossibilityAOrB,실제 역사와 분리된 Level 3 가능성; 정답이 아님,"[""A"", ""B""]","[""nuvia.history.american-conquest.c2.prohibitedClaims"", ""가능성 A/B를 사실·정답·적중 점수로 표시"", ""장기 결과 단정""]",notApplicable,nuvia.history.american-conquest.c2,alternateViewed,nuvia.age.middle-school.v1,"{""cognitiveAction"": ""가능성 열람 단계"", ""sourceFactId"": ""가상 가능성은 출처가 확인하는 실제 사실이 아님""}"
canonicalStage,W29-C2,middle-school,나만의 이야기를 말·글·그림으로 남겨 봐요.,남기지 않아도 다른 기록으로 대신 채우지 않아요.,nuvia.semantic.v1_1_r2.w29-c2.middle-school.learner-story,nuvia.history.american-conquest,nuvia.history.american-conquest.c2,사용자가 직접 나만의 이야기 남기기,learner,nuvia.semantic.ref.w29-c2.object,notApplicable,보고 자리에서 원물 동반 여부,reflection,notApplicable,writing|voice|drawing|mixed|deferred,사용자가 직접 남긴 말·글·그림 원문 또는 남기지 않음,notApplicable,"[""핵심 활동 라벨·예측·시스템 문구를 사용자 이야기로 복사"", ""사용자 입력이 없는데 이야기 생성"", ""AI 보완·요약·평가""]",notApplicable,nuvia.history.american-conquest.c2,storyRecorded,nuvia.age.middle-school.v1,"{""resourceId"": ""말·글·그림 자유 표현이며 고정 역사 자원 선택이 아님"", ""cognitiveAction"": ""자유 창작은 PASS 핵심 활동으로 중복 집계하지 않음"", ""allowedAnswerIds"": ""자유 창작에 고정 답안 없음"", ""sourceFactId"": ""사용자 창작은 승인 역사 사실이 아님""}"
canonicalStage,W29-C2,middle-school,"실제 역사와 내가 만든 이야기를 비교해 보고, 가장 눈에 띈 점 하나를 남겨 보세요.",사용자 원문을 그대로 저장해요.,nuvia.semantic.v1_1_r2.w29-c2.middle-school.history-comparison,nuvia.history.american-conquest,nuvia.history.american-conquest.c2,실제 역사와 나의 역사 비교,learner,nuvia.semantic.ref.w29-c2.object,notApplicable,보고 자리에서 원물 동반 여부,comparison,notApplicable,writing|voice|drawing|mixed|deferred,가장 눈에 띈 점 하나와 연령에 따라 선택적 근거; 사용자 원문,notApplicable,"[""같았어요/달랐어요/새롭게 알았어요 고정 카드"", ""prediction 비교 fallback"", ""AI 분류·요약·채점""]","[""W29-S01"", ""W29-S02"", ""W29-S03"", ""W29-S04""]",nuvia.history.american-conquest.c2,comparisonCompleted(history)+bookPage7+growthReport,nuvia.age.middle-school.v1,"{""resourceId"": ""실제 역사 요약과 사용자 이야기 참조이며 새 고정 답안 자원이 아님"", ""cognitiveAction"": ""자유 비교는 PASS 핵심 활동으로 중복 집계하지 않음"", ""allowedAnswerIds"": ""comparisonTag와 고정 비교 카드 폐기""}"
canonicalStage,W29-C2,middle-school,"처음 생각과 실제 역사를 비교해 보고, 가장 눈에 띈 점 하나를 남겨 보세요.",처음 예측은 바꾸지 않고 사용자 원문을 그대로 저장해요.,nuvia.semantic.v1_1_r2.w29-c2.middle-school.prediction-comparison,nuvia.history.american-conquest,nuvia.history.american-conquest.c2,최초 예측과 실제 역사 비교,learner,nuvia.semantic.ref.w29-c2.object,notApplicable,보고 자리에서 원물 동반 여부,comparison,notApplicable,writing|voice|drawing|mixed|deferred,처음 생각과 실제 역사에서 눈에 띈 점 하나와 연령에 따라 선택적 근거; 사용자 원문,notApplicable,"[""history 비교 fallback"", ""최초 예측 사후 변경"", ""같았어요/달랐어요/새롭게 알았어요 고정 카드"", ""AI 분류·요약·채점""]","[""W29-S01"", ""W29-S02"", ""W29-S03"", ""W29-S04""]",nuvia.history.american-conquest.c2,comparisonCompleted(prediction)+bookPage8+growthReport,nuvia.age.middle-school.v1,"{""resourceId"": ""잠긴 predictionSnapshot과 실제 역사 핵심 한 줄을 참조"", ""cognitiveAction"": ""자유 비교는 PASS 핵심 활동으로 중복 집계하지 않음"", ""allowedAnswerIds"": ""comparisonTag와 고정 비교 카드 폐기""}"
canonicalStage,W29-C2,middle-school,이야기책과 성장 기록을 볼 수 있어요.,같은 결과 기록만 연결해요.,nuvia.semantic.v1_1_r2.w29-c2.middle-school.artifact-link,nuvia.history.american-conquest,nuvia.history.american-conquest.c2,같은 결과의 이야기책·성장 리포트 연결,learner,nuvia.semantic.ref.w29-c2.object,notApplicable,notApplicable,reflection,notApplicable,viewBook|viewReport|print,같은 resultId·missionId·conditionId·버전의 실제 입력만 표시,"[""viewStoryBook"", ""viewGrowthReport"", ""print""]","[""다른 resultId·미션·조건·버전 혼입"", ""없는 값 소급 생성"", ""책7/8 입력 fallback""]","[""W29-S01"", ""W29-S02"", ""W29-S03"", ""W29-S04""]",nuvia.history.american-conquest.c2,storyBook8Pages+integratedGrowthReport,nuvia.age.middle-school.v1,"{""resourceId"": ""새 응답 자원이 아니라 저장된 같은 resultId 레코드 연결"", ""changedAttribute"": ""이 단계에서 역사 조건을 다시 변경하지 않음"", ""cognitiveAction"": ""결과 열람·인쇄 연결 단계""}"
canonicalStage,W29-C2,high-school,본 것을 전할 때 받은 구슬을 함께 가져오지 않았다면?,실제 역사와 게임에서 바꿀 조건을 순서대로 확인해요.,nuvia.semantic.v1_1_r2.w29-c2.high-school.condition-understanding,nuvia.history.american-conquest,nuvia.history.american-conquest.c2,실제 역사 확인 후 바뀐 조건 한 가지 이해,learner,nuvia.semantic.ref.w29-c2.object,nuvia.semantic.ref.w29-c2.resource,보고 자리에서 원물 동반 여부,beforeAction,notApplicable,viewActualHistoryThenSelectCondition,실제 역사 FACT와 게임의 CHANGED_CONDITION을 서로 다른 표시·이벤트로 확인,"[""nuvia.history.american-conquest.c2""]","[""nuvia.history.american-conquest.c2.prohibitedClaims"", ""실제 역사와 바꾼 조건을 같은 사실로 표시"", ""다른 조건 fallback""]","[""W29-S01"", ""W29-S02"", ""W29-S03"", ""W29-S04""]",nuvia.history.american-conquest.c2,historyViewed+conditionSelected,nuvia.age.high-school.v1,"{""cognitiveAction"": ""보기·조건 선택 단계이며 PASS 핵심 활동이 아님""}"
canonicalStage,W29-C2,high-school,받은 구슬을 함께 가져오지 않으면 보고 모습은 어떻게 달라질까요?,바로 다음 가능성을 한 가지 예상해요.,nuvia.semantic.v1_1_r2.w29-c2.high-school.prediction,nuvia.history.american-conquest,nuvia.history.american-conquest.c2,결과 공개 전 다음 장면 한 가지 예측,learner,nuvia.semantic.ref.w29-c2.object,nuvia.semantic.ref.w29-c2.resource,보고 자리에서 원물 동반 여부,possibleFuture,notApplicable,writing|voice|drawing|deferred,변경 조건 이후의 가까운 다음 모습 한 가지; 정답·적중 점수 없음,notApplicable,"[""nuvia.history.american-conquest.c2.prohibitedClaims"", ""근거·반론·핵심 활동을 한 질문에 함께 요구"", ""결과 공개 후 수정"", ""예측을 실제 역사로 표시""]",notApplicable,nuvia.history.american-conquest.c2,predictionSnapshot,nuvia.age.high-school.v1,"{""cognitiveAction"": ""최초 예측은 PASS 핵심 활동으로 중복 집계하지 않음"", ""allowedAnswerIds"": ""자유 말·글·그림·보류 응답이며 고정 정답 ID를 만들지 않음"", ""sourceFactId"": ""예측 내용은 역사 사실 주장이 아님; 승인 실제 사실은 조건 이해 단계에서 연결""}"
canonicalStage,W29-C2,high-school,구슬을 직접 보여 줄 수 없을 때 어떤 전달 행동을 고를까요?,목표를 위해 확인할 행동을 골라요.,nuvia.semantic.v1_1_r2.w29-c2.high-school.core-activity,nuvia.history.american-conquest,nuvia.history.american-conquest.c2,승인된 PASS 핵심 인지 활동 수행,learner,nuvia.semantic.ref.w29-c2.object,nuvia.semantic.ref.w29-c2.resource,보고 자리에서 원물 동반 여부,duringAction,chooseGoalAndSteps,action.chooseGoalAndSteps.r2 payload 또는 activityDeferred,전달 목표·행동·제약을 별도 단계로 선택,"[""nuvia.history.american-conquest.c2.goal.1"", ""nuvia.history.american-conquest.c2.response.1"", ""nuvia.history.american-conquest.c2.response.2"", ""nuvia.history.american-conquest.c2.constraint.1"", ""nuvia.history.american-conquest.c2.reason.1"", ""nuvia.history.american-conquest.c2.reason.2""]","[""nuvia.history.american-conquest.c2.prohibitedClaims"", ""활동 라벨을 나의 이야기로 저장"", ""입력하지 않은 계획·근거·태도·정확성 생성""]","[""W29-S01"", ""W29-S02"", ""W29-S03"", ""W29-S04""]",nuvia.history.american-conquest.c2,cognitiveActionRecorded 또는 activityDeferred,nuvia.age.high-school.v1,{}
canonicalStage,W29-C2,high-school,이 조건에서 달라질 수 있는 모습을 살펴봐요.,가능성 하나가 정답이라고 표시하지 않아요.,nuvia.semantic.v1_1_r2.w29-c2.high-school.alternate-result,nuvia.history.american-conquest,nuvia.history.american-conquest.c2,변경 조건에서 가능한 결과 A/B 확인,learner,nuvia.semantic.ref.w29-c2.object,nuvia.semantic.ref.w29-c2.resource,보고 자리에서 원물 동반 여부,immediateResult,notApplicable,viewLevel3PossibilityAOrB,실제 역사와 분리된 Level 3 가능성; 정답이 아님,"[""A"", ""B""]","[""nuvia.history.american-conquest.c2.prohibitedClaims"", ""가능성 A/B를 사실·정답·적중 점수로 표시"", ""장기 결과 단정""]",notApplicable,nuvia.history.american-conquest.c2,alternateViewed,nuvia.age.high-school.v1,"{""cognitiveAction"": ""가능성 열람 단계"", ""sourceFactId"": ""가상 가능성은 출처가 확인하는 실제 사실이 아님""}"
canonicalStage,W29-C2,high-school,나만의 이야기를 말·글·그림으로 남겨 봐요.,남기지 않아도 다른 기록으로 대신 채우지 않아요.,nuvia.semantic.v1_1_r2.w29-c2.high-school.learner-story,nuvia.history.american-conquest,nuvia.history.american-conquest.c2,사용자가 직접 나만의 이야기 남기기,learner,nuvia.semantic.ref.w29-c2.object,notApplicable,보고 자리에서 원물 동반 여부,reflection,notApplicable,writing|voice|drawing|mixed|deferred,사용자가 직접 남긴 말·글·그림 원문 또는 남기지 않음,notApplicable,"[""핵심 활동 라벨·예측·시스템 문구를 사용자 이야기로 복사"", ""사용자 입력이 없는데 이야기 생성"", ""AI 보완·요약·평가""]",notApplicable,nuvia.history.american-conquest.c2,storyRecorded,nuvia.age.high-school.v1,"{""resourceId"": ""말·글·그림 자유 표현이며 고정 역사 자원 선택이 아님"", ""cognitiveAction"": ""자유 창작은 PASS 핵심 활동으로 중복 집계하지 않음"", ""allowedAnswerIds"": ""자유 창작에 고정 답안 없음"", ""sourceFactId"": ""사용자 창작은 승인 역사 사실이 아님""}"
canonicalStage,W29-C2,high-school,"실제 역사와 내가 만든 이야기를 비교해 보고, 가장 눈에 띈 점 하나를 남겨 보세요.",사용자 원문을 그대로 저장해요.,nuvia.semantic.v1_1_r2.w29-c2.high-school.history-comparison,nuvia.history.american-conquest,nuvia.history.american-conquest.c2,실제 역사와 나의 역사 비교,learner,nuvia.semantic.ref.w29-c2.object,notApplicable,보고 자리에서 원물 동반 여부,comparison,notApplicable,writing|voice|drawing|mixed|deferred,가장 눈에 띈 점 하나와 연령에 따라 선택적 근거; 사용자 원문,notApplicable,"[""같았어요/달랐어요/새롭게 알았어요 고정 카드"", ""prediction 비교 fallback"", ""AI 분류·요약·채점""]","[""W29-S01"", ""W29-S02"", ""W29-S03"", ""W29-S04""]",nuvia.history.american-conquest.c2,comparisonCompleted(history)+bookPage7+growthReport,nuvia.age.high-school.v1,"{""resourceId"": ""실제 역사 요약과 사용자 이야기 참조이며 새 고정 답안 자원이 아님"", ""cognitiveAction"": ""자유 비교는 PASS 핵심 활동으로 중복 집계하지 않음"", ""allowedAnswerIds"": ""comparisonTag와 고정 비교 카드 폐기""}"
canonicalStage,W29-C2,high-school,"처음 생각과 실제 역사를 비교해 보고, 가장 눈에 띈 점 하나를 남겨 보세요.",처음 예측은 바꾸지 않고 사용자 원문을 그대로 저장해요.,nuvia.semantic.v1_1_r2.w29-c2.high-school.prediction-comparison,nuvia.history.american-conquest,nuvia.history.american-conquest.c2,최초 예측과 실제 역사 비교,learner,nuvia.semantic.ref.w29-c2.object,notApplicable,보고 자리에서 원물 동반 여부,comparison,notApplicable,writing|voice|drawing|mixed|deferred,처음 생각과 실제 역사에서 눈에 띈 점 하나와 연령에 따라 선택적 근거; 사용자 원문,notApplicable,"[""history 비교 fallback"", ""최초 예측 사후 변경"", ""같았어요/달랐어요/새롭게 알았어요 고정 카드"", ""AI 분류·요약·채점""]","[""W29-S01"", ""W29-S02"", ""W29-S03"", ""W29-S04""]",nuvia.history.american-conquest.c2,comparisonCompleted(prediction)+bookPage8+growthReport,nuvia.age.high-school.v1,"{""resourceId"": ""잠긴 predictionSnapshot과 실제 역사 핵심 한 줄을 참조"", ""cognitiveAction"": ""자유 비교는 PASS 핵심 활동으로 중복 집계하지 않음"", ""allowedAnswerIds"": ""comparisonTag와 고정 비교 카드 폐기""}"
canonicalStage,W29-C2,high-school,이야기책과 성장 기록을 볼 수 있어요.,같은 결과 기록만 연결해요.,nuvia.semantic.v1_1_r2.w29-c2.high-school.artifact-link,nuvia.history.american-conquest,nuvia.history.american-conquest.c2,같은 결과의 이야기책·성장 리포트 연결,learner,nuvia.semantic.ref.w29-c2.object,notApplicable,notApplicable,reflection,notApplicable,viewBook|viewReport|print,같은 resultId·missionId·conditionId·버전의 실제 입력만 표시,"[""viewStoryBook"", ""viewGrowthReport"", ""print""]","[""다른 resultId·미션·조건·버전 혼입"", ""없는 값 소급 생성"", ""책7/8 입력 fallback""]","[""W29-S01"", ""W29-S02"", ""W29-S03"", ""W29-S04""]",nuvia.history.american-conquest.c2,storyBook8Pages+integratedGrowthReport,nuvia.age.high-school.v1,"{""resourceId"": ""새 응답 자원이 아니라 저장된 같은 resultId 레코드 연결"", ""changedAttribute"": ""이 단계에서 역사 조건을 다시 변경하지 않음"", ""cognitiveAction"": ""결과 열람·인쇄 연결 단계""}"
canonicalStage,W29-C2,adult,본 것을 전할 때 받은 구슬을 함께 가져오지 않았다면?,실제 역사와 게임에서 바꿀 조건을 순서대로 확인해요.,nuvia.semantic.v1_1_r2.w29-c2.adult.condition-understanding,nuvia.history.american-conquest,nuvia.history.american-conquest.c2,실제 역사 확인 후 바뀐 조건 한 가지 이해,learner,nuvia.semantic.ref.w29-c2.object,nuvia.semantic.ref.w29-c2.resource,보고 자리에서 원물 동반 여부,beforeAction,notApplicable,viewActualHistoryThenSelectCondition,실제 역사 FACT와 게임의 CHANGED_CONDITION을 서로 다른 표시·이벤트로 확인,"[""nuvia.history.american-conquest.c2""]","[""nuvia.history.american-conquest.c2.prohibitedClaims"", ""실제 역사와 바꾼 조건을 같은 사실로 표시"", ""다른 조건 fallback""]","[""W29-S01"", ""W29-S02"", ""W29-S03"", ""W29-S04""]",nuvia.history.american-conquest.c2,historyViewed+conditionSelected,nuvia.age.adult.v1,"{""cognitiveAction"": ""보기·조건 선택 단계이며 PASS 핵심 활동이 아님""}"
canonicalStage,W29-C2,adult,받은 구슬을 함께 가져오지 않으면 보고 모습은 어떻게 달라질까요?,바로 다음 가능성을 한 가지 예상해요.,nuvia.semantic.v1_1_r2.w29-c2.adult.prediction,nuvia.history.american-conquest,nuvia.history.american-conquest.c2,결과 공개 전 다음 장면 한 가지 예측,learner,nuvia.semantic.ref.w29-c2.object,nuvia.semantic.ref.w29-c2.resource,보고 자리에서 원물 동반 여부,possibleFuture,notApplicable,writing|voice|drawing|deferred,변경 조건 이후의 가까운 다음 모습 한 가지; 정답·적중 점수 없음,notApplicable,"[""nuvia.history.american-conquest.c2.prohibitedClaims"", ""근거·반론·핵심 활동을 한 질문에 함께 요구"", ""결과 공개 후 수정"", ""예측을 실제 역사로 표시""]",notApplicable,nuvia.history.american-conquest.c2,predictionSnapshot,nuvia.age.adult.v1,"{""cognitiveAction"": ""최초 예측은 PASS 핵심 활동으로 중복 집계하지 않음"", ""allowedAnswerIds"": ""자유 말·글·그림·보류 응답이며 고정 정답 ID를 만들지 않음"", ""sourceFactId"": ""예측 내용은 역사 사실 주장이 아님; 승인 실제 사실은 조건 이해 단계에서 연결""}"
canonicalStage,W29-C2,adult,구슬을 직접 보여 줄 수 없을 때 어떤 전달 행동을 고를까요?,목표를 위해 확인할 행동을 골라요.,nuvia.semantic.v1_1_r2.w29-c2.adult.core-activity,nuvia.history.american-conquest,nuvia.history.american-conquest.c2,승인된 PASS 핵심 인지 활동 수행,learner,nuvia.semantic.ref.w29-c2.object,nuvia.semantic.ref.w29-c2.resource,보고 자리에서 원물 동반 여부,duringAction,chooseGoalAndSteps,action.chooseGoalAndSteps.r2 payload 또는 activityDeferred,전달 목표·행동·제약을 별도 단계로 선택,"[""nuvia.history.american-conquest.c2.goal.1"", ""nuvia.history.american-conquest.c2.response.1"", ""nuvia.history.american-conquest.c2.response.2"", ""nuvia.history.american-conquest.c2.constraint.1"", ""nuvia.history.american-conquest.c2.reason.1"", ""nuvia.history.american-conquest.c2.reason.2""]","[""nuvia.history.american-conquest.c2.prohibitedClaims"", ""활동 라벨을 나의 이야기로 저장"", ""입력하지 않은 계획·근거·태도·정확성 생성""]","[""W29-S01"", ""W29-S02"", ""W29-S03"", ""W29-S04""]",nuvia.history.american-conquest.c2,cognitiveActionRecorded 또는 activityDeferred,nuvia.age.adult.v1,{}
canonicalStage,W29-C2,adult,이 조건에서 달라질 수 있는 모습을 살펴봐요.,가능성 하나가 정답이라고 표시하지 않아요.,nuvia.semantic.v1_1_r2.w29-c2.adult.alternate-result,nuvia.history.american-conquest,nuvia.history.american-conquest.c2,변경 조건에서 가능한 결과 A/B 확인,learner,nuvia.semantic.ref.w29-c2.object,nuvia.semantic.ref.w29-c2.resource,보고 자리에서 원물 동반 여부,immediateResult,notApplicable,viewLevel3PossibilityAOrB,실제 역사와 분리된 Level 3 가능성; 정답이 아님,"[""A"", ""B""]","[""nuvia.history.american-conquest.c2.prohibitedClaims"", ""가능성 A/B를 사실·정답·적중 점수로 표시"", ""장기 결과 단정""]",notApplicable,nuvia.history.american-conquest.c2,alternateViewed,nuvia.age.adult.v1,"{""cognitiveAction"": ""가능성 열람 단계"", ""sourceFactId"": ""가상 가능성은 출처가 확인하는 실제 사실이 아님""}"
canonicalStage,W29-C2,adult,나만의 이야기를 말·글·그림으로 남겨 봐요.,남기지 않아도 다른 기록으로 대신 채우지 않아요.,nuvia.semantic.v1_1_r2.w29-c2.adult.learner-story,nuvia.history.american-conquest,nuvia.history.american-conquest.c2,사용자가 직접 나만의 이야기 남기기,learner,nuvia.semantic.ref.w29-c2.object,notApplicable,보고 자리에서 원물 동반 여부,reflection,notApplicable,writing|voice|drawing|mixed|deferred,사용자가 직접 남긴 말·글·그림 원문 또는 남기지 않음,notApplicable,"[""핵심 활동 라벨·예측·시스템 문구를 사용자 이야기로 복사"", ""사용자 입력이 없는데 이야기 생성"", ""AI 보완·요약·평가""]",notApplicable,nuvia.history.american-conquest.c2,storyRecorded,nuvia.age.adult.v1,"{""resourceId"": ""말·글·그림 자유 표현이며 고정 역사 자원 선택이 아님"", ""cognitiveAction"": ""자유 창작은 PASS 핵심 활동으로 중복 집계하지 않음"", ""allowedAnswerIds"": ""자유 창작에 고정 답안 없음"", ""sourceFactId"": ""사용자 창작은 승인 역사 사실이 아님""}"
canonicalStage,W29-C2,adult,"실제 역사와 내가 만든 이야기를 비교해 보고, 가장 눈에 띈 점 하나를 남겨 보세요.",사용자 원문을 그대로 저장해요.,nuvia.semantic.v1_1_r2.w29-c2.adult.history-comparison,nuvia.history.american-conquest,nuvia.history.american-conquest.c2,실제 역사와 나의 역사 비교,learner,nuvia.semantic.ref.w29-c2.object,notApplicable,보고 자리에서 원물 동반 여부,comparison,notApplicable,writing|voice|drawing|mixed|deferred,가장 눈에 띈 점 하나와 연령에 따라 선택적 근거; 사용자 원문,notApplicable,"[""같았어요/달랐어요/새롭게 알았어요 고정 카드"", ""prediction 비교 fallback"", ""AI 분류·요약·채점""]","[""W29-S01"", ""W29-S02"", ""W29-S03"", ""W29-S04""]",nuvia.history.american-conquest.c2,comparisonCompleted(history)+bookPage7+growthReport,nuvia.age.adult.v1,"{""resourceId"": ""실제 역사 요약과 사용자 이야기 참조이며 새 고정 답안 자원이 아님"", ""cognitiveAction"": ""자유 비교는 PASS 핵심 활동으로 중복 집계하지 않음"", ""allowedAnswerIds"": ""comparisonTag와 고정 비교 카드 폐기""}"
canonicalStage,W29-C2,adult,"처음 생각과 실제 역사를 비교해 보고, 가장 눈에 띈 점 하나를 남겨 보세요.",처음 예측은 바꾸지 않고 사용자 원문을 그대로 저장해요.,nuvia.semantic.v1_1_r2.w29-c2.adult.prediction-comparison,nuvia.history.american-conquest,nuvia.history.american-conquest.c2,최초 예측과 실제 역사 비교,learner,nuvia.semantic.ref.w29-c2.object,notApplicable,보고 자리에서 원물 동반 여부,comparison,notApplicable,writing|voice|drawing|mixed|deferred,처음 생각과 실제 역사에서 눈에 띈 점 하나와 연령에 따라 선택적 근거; 사용자 원문,notApplicable,"[""history 비교 fallback"", ""최초 예측 사후 변경"", ""같았어요/달랐어요/새롭게 알았어요 고정 카드"", ""AI 분류·요약·채점""]","[""W29-S01"", ""W29-S02"", ""W29-S03"", ""W29-S04""]",nuvia.history.american-conquest.c2,comparisonCompleted(prediction)+bookPage8+growthReport,nuvia.age.adult.v1,"{""resourceId"": ""잠긴 predictionSnapshot과 실제 역사 핵심 한 줄을 참조"", ""cognitiveAction"": ""자유 비교는 PASS 핵심 활동으로 중복 집계하지 않음"", ""allowedAnswerIds"": ""comparisonTag와 고정 비교 카드 폐기""}"
canonicalStage,W29-C2,adult,이야기책과 성장 기록을 볼 수 있어요.,같은 결과 기록만 연결해요.,nuvia.semantic.v1_1_r2.w29-c2.adult.artifact-link,nuvia.history.american-conquest,nuvia.history.american-conquest.c2,같은 결과의 이야기책·성장 리포트 연결,learner,nuvia.semantic.ref.w29-c2.object,notApplicable,notApplicable,reflection,notApplicable,viewBook|viewReport|print,같은 resultId·missionId·conditionId·버전의 실제 입력만 표시,"[""viewStoryBook"", ""viewGrowthReport"", ""print""]","[""다른 resultId·미션·조건·버전 혼입"", ""없는 값 소급 생성"", ""책7/8 입력 fallback""]","[""W29-S01"", ""W29-S02"", ""W29-S03"", ""W29-S04""]",nuvia.history.american-conquest.c2,storyBook8Pages+integratedGrowthReport,nuvia.age.adult.v1,"{""resourceId"": ""새 응답 자원이 아니라 저장된 같은 resultId 레코드 연결"", ""changedAttribute"": ""이 단계에서 역사 조건을 다시 변경하지 않음"", ""cognitiveAction"": ""결과 열람·인쇄 연결 단계""}"
canonicalStage,W39-C1,preschool,기록에서 요청과 답변의 발언 주체 표시를 볼 수 없다면?,실제 역사와 게임에서 바꿀 조건을 순서대로 확인해요.,nuvia.semantic.v1_1_r2.w39-c1.preschool.condition-understanding,nuvia.history.africa-partition,nuvia.history.africa-partition.c1,실제 역사 확인 후 바뀐 조건 한 가지 이해,learner,nuvia.semantic.ref.w39-c1.object,nuvia.semantic.ref.w39-c1.resource,표시의 가시성,beforeAction,notApplicable,viewActualHistoryThenSelectCondition,실제 역사 FACT와 게임의 CHANGED_CONDITION을 서로 다른 표시·이벤트로 확인,"[""nuvia.history.africa-partition.c1""]","[""nuvia.history.africa-partition.c1.prohibitedClaims"", ""실제 역사와 바꾼 조건을 같은 사실로 표시"", ""다른 조건 fallback""]",R2-S39-A,nuvia.history.africa-partition.c1,historyViewed+conditionSelected,nuvia.age.preschool.v1,"{""cognitiveAction"": ""보기·조건 선택 단계이며 PASS 핵심 활동이 아님""}"
canonicalStage,W39-C1,preschool,누가 한 말인지 표시가 안 보이면 어떤 모습일까요?,다음 모습을 말하거나 그려 봐요.,nuvia.semantic.v1_1_r2.w39-c1.preschool.prediction,nuvia.history.africa-partition,nuvia.history.africa-partition.c1,결과 공개 전 다음 장면 한 가지 예측,learner,nuvia.semantic.ref.w39-c1.object,nuvia.semantic.ref.w39-c1.resource,표시의 가시성,possibleFuture,notApplicable,voice|drawing|deferred,변경 조건 이후의 가까운 다음 모습 한 가지; 정답·적중 점수 없음,notApplicable,"[""nuvia.history.africa-partition.c1.prohibitedClaims"", ""근거·반론·핵심 활동을 한 질문에 함께 요구"", ""결과 공개 후 수정"", ""예측을 실제 역사로 표시""]",notApplicable,nuvia.history.africa-partition.c1,predictionSnapshot,nuvia.age.preschool.v1,"{""cognitiveAction"": ""최초 예측은 PASS 핵심 활동으로 중복 집계하지 않음"", ""allowedAnswerIds"": ""자유 말·글·그림·보류 응답이며 고정 정답 ID를 만들지 않음"", ""sourceFactId"": ""예측 내용은 역사 사실 주장이 아님; 승인 실제 사실은 조건 이해 단계에서 연결""}"
canonicalStage,W39-C1,preschool,누가 한 말인지 찾아볼까요?,그림 두 개를 이어 봐요.,nuvia.semantic.v1_1_r2.w39-c1.preschool.core-activity,nuvia.history.africa-partition,nuvia.history.africa-partition.c1,승인된 PASS 핵심 인지 활동 수행,learner,nuvia.semantic.ref.w39-c1.object,nuvia.semantic.ref.w39-c1.resource,표시의 가시성,duringAction,mapRelation,action.mapRelation.r2 payload 또는 activityDeferred,기록의 발언-주체 관계 연결 또는 판단 보류,"[""nuvia.history.africa-partition.c1.node.1"", ""nuvia.history.africa-partition.c1.node.2"", ""nuvia.history.africa-partition.c1.node.3"", ""nuvia.history.africa-partition.c1.node.4"", ""nuvia.history.africa-partition.c1.meaning.1"", ""nuvia.history.africa-partition.c1.meaning.2"", ""nuvia.history.africa-partition.c1.meaning.3"", ""nuvia.history.africa-partition.c1.reason.1"", ""nuvia.history.africa-partition.c1.reason.2""]","[""nuvia.history.africa-partition.c1.prohibitedClaims"", ""활동 라벨을 나의 이야기로 저장"", ""입력하지 않은 계획·근거·태도·정확성 생성""]",R2-S39-A,nuvia.history.africa-partition.c1,cognitiveActionRecorded 또는 activityDeferred,nuvia.age.preschool.v1,{}
canonicalStage,W39-C1,preschool,이 조건에서 달라질 수 있는 모습을 살펴봐요.,가능성 하나가 정답이라고 표시하지 않아요.,nuvia.semantic.v1_1_r2.w39-c1.preschool.alternate-result,nuvia.history.africa-partition,nuvia.history.africa-partition.c1,변경 조건에서 가능한 결과 A/B 확인,learner,nuvia.semantic.ref.w39-c1.object,nuvia.semantic.ref.w39-c1.resource,표시의 가시성,immediateResult,notApplicable,viewLevel3PossibilityAOrB,실제 역사와 분리된 Level 3 가능성; 정답이 아님,"[""A"", ""B""]","[""nuvia.history.africa-partition.c1.prohibitedClaims"", ""가능성 A/B를 사실·정답·적중 점수로 표시"", ""장기 결과 단정""]",notApplicable,nuvia.history.africa-partition.c1,alternateViewed,nuvia.age.preschool.v1,"{""cognitiveAction"": ""가능성 열람 단계"", ""sourceFactId"": ""가상 가능성은 출처가 확인하는 실제 사실이 아님""}"
canonicalStage,W39-C1,preschool,나만의 이야기를 말·글·그림으로 남겨 봐요.,남기지 않아도 다른 기록으로 대신 채우지 않아요.,nuvia.semantic.v1_1_r2.w39-c1.preschool.learner-story,nuvia.history.africa-partition,nuvia.history.africa-partition.c1,사용자가 직접 나만의 이야기 남기기,learner,nuvia.semantic.ref.w39-c1.object,notApplicable,표시의 가시성,reflection,notApplicable,writing|voice|drawing|mixed|deferred,사용자가 직접 남긴 말·글·그림 원문 또는 남기지 않음,notApplicable,"[""핵심 활동 라벨·예측·시스템 문구를 사용자 이야기로 복사"", ""사용자 입력이 없는데 이야기 생성"", ""AI 보완·요약·평가""]",notApplicable,nuvia.history.africa-partition.c1,storyRecorded,nuvia.age.preschool.v1,"{""resourceId"": ""말·글·그림 자유 표현이며 고정 역사 자원 선택이 아님"", ""cognitiveAction"": ""자유 창작은 PASS 핵심 활동으로 중복 집계하지 않음"", ""allowedAnswerIds"": ""자유 창작에 고정 답안 없음"", ""sourceFactId"": ""사용자 창작은 승인 역사 사실이 아님""}"
canonicalStage,W39-C1,preschool,"실제 역사와 내가 만든 이야기를 비교해 보고, 가장 눈에 띈 점 하나를 남겨 보세요.",사용자 원문을 그대로 저장해요.,nuvia.semantic.v1_1_r2.w39-c1.preschool.history-comparison,nuvia.history.africa-partition,nuvia.history.africa-partition.c1,실제 역사와 나의 역사 비교,learner,nuvia.semantic.ref.w39-c1.object,notApplicable,표시의 가시성,comparison,notApplicable,writing|voice|drawing|mixed|deferred,가장 눈에 띈 점 하나와 연령에 따라 선택적 근거; 사용자 원문,notApplicable,"[""같았어요/달랐어요/새롭게 알았어요 고정 카드"", ""prediction 비교 fallback"", ""AI 분류·요약·채점""]",R2-S39-A,nuvia.history.africa-partition.c1,comparisonCompleted(history)+bookPage7+growthReport,nuvia.age.preschool.v1,"{""resourceId"": ""실제 역사 요약과 사용자 이야기 참조이며 새 고정 답안 자원이 아님"", ""cognitiveAction"": ""자유 비교는 PASS 핵심 활동으로 중복 집계하지 않음"", ""allowedAnswerIds"": ""comparisonTag와 고정 비교 카드 폐기""}"
canonicalStage,W39-C1,preschool,"처음 생각과 실제 역사를 비교해 보고, 가장 눈에 띈 점 하나를 남겨 보세요.",처음 예측은 바꾸지 않고 사용자 원문을 그대로 저장해요.,nuvia.semantic.v1_1_r2.w39-c1.preschool.prediction-comparison,nuvia.history.africa-partition,nuvia.history.africa-partition.c1,최초 예측과 실제 역사 비교,learner,nuvia.semantic.ref.w39-c1.object,notApplicable,표시의 가시성,comparison,notApplicable,writing|voice|drawing|mixed|deferred,처음 생각과 실제 역사에서 눈에 띈 점 하나와 연령에 따라 선택적 근거; 사용자 원문,notApplicable,"[""history 비교 fallback"", ""최초 예측 사후 변경"", ""같았어요/달랐어요/새롭게 알았어요 고정 카드"", ""AI 분류·요약·채점""]",R2-S39-A,nuvia.history.africa-partition.c1,comparisonCompleted(prediction)+bookPage8+growthReport,nuvia.age.preschool.v1,"{""resourceId"": ""잠긴 predictionSnapshot과 실제 역사 핵심 한 줄을 참조"", ""cognitiveAction"": ""자유 비교는 PASS 핵심 활동으로 중복 집계하지 않음"", ""allowedAnswerIds"": ""comparisonTag와 고정 비교 카드 폐기""}"
canonicalStage,W39-C1,preschool,이야기책과 성장 기록을 볼 수 있어요.,같은 결과 기록만 연결해요.,nuvia.semantic.v1_1_r2.w39-c1.preschool.artifact-link,nuvia.history.africa-partition,nuvia.history.africa-partition.c1,같은 결과의 이야기책·성장 리포트 연결,learner,nuvia.semantic.ref.w39-c1.object,notApplicable,notApplicable,reflection,notApplicable,viewBook|viewReport|print,같은 resultId·missionId·conditionId·버전의 실제 입력만 표시,"[""viewStoryBook"", ""viewGrowthReport"", ""print""]","[""다른 resultId·미션·조건·버전 혼입"", ""없는 값 소급 생성"", ""책7/8 입력 fallback""]",R2-S39-A,nuvia.history.africa-partition.c1,storyBook8Pages+integratedGrowthReport,nuvia.age.preschool.v1,"{""resourceId"": ""새 응답 자원이 아니라 저장된 같은 resultId 레코드 연결"", ""changedAttribute"": ""이 단계에서 역사 조건을 다시 변경하지 않음"", ""cognitiveAction"": ""결과 열람·인쇄 연결 단계""}"
canonicalStage,W39-C1,elementary-low,기록에서 요청과 답변의 발언 주체 표시를 볼 수 없다면?,실제 역사와 게임에서 바꿀 조건을 순서대로 확인해요.,nuvia.semantic.v1_1_r2.w39-c1.elementary-low.condition-understanding,nuvia.history.africa-partition,nuvia.history.africa-partition.c1,실제 역사 확인 후 바뀐 조건 한 가지 이해,learner,nuvia.semantic.ref.w39-c1.object,nuvia.semantic.ref.w39-c1.resource,표시의 가시성,beforeAction,notApplicable,viewActualHistoryThenSelectCondition,실제 역사 FACT와 게임의 CHANGED_CONDITION을 서로 다른 표시·이벤트로 확인,"[""nuvia.history.africa-partition.c1""]","[""nuvia.history.africa-partition.c1.prohibitedClaims"", ""실제 역사와 바꾼 조건을 같은 사실로 표시"", ""다른 조건 fallback""]",R2-S39-A,nuvia.history.africa-partition.c1,historyViewed+conditionSelected,nuvia.age.elementary-low.v1,"{""cognitiveAction"": ""보기·조건 선택 단계이며 PASS 핵심 활동이 아님""}"
canonicalStage,W39-C1,elementary-low,누가 한 말인지 표시가 안 보이면 어떤 모습일까요?,다음 모습을 한 가지 남겨 봐요.,nuvia.semantic.v1_1_r2.w39-c1.elementary-low.prediction,nuvia.history.africa-partition,nuvia.history.africa-partition.c1,결과 공개 전 다음 장면 한 가지 예측,learner,nuvia.semantic.ref.w39-c1.object,nuvia.semantic.ref.w39-c1.resource,표시의 가시성,possibleFuture,notApplicable,voice|drawing|writing|deferred,변경 조건 이후의 가까운 다음 모습 한 가지; 정답·적중 점수 없음,notApplicable,"[""nuvia.history.africa-partition.c1.prohibitedClaims"", ""근거·반론·핵심 활동을 한 질문에 함께 요구"", ""결과 공개 후 수정"", ""예측을 실제 역사로 표시""]",notApplicable,nuvia.history.africa-partition.c1,predictionSnapshot,nuvia.age.elementary-low.v1,"{""cognitiveAction"": ""최초 예측은 PASS 핵심 활동으로 중복 집계하지 않음"", ""allowedAnswerIds"": ""자유 말·글·그림·보류 응답이며 고정 정답 ID를 만들지 않음"", ""sourceFactId"": ""예측 내용은 역사 사실 주장이 아님; 승인 실제 사실은 조건 이해 단계에서 연결""}"
canonicalStage,W39-C1,elementary-low,누가 한 말인지 찾아볼까요?,서로 관련된 것을 이어 봐요.,nuvia.semantic.v1_1_r2.w39-c1.elementary-low.core-activity,nuvia.history.africa-partition,nuvia.history.africa-partition.c1,승인된 PASS 핵심 인지 활동 수행,learner,nuvia.semantic.ref.w39-c1.object,nuvia.semantic.ref.w39-c1.resource,표시의 가시성,duringAction,mapRelation,action.mapRelation.r2 payload 또는 activityDeferred,기록의 발언-주체 관계 연결 또는 판단 보류,"[""nuvia.history.africa-partition.c1.node.1"", ""nuvia.history.africa-partition.c1.node.2"", ""nuvia.history.africa-partition.c1.node.3"", ""nuvia.history.africa-partition.c1.node.4"", ""nuvia.history.africa-partition.c1.meaning.1"", ""nuvia.history.africa-partition.c1.meaning.2"", ""nuvia.history.africa-partition.c1.meaning.3"", ""nuvia.history.africa-partition.c1.reason.1"", ""nuvia.history.africa-partition.c1.reason.2""]","[""nuvia.history.africa-partition.c1.prohibitedClaims"", ""활동 라벨을 나의 이야기로 저장"", ""입력하지 않은 계획·근거·태도·정확성 생성""]",R2-S39-A,nuvia.history.africa-partition.c1,cognitiveActionRecorded 또는 activityDeferred,nuvia.age.elementary-low.v1,{}
canonicalStage,W39-C1,elementary-low,이 조건에서 달라질 수 있는 모습을 살펴봐요.,가능성 하나가 정답이라고 표시하지 않아요.,nuvia.semantic.v1_1_r2.w39-c1.elementary-low.alternate-result,nuvia.history.africa-partition,nuvia.history.africa-partition.c1,변경 조건에서 가능한 결과 A/B 확인,learner,nuvia.semantic.ref.w39-c1.object,nuvia.semantic.ref.w39-c1.resource,표시의 가시성,immediateResult,notApplicable,viewLevel3PossibilityAOrB,실제 역사와 분리된 Level 3 가능성; 정답이 아님,"[""A"", ""B""]","[""nuvia.history.africa-partition.c1.prohibitedClaims"", ""가능성 A/B를 사실·정답·적중 점수로 표시"", ""장기 결과 단정""]",notApplicable,nuvia.history.africa-partition.c1,alternateViewed,nuvia.age.elementary-low.v1,"{""cognitiveAction"": ""가능성 열람 단계"", ""sourceFactId"": ""가상 가능성은 출처가 확인하는 실제 사실이 아님""}"
canonicalStage,W39-C1,elementary-low,나만의 이야기를 말·글·그림으로 남겨 봐요.,남기지 않아도 다른 기록으로 대신 채우지 않아요.,nuvia.semantic.v1_1_r2.w39-c1.elementary-low.learner-story,nuvia.history.africa-partition,nuvia.history.africa-partition.c1,사용자가 직접 나만의 이야기 남기기,learner,nuvia.semantic.ref.w39-c1.object,notApplicable,표시의 가시성,reflection,notApplicable,writing|voice|drawing|mixed|deferred,사용자가 직접 남긴 말·글·그림 원문 또는 남기지 않음,notApplicable,"[""핵심 활동 라벨·예측·시스템 문구를 사용자 이야기로 복사"", ""사용자 입력이 없는데 이야기 생성"", ""AI 보완·요약·평가""]",notApplicable,nuvia.history.africa-partition.c1,storyRecorded,nuvia.age.elementary-low.v1,"{""resourceId"": ""말·글·그림 자유 표현이며 고정 역사 자원 선택이 아님"", ""cognitiveAction"": ""자유 창작은 PASS 핵심 활동으로 중복 집계하지 않음"", ""allowedAnswerIds"": ""자유 창작에 고정 답안 없음"", ""sourceFactId"": ""사용자 창작은 승인 역사 사실이 아님""}"
canonicalStage,W39-C1,elementary-low,"실제 역사와 내가 만든 이야기를 비교해 보고, 가장 눈에 띈 점 하나를 남겨 보세요.",사용자 원문을 그대로 저장해요.,nuvia.semantic.v1_1_r2.w39-c1.elementary-low.history-comparison,nuvia.history.africa-partition,nuvia.history.africa-partition.c1,실제 역사와 나의 역사 비교,learner,nuvia.semantic.ref.w39-c1.object,notApplicable,표시의 가시성,comparison,notApplicable,writing|voice|drawing|mixed|deferred,가장 눈에 띈 점 하나와 연령에 따라 선택적 근거; 사용자 원문,notApplicable,"[""같았어요/달랐어요/새롭게 알았어요 고정 카드"", ""prediction 비교 fallback"", ""AI 분류·요약·채점""]",R2-S39-A,nuvia.history.africa-partition.c1,comparisonCompleted(history)+bookPage7+growthReport,nuvia.age.elementary-low.v1,"{""resourceId"": ""실제 역사 요약과 사용자 이야기 참조이며 새 고정 답안 자원이 아님"", ""cognitiveAction"": ""자유 비교는 PASS 핵심 활동으로 중복 집계하지 않음"", ""allowedAnswerIds"": ""comparisonTag와 고정 비교 카드 폐기""}"
canonicalStage,W39-C1,elementary-low,"처음 생각과 실제 역사를 비교해 보고, 가장 눈에 띈 점 하나를 남겨 보세요.",처음 예측은 바꾸지 않고 사용자 원문을 그대로 저장해요.,nuvia.semantic.v1_1_r2.w39-c1.elementary-low.prediction-comparison,nuvia.history.africa-partition,nuvia.history.africa-partition.c1,최초 예측과 실제 역사 비교,learner,nuvia.semantic.ref.w39-c1.object,notApplicable,표시의 가시성,comparison,notApplicable,writing|voice|drawing|mixed|deferred,처음 생각과 실제 역사에서 눈에 띈 점 하나와 연령에 따라 선택적 근거; 사용자 원문,notApplicable,"[""history 비교 fallback"", ""최초 예측 사후 변경"", ""같았어요/달랐어요/새롭게 알았어요 고정 카드"", ""AI 분류·요약·채점""]",R2-S39-A,nuvia.history.africa-partition.c1,comparisonCompleted(prediction)+bookPage8+growthReport,nuvia.age.elementary-low.v1,"{""resourceId"": ""잠긴 predictionSnapshot과 실제 역사 핵심 한 줄을 참조"", ""cognitiveAction"": ""자유 비교는 PASS 핵심 활동으로 중복 집계하지 않음"", ""allowedAnswerIds"": ""comparisonTag와 고정 비교 카드 폐기""}"
canonicalStage,W39-C1,elementary-low,이야기책과 성장 기록을 볼 수 있어요.,같은 결과 기록만 연결해요.,nuvia.semantic.v1_1_r2.w39-c1.elementary-low.artifact-link,nuvia.history.africa-partition,nuvia.history.africa-partition.c1,같은 결과의 이야기책·성장 리포트 연결,learner,nuvia.semantic.ref.w39-c1.object,notApplicable,notApplicable,reflection,notApplicable,viewBook|viewReport|print,같은 resultId·missionId·conditionId·버전의 실제 입력만 표시,"[""viewStoryBook"", ""viewGrowthReport"", ""print""]","[""다른 resultId·미션·조건·버전 혼입"", ""없는 값 소급 생성"", ""책7/8 입력 fallback""]",R2-S39-A,nuvia.history.africa-partition.c1,storyBook8Pages+integratedGrowthReport,nuvia.age.elementary-low.v1,"{""resourceId"": ""새 응답 자원이 아니라 저장된 같은 resultId 레코드 연결"", ""changedAttribute"": ""이 단계에서 역사 조건을 다시 변경하지 않음"", ""cognitiveAction"": ""결과 열람·인쇄 연결 단계""}"
canonicalStage,W39-C1,elementary-high,기록에서 요청과 답변의 발언 주체 표시를 볼 수 없다면?,실제 역사와 게임에서 바꿀 조건을 순서대로 확인해요.,nuvia.semantic.v1_1_r2.w39-c1.elementary-high.condition-understanding,nuvia.history.africa-partition,nuvia.history.africa-partition.c1,실제 역사 확인 후 바뀐 조건 한 가지 이해,learner,nuvia.semantic.ref.w39-c1.object,nuvia.semantic.ref.w39-c1.resource,표시의 가시성,beforeAction,notApplicable,viewActualHistoryThenSelectCondition,실제 역사 FACT와 게임의 CHANGED_CONDITION을 서로 다른 표시·이벤트로 확인,"[""nuvia.history.africa-partition.c1""]","[""nuvia.history.africa-partition.c1.prohibitedClaims"", ""실제 역사와 바꾼 조건을 같은 사실로 표시"", ""다른 조건 fallback""]",R2-S39-A,nuvia.history.africa-partition.c1,historyViewed+conditionSelected,nuvia.age.elementary-high.v1,"{""cognitiveAction"": ""보기·조건 선택 단계이며 PASS 핵심 활동이 아님""}"
canonicalStage,W39-C1,elementary-high,요청과 답변의 주체 표시가 안 보이면 기록을 읽는 모습은 어떨까요?,바로 다음 모습을 한 가지 예상해요.,nuvia.semantic.v1_1_r2.w39-c1.elementary-high.prediction,nuvia.history.africa-partition,nuvia.history.africa-partition.c1,결과 공개 전 다음 장면 한 가지 예측,learner,nuvia.semantic.ref.w39-c1.object,nuvia.semantic.ref.w39-c1.resource,표시의 가시성,possibleFuture,notApplicable,writing|voice|drawing|deferred,변경 조건 이후의 가까운 다음 모습 한 가지; 정답·적중 점수 없음,notApplicable,"[""nuvia.history.africa-partition.c1.prohibitedClaims"", ""근거·반론·핵심 활동을 한 질문에 함께 요구"", ""결과 공개 후 수정"", ""예측을 실제 역사로 표시""]",notApplicable,nuvia.history.africa-partition.c1,predictionSnapshot,nuvia.age.elementary-high.v1,"{""cognitiveAction"": ""최초 예측은 PASS 핵심 활동으로 중복 집계하지 않음"", ""allowedAnswerIds"": ""자유 말·글·그림·보류 응답이며 고정 정답 ID를 만들지 않음"", ""sourceFactId"": ""예측 내용은 역사 사실 주장이 아님; 승인 실제 사실은 조건 이해 단계에서 연결""}"
canonicalStage,W39-C1,elementary-high,요청과 답변을 한 쪽을 연결해 볼까요?,두 대상을 이어 관계를 나타내요.,nuvia.semantic.v1_1_r2.w39-c1.elementary-high.core-activity,nuvia.history.africa-partition,nuvia.history.africa-partition.c1,승인된 PASS 핵심 인지 활동 수행,learner,nuvia.semantic.ref.w39-c1.object,nuvia.semantic.ref.w39-c1.resource,표시의 가시성,duringAction,mapRelation,action.mapRelation.r2 payload 또는 activityDeferred,기록의 발언-주체 관계 연결 또는 판단 보류,"[""nuvia.history.africa-partition.c1.node.1"", ""nuvia.history.africa-partition.c1.node.2"", ""nuvia.history.africa-partition.c1.node.3"", ""nuvia.history.africa-partition.c1.node.4"", ""nuvia.history.africa-partition.c1.meaning.1"", ""nuvia.history.africa-partition.c1.meaning.2"", ""nuvia.history.africa-partition.c1.meaning.3"", ""nuvia.history.africa-partition.c1.reason.1"", ""nuvia.history.africa-partition.c1.reason.2""]","[""nuvia.history.africa-partition.c1.prohibitedClaims"", ""활동 라벨을 나의 이야기로 저장"", ""입력하지 않은 계획·근거·태도·정확성 생성""]",R2-S39-A,nuvia.history.africa-partition.c1,cognitiveActionRecorded 또는 activityDeferred,nuvia.age.elementary-high.v1,{}
canonicalStage,W39-C1,elementary-high,이 조건에서 달라질 수 있는 모습을 살펴봐요.,가능성 하나가 정답이라고 표시하지 않아요.,nuvia.semantic.v1_1_r2.w39-c1.elementary-high.alternate-result,nuvia.history.africa-partition,nuvia.history.africa-partition.c1,변경 조건에서 가능한 결과 A/B 확인,learner,nuvia.semantic.ref.w39-c1.object,nuvia.semantic.ref.w39-c1.resource,표시의 가시성,immediateResult,notApplicable,viewLevel3PossibilityAOrB,실제 역사와 분리된 Level 3 가능성; 정답이 아님,"[""A"", ""B""]","[""nuvia.history.africa-partition.c1.prohibitedClaims"", ""가능성 A/B를 사실·정답·적중 점수로 표시"", ""장기 결과 단정""]",notApplicable,nuvia.history.africa-partition.c1,alternateViewed,nuvia.age.elementary-high.v1,"{""cognitiveAction"": ""가능성 열람 단계"", ""sourceFactId"": ""가상 가능성은 출처가 확인하는 실제 사실이 아님""}"
canonicalStage,W39-C1,elementary-high,나만의 이야기를 말·글·그림으로 남겨 봐요.,남기지 않아도 다른 기록으로 대신 채우지 않아요.,nuvia.semantic.v1_1_r2.w39-c1.elementary-high.learner-story,nuvia.history.africa-partition,nuvia.history.africa-partition.c1,사용자가 직접 나만의 이야기 남기기,learner,nuvia.semantic.ref.w39-c1.object,notApplicable,표시의 가시성,reflection,notApplicable,writing|voice|drawing|mixed|deferred,사용자가 직접 남긴 말·글·그림 원문 또는 남기지 않음,notApplicable,"[""핵심 활동 라벨·예측·시스템 문구를 사용자 이야기로 복사"", ""사용자 입력이 없는데 이야기 생성"", ""AI 보완·요약·평가""]",notApplicable,nuvia.history.africa-partition.c1,storyRecorded,nuvia.age.elementary-high.v1,"{""resourceId"": ""말·글·그림 자유 표현이며 고정 역사 자원 선택이 아님"", ""cognitiveAction"": ""자유 창작은 PASS 핵심 활동으로 중복 집계하지 않음"", ""allowedAnswerIds"": ""자유 창작에 고정 답안 없음"", ""sourceFactId"": ""사용자 창작은 승인 역사 사실이 아님""}"
canonicalStage,W39-C1,elementary-high,"실제 역사와 내가 만든 이야기를 비교해 보고, 가장 눈에 띈 점 하나를 남겨 보세요.",사용자 원문을 그대로 저장해요.,nuvia.semantic.v1_1_r2.w39-c1.elementary-high.history-comparison,nuvia.history.africa-partition,nuvia.history.africa-partition.c1,실제 역사와 나의 역사 비교,learner,nuvia.semantic.ref.w39-c1.object,notApplicable,표시의 가시성,comparison,notApplicable,writing|voice|drawing|mixed|deferred,가장 눈에 띈 점 하나와 연령에 따라 선택적 근거; 사용자 원문,notApplicable,"[""같았어요/달랐어요/새롭게 알았어요 고정 카드"", ""prediction 비교 fallback"", ""AI 분류·요약·채점""]",R2-S39-A,nuvia.history.africa-partition.c1,comparisonCompleted(history)+bookPage7+growthReport,nuvia.age.elementary-high.v1,"{""resourceId"": ""실제 역사 요약과 사용자 이야기 참조이며 새 고정 답안 자원이 아님"", ""cognitiveAction"": ""자유 비교는 PASS 핵심 활동으로 중복 집계하지 않음"", ""allowedAnswerIds"": ""comparisonTag와 고정 비교 카드 폐기""}"
canonicalStage,W39-C1,elementary-high,"처음 생각과 실제 역사를 비교해 보고, 가장 눈에 띈 점 하나를 남겨 보세요.",처음 예측은 바꾸지 않고 사용자 원문을 그대로 저장해요.,nuvia.semantic.v1_1_r2.w39-c1.elementary-high.prediction-comparison,nuvia.history.africa-partition,nuvia.history.africa-partition.c1,최초 예측과 실제 역사 비교,learner,nuvia.semantic.ref.w39-c1.object,notApplicable,표시의 가시성,comparison,notApplicable,writing|voice|drawing|mixed|deferred,처음 생각과 실제 역사에서 눈에 띈 점 하나와 연령에 따라 선택적 근거; 사용자 원문,notApplicable,"[""history 비교 fallback"", ""최초 예측 사후 변경"", ""같았어요/달랐어요/새롭게 알았어요 고정 카드"", ""AI 분류·요약·채점""]",R2-S39-A,nuvia.history.africa-partition.c1,comparisonCompleted(prediction)+bookPage8+growthReport,nuvia.age.elementary-high.v1,"{""resourceId"": ""잠긴 predictionSnapshot과 실제 역사 핵심 한 줄을 참조"", ""cognitiveAction"": ""자유 비교는 PASS 핵심 활동으로 중복 집계하지 않음"", ""allowedAnswerIds"": ""comparisonTag와 고정 비교 카드 폐기""}"
canonicalStage,W39-C1,elementary-high,이야기책과 성장 기록을 볼 수 있어요.,같은 결과 기록만 연결해요.,nuvia.semantic.v1_1_r2.w39-c1.elementary-high.artifact-link,nuvia.history.africa-partition,nuvia.history.africa-partition.c1,같은 결과의 이야기책·성장 리포트 연결,learner,nuvia.semantic.ref.w39-c1.object,notApplicable,notApplicable,reflection,notApplicable,viewBook|viewReport|print,같은 resultId·missionId·conditionId·버전의 실제 입력만 표시,"[""viewStoryBook"", ""viewGrowthReport"", ""print""]","[""다른 resultId·미션·조건·버전 혼입"", ""없는 값 소급 생성"", ""책7/8 입력 fallback""]",R2-S39-A,nuvia.history.africa-partition.c1,storyBook8Pages+integratedGrowthReport,nuvia.age.elementary-high.v1,"{""resourceId"": ""새 응답 자원이 아니라 저장된 같은 resultId 레코드 연결"", ""changedAttribute"": ""이 단계에서 역사 조건을 다시 변경하지 않음"", ""cognitiveAction"": ""결과 열람·인쇄 연결 단계""}"
canonicalStage,W39-C1,middle-school,기록에서 요청과 답변의 발언 주체 표시를 볼 수 없다면?,실제 역사와 게임에서 바꿀 조건을 순서대로 확인해요.,nuvia.semantic.v1_1_r2.w39-c1.middle-school.condition-understanding,nuvia.history.africa-partition,nuvia.history.africa-partition.c1,실제 역사 확인 후 바뀐 조건 한 가지 이해,learner,nuvia.semantic.ref.w39-c1.object,nuvia.semantic.ref.w39-c1.resource,표시의 가시성,beforeAction,notApplicable,viewActualHistoryThenSelectCondition,실제 역사 FACT와 게임의 CHANGED_CONDITION을 서로 다른 표시·이벤트로 확인,"[""nuvia.history.africa-partition.c1""]","[""nuvia.history.africa-partition.c1.prohibitedClaims"", ""실제 역사와 바꾼 조건을 같은 사실로 표시"", ""다른 조건 fallback""]",R2-S39-A,nuvia.history.africa-partition.c1,historyViewed+conditionSelected,nuvia.age.middle-school.v1,"{""cognitiveAction"": ""보기·조건 선택 단계이며 PASS 핵심 활동이 아님""}"
canonicalStage,W39-C1,middle-school,요청과 답변의 주체 표시가 안 보이면 기록을 읽는 모습은 어떨까요?,바로 다음 가능성을 한 가지 예상해요.,nuvia.semantic.v1_1_r2.w39-c1.middle-school.prediction,nuvia.history.africa-partition,nuvia.history.africa-partition.c1,결과 공개 전 다음 장면 한 가지 예측,learner,nuvia.semantic.ref.w39-c1.object,nuvia.semantic.ref.w39-c1.resource,표시의 가시성,possibleFuture,notApplicable,writing|voice|drawing|deferred,변경 조건 이후의 가까운 다음 모습 한 가지; 정답·적중 점수 없음,notApplicable,"[""nuvia.history.africa-partition.c1.prohibitedClaims"", ""근거·반론·핵심 활동을 한 질문에 함께 요구"", ""결과 공개 후 수정"", ""예측을 실제 역사로 표시""]",notApplicable,nuvia.history.africa-partition.c1,predictionSnapshot,nuvia.age.middle-school.v1,"{""cognitiveAction"": ""최초 예측은 PASS 핵심 활동으로 중복 집계하지 않음"", ""allowedAnswerIds"": ""자유 말·글·그림·보류 응답이며 고정 정답 ID를 만들지 않음"", ""sourceFactId"": ""예측 내용은 역사 사실 주장이 아님; 승인 실제 사실은 조건 이해 단계에서 연결""}"
canonicalStage,W39-C1,middle-school,기록의 요청과 답변을 발언 주체와 연결해 볼까요?,제시된 대상 사이의 관계를 연결해요.,nuvia.semantic.v1_1_r2.w39-c1.middle-school.core-activity,nuvia.history.africa-partition,nuvia.history.africa-partition.c1,승인된 PASS 핵심 인지 활동 수행,learner,nuvia.semantic.ref.w39-c1.object,nuvia.semantic.ref.w39-c1.resource,표시의 가시성,duringAction,mapRelation,action.mapRelation.r2 payload 또는 activityDeferred,기록의 발언-주체 관계 연결 또는 판단 보류,"[""nuvia.history.africa-partition.c1.node.1"", ""nuvia.history.africa-partition.c1.node.2"", ""nuvia.history.africa-partition.c1.node.3"", ""nuvia.history.africa-partition.c1.node.4"", ""nuvia.history.africa-partition.c1.meaning.1"", ""nuvia.history.africa-partition.c1.meaning.2"", ""nuvia.history.africa-partition.c1.meaning.3"", ""nuvia.history.africa-partition.c1.reason.1"", ""nuvia.history.africa-partition.c1.reason.2""]","[""nuvia.history.africa-partition.c1.prohibitedClaims"", ""활동 라벨을 나의 이야기로 저장"", ""입력하지 않은 계획·근거·태도·정확성 생성""]",R2-S39-A,nuvia.history.africa-partition.c1,cognitiveActionRecorded 또는 activityDeferred,nuvia.age.middle-school.v1,{}
canonicalStage,W39-C1,middle-school,이 조건에서 달라질 수 있는 모습을 살펴봐요.,가능성 하나가 정답이라고 표시하지 않아요.,nuvia.semantic.v1_1_r2.w39-c1.middle-school.alternate-result,nuvia.history.africa-partition,nuvia.history.africa-partition.c1,변경 조건에서 가능한 결과 A/B 확인,learner,nuvia.semantic.ref.w39-c1.object,nuvia.semantic.ref.w39-c1.resource,표시의 가시성,immediateResult,notApplicable,viewLevel3PossibilityAOrB,실제 역사와 분리된 Level 3 가능성; 정답이 아님,"[""A"", ""B""]","[""nuvia.history.africa-partition.c1.prohibitedClaims"", ""가능성 A/B를 사실·정답·적중 점수로 표시"", ""장기 결과 단정""]",notApplicable,nuvia.history.africa-partition.c1,alternateViewed,nuvia.age.middle-school.v1,"{""cognitiveAction"": ""가능성 열람 단계"", ""sourceFactId"": ""가상 가능성은 출처가 확인하는 실제 사실이 아님""}"
canonicalStage,W39-C1,middle-school,나만의 이야기를 말·글·그림으로 남겨 봐요.,남기지 않아도 다른 기록으로 대신 채우지 않아요.,nuvia.semantic.v1_1_r2.w39-c1.middle-school.learner-story,nuvia.history.africa-partition,nuvia.history.africa-partition.c1,사용자가 직접 나만의 이야기 남기기,learner,nuvia.semantic.ref.w39-c1.object,notApplicable,표시의 가시성,reflection,notApplicable,writing|voice|drawing|mixed|deferred,사용자가 직접 남긴 말·글·그림 원문 또는 남기지 않음,notApplicable,"[""핵심 활동 라벨·예측·시스템 문구를 사용자 이야기로 복사"", ""사용자 입력이 없는데 이야기 생성"", ""AI 보완·요약·평가""]",notApplicable,nuvia.history.africa-partition.c1,storyRecorded,nuvia.age.middle-school.v1,"{""resourceId"": ""말·글·그림 자유 표현이며 고정 역사 자원 선택이 아님"", ""cognitiveAction"": ""자유 창작은 PASS 핵심 활동으로 중복 집계하지 않음"", ""allowedAnswerIds"": ""자유 창작에 고정 답안 없음"", ""sourceFactId"": ""사용자 창작은 승인 역사 사실이 아님""}"
canonicalStage,W39-C1,middle-school,"실제 역사와 내가 만든 이야기를 비교해 보고, 가장 눈에 띈 점 하나를 남겨 보세요.",사용자 원문을 그대로 저장해요.,nuvia.semantic.v1_1_r2.w39-c1.middle-school.history-comparison,nuvia.history.africa-partition,nuvia.history.africa-partition.c1,실제 역사와 나의 역사 비교,learner,nuvia.semantic.ref.w39-c1.object,notApplicable,표시의 가시성,comparison,notApplicable,writing|voice|drawing|mixed|deferred,가장 눈에 띈 점 하나와 연령에 따라 선택적 근거; 사용자 원문,notApplicable,"[""같았어요/달랐어요/새롭게 알았어요 고정 카드"", ""prediction 비교 fallback"", ""AI 분류·요약·채점""]",R2-S39-A,nuvia.history.africa-partition.c1,comparisonCompleted(history)+bookPage7+growthReport,nuvia.age.middle-school.v1,"{""resourceId"": ""실제 역사 요약과 사용자 이야기 참조이며 새 고정 답안 자원이 아님"", ""cognitiveAction"": ""자유 비교는 PASS 핵심 활동으로 중복 집계하지 않음"", ""allowedAnswerIds"": ""comparisonTag와 고정 비교 카드 폐기""}"
canonicalStage,W39-C1,middle-school,"처음 생각과 실제 역사를 비교해 보고, 가장 눈에 띈 점 하나를 남겨 보세요.",처음 예측은 바꾸지 않고 사용자 원문을 그대로 저장해요.,nuvia.semantic.v1_1_r2.w39-c1.middle-school.prediction-comparison,nuvia.history.africa-partition,nuvia.history.africa-partition.c1,최초 예측과 실제 역사 비교,learner,nuvia.semantic.ref.w39-c1.object,notApplicable,표시의 가시성,comparison,notApplicable,writing|voice|drawing|mixed|deferred,처음 생각과 실제 역사에서 눈에 띈 점 하나와 연령에 따라 선택적 근거; 사용자 원문,notApplicable,"[""history 비교 fallback"", ""최초 예측 사후 변경"", ""같았어요/달랐어요/새롭게 알았어요 고정 카드"", ""AI 분류·요약·채점""]",R2-S39-A,nuvia.history.africa-partition.c1,comparisonCompleted(prediction)+bookPage8+growthReport,nuvia.age.middle-school.v1,"{""resourceId"": ""잠긴 predictionSnapshot과 실제 역사 핵심 한 줄을 참조"", ""cognitiveAction"": ""자유 비교는 PASS 핵심 활동으로 중복 집계하지 않음"", ""allowedAnswerIds"": ""comparisonTag와 고정 비교 카드 폐기""}"
canonicalStage,W39-C1,middle-school,이야기책과 성장 기록을 볼 수 있어요.,같은 결과 기록만 연결해요.,nuvia.semantic.v1_1_r2.w39-c1.middle-school.artifact-link,nuvia.history.africa-partition,nuvia.history.africa-partition.c1,같은 결과의 이야기책·성장 리포트 연결,learner,nuvia.semantic.ref.w39-c1.object,notApplicable,notApplicable,reflection,notApplicable,viewBook|viewReport|print,같은 resultId·missionId·conditionId·버전의 실제 입력만 표시,"[""viewStoryBook"", ""viewGrowthReport"", ""print""]","[""다른 resultId·미션·조건·버전 혼입"", ""없는 값 소급 생성"", ""책7/8 입력 fallback""]",R2-S39-A,nuvia.history.africa-partition.c1,storyBook8Pages+integratedGrowthReport,nuvia.age.middle-school.v1,"{""resourceId"": ""새 응답 자원이 아니라 저장된 같은 resultId 레코드 연결"", ""changedAttribute"": ""이 단계에서 역사 조건을 다시 변경하지 않음"", ""cognitiveAction"": ""결과 열람·인쇄 연결 단계""}"
canonicalStage,W39-C1,high-school,기록에서 요청과 답변의 발언 주체 표시를 볼 수 없다면?,실제 역사와 게임에서 바꿀 조건을 순서대로 확인해요.,nuvia.semantic.v1_1_r2.w39-c1.high-school.condition-understanding,nuvia.history.africa-partition,nuvia.history.africa-partition.c1,실제 역사 확인 후 바뀐 조건 한 가지 이해,learner,nuvia.semantic.ref.w39-c1.object,nuvia.semantic.ref.w39-c1.resource,표시의 가시성,beforeAction,notApplicable,viewActualHistoryThenSelectCondition,실제 역사 FACT와 게임의 CHANGED_CONDITION을 서로 다른 표시·이벤트로 확인,"[""nuvia.history.africa-partition.c1""]","[""nuvia.history.africa-partition.c1.prohibitedClaims"", ""실제 역사와 바꾼 조건을 같은 사실로 표시"", ""다른 조건 fallback""]",R2-S39-A,nuvia.history.africa-partition.c1,historyViewed+conditionSelected,nuvia.age.high-school.v1,"{""cognitiveAction"": ""보기·조건 선택 단계이며 PASS 핵심 활동이 아님""}"
canonicalStage,W39-C1,high-school,요청과 답변의 주체 표시가 안 보이면 기록을 읽는 모습은 어떨까요?,바로 다음 가능성을 한 가지 예상해요.,nuvia.semantic.v1_1_r2.w39-c1.high-school.prediction,nuvia.history.africa-partition,nuvia.history.africa-partition.c1,결과 공개 전 다음 장면 한 가지 예측,learner,nuvia.semantic.ref.w39-c1.object,nuvia.semantic.ref.w39-c1.resource,표시의 가시성,possibleFuture,notApplicable,writing|voice|drawing|deferred,변경 조건 이후의 가까운 다음 모습 한 가지; 정답·적중 점수 없음,notApplicable,"[""nuvia.history.africa-partition.c1.prohibitedClaims"", ""근거·반론·핵심 활동을 한 질문에 함께 요구"", ""결과 공개 후 수정"", ""예측을 실제 역사로 표시""]",notApplicable,nuvia.history.africa-partition.c1,predictionSnapshot,nuvia.age.high-school.v1,"{""cognitiveAction"": ""최초 예측은 PASS 핵심 활동으로 중복 집계하지 않음"", ""allowedAnswerIds"": ""자유 말·글·그림·보류 응답이며 고정 정답 ID를 만들지 않음"", ""sourceFactId"": ""예측 내용은 역사 사실 주장이 아님; 승인 실제 사실은 조건 이해 단계에서 연결""}"
canonicalStage,W39-C1,high-school,기록의 요청과 답변을 발언 주체와 연결해 볼까요?,제시된 대상 사이의 관계를 연결해요.,nuvia.semantic.v1_1_r2.w39-c1.high-school.core-activity,nuvia.history.africa-partition,nuvia.history.africa-partition.c1,승인된 PASS 핵심 인지 활동 수행,learner,nuvia.semantic.ref.w39-c1.object,nuvia.semantic.ref.w39-c1.resource,표시의 가시성,duringAction,mapRelation,action.mapRelation.r2 payload 또는 activityDeferred,기록의 발언-주체 관계 연결 또는 판단 보류,"[""nuvia.history.africa-partition.c1.node.1"", ""nuvia.history.africa-partition.c1.node.2"", ""nuvia.history.africa-partition.c1.node.3"", ""nuvia.history.africa-partition.c1.node.4"", ""nuvia.history.africa-partition.c1.meaning.1"", ""nuvia.history.africa-partition.c1.meaning.2"", ""nuvia.history.africa-partition.c1.meaning.3"", ""nuvia.history.africa-partition.c1.reason.1"", ""nuvia.history.africa-partition.c1.reason.2""]","[""nuvia.history.africa-partition.c1.prohibitedClaims"", ""활동 라벨을 나의 이야기로 저장"", ""입력하지 않은 계획·근거·태도·정확성 생성""]",R2-S39-A,nuvia.history.africa-partition.c1,cognitiveActionRecorded 또는 activityDeferred,nuvia.age.high-school.v1,{}
canonicalStage,W39-C1,high-school,이 조건에서 달라질 수 있는 모습을 살펴봐요.,가능성 하나가 정답이라고 표시하지 않아요.,nuvia.semantic.v1_1_r2.w39-c1.high-school.alternate-result,nuvia.history.africa-partition,nuvia.history.africa-partition.c1,변경 조건에서 가능한 결과 A/B 확인,learner,nuvia.semantic.ref.w39-c1.object,nuvia.semantic.ref.w39-c1.resource,표시의 가시성,immediateResult,notApplicable,viewLevel3PossibilityAOrB,실제 역사와 분리된 Level 3 가능성; 정답이 아님,"[""A"", ""B""]","[""nuvia.history.africa-partition.c1.prohibitedClaims"", ""가능성 A/B를 사실·정답·적중 점수로 표시"", ""장기 결과 단정""]",notApplicable,nuvia.history.africa-partition.c1,alternateViewed,nuvia.age.high-school.v1,"{""cognitiveAction"": ""가능성 열람 단계"", ""sourceFactId"": ""가상 가능성은 출처가 확인하는 실제 사실이 아님""}"
canonicalStage,W39-C1,high-school,나만의 이야기를 말·글·그림으로 남겨 봐요.,남기지 않아도 다른 기록으로 대신 채우지 않아요.,nuvia.semantic.v1_1_r2.w39-c1.high-school.learner-story,nuvia.history.africa-partition,nuvia.history.africa-partition.c1,사용자가 직접 나만의 이야기 남기기,learner,nuvia.semantic.ref.w39-c1.object,notApplicable,표시의 가시성,reflection,notApplicable,writing|voice|drawing|mixed|deferred,사용자가 직접 남긴 말·글·그림 원문 또는 남기지 않음,notApplicable,"[""핵심 활동 라벨·예측·시스템 문구를 사용자 이야기로 복사"", ""사용자 입력이 없는데 이야기 생성"", ""AI 보완·요약·평가""]",notApplicable,nuvia.history.africa-partition.c1,storyRecorded,nuvia.age.high-school.v1,"{""resourceId"": ""말·글·그림 자유 표현이며 고정 역사 자원 선택이 아님"", ""cognitiveAction"": ""자유 창작은 PASS 핵심 활동으로 중복 집계하지 않음"", ""allowedAnswerIds"": ""자유 창작에 고정 답안 없음"", ""sourceFactId"": ""사용자 창작은 승인 역사 사실이 아님""}"
canonicalStage,W39-C1,high-school,"실제 역사와 내가 만든 이야기를 비교해 보고, 가장 눈에 띈 점 하나를 남겨 보세요.",사용자 원문을 그대로 저장해요.,nuvia.semantic.v1_1_r2.w39-c1.high-school.history-comparison,nuvia.history.africa-partition,nuvia.history.africa-partition.c1,실제 역사와 나의 역사 비교,learner,nuvia.semantic.ref.w39-c1.object,notApplicable,표시의 가시성,comparison,notApplicable,writing|voice|drawing|mixed|deferred,가장 눈에 띈 점 하나와 연령에 따라 선택적 근거; 사용자 원문,notApplicable,"[""같았어요/달랐어요/새롭게 알았어요 고정 카드"", ""prediction 비교 fallback"", ""AI 분류·요약·채점""]",R2-S39-A,nuvia.history.africa-partition.c1,comparisonCompleted(history)+bookPage7+growthReport,nuvia.age.high-school.v1,"{""resourceId"": ""실제 역사 요약과 사용자 이야기 참조이며 새 고정 답안 자원이 아님"", ""cognitiveAction"": ""자유 비교는 PASS 핵심 활동으로 중복 집계하지 않음"", ""allowedAnswerIds"": ""comparisonTag와 고정 비교 카드 폐기""}"
canonicalStage,W39-C1,high-school,"처음 생각과 실제 역사를 비교해 보고, 가장 눈에 띈 점 하나를 남겨 보세요.",처음 예측은 바꾸지 않고 사용자 원문을 그대로 저장해요.,nuvia.semantic.v1_1_r2.w39-c1.high-school.prediction-comparison,nuvia.history.africa-partition,nuvia.history.africa-partition.c1,최초 예측과 실제 역사 비교,learner,nuvia.semantic.ref.w39-c1.object,notApplicable,표시의 가시성,comparison,notApplicable,writing|voice|drawing|mixed|deferred,처음 생각과 실제 역사에서 눈에 띈 점 하나와 연령에 따라 선택적 근거; 사용자 원문,notApplicable,"[""history 비교 fallback"", ""최초 예측 사후 변경"", ""같았어요/달랐어요/새롭게 알았어요 고정 카드"", ""AI 분류·요약·채점""]",R2-S39-A,nuvia.history.africa-partition.c1,comparisonCompleted(prediction)+bookPage8+growthReport,nuvia.age.high-school.v1,"{""resourceId"": ""잠긴 predictionSnapshot과 실제 역사 핵심 한 줄을 참조"", ""cognitiveAction"": ""자유 비교는 PASS 핵심 활동으로 중복 집계하지 않음"", ""allowedAnswerIds"": ""comparisonTag와 고정 비교 카드 폐기""}"
canonicalStage,W39-C1,high-school,이야기책과 성장 기록을 볼 수 있어요.,같은 결과 기록만 연결해요.,nuvia.semantic.v1_1_r2.w39-c1.high-school.artifact-link,nuvia.history.africa-partition,nuvia.history.africa-partition.c1,같은 결과의 이야기책·성장 리포트 연결,learner,nuvia.semantic.ref.w39-c1.object,notApplicable,notApplicable,reflection,notApplicable,viewBook|viewReport|print,같은 resultId·missionId·conditionId·버전의 실제 입력만 표시,"[""viewStoryBook"", ""viewGrowthReport"", ""print""]","[""다른 resultId·미션·조건·버전 혼입"", ""없는 값 소급 생성"", ""책7/8 입력 fallback""]",R2-S39-A,nuvia.history.africa-partition.c1,storyBook8Pages+integratedGrowthReport,nuvia.age.high-school.v1,"{""resourceId"": ""새 응답 자원이 아니라 저장된 같은 resultId 레코드 연결"", ""changedAttribute"": ""이 단계에서 역사 조건을 다시 변경하지 않음"", ""cognitiveAction"": ""결과 열람·인쇄 연결 단계""}"
canonicalStage,W39-C1,adult,기록에서 요청과 답변의 발언 주체 표시를 볼 수 없다면?,실제 역사와 게임에서 바꿀 조건을 순서대로 확인해요.,nuvia.semantic.v1_1_r2.w39-c1.adult.condition-understanding,nuvia.history.africa-partition,nuvia.history.africa-partition.c1,실제 역사 확인 후 바뀐 조건 한 가지 이해,learner,nuvia.semantic.ref.w39-c1.object,nuvia.semantic.ref.w39-c1.resource,표시의 가시성,beforeAction,notApplicable,viewActualHistoryThenSelectCondition,실제 역사 FACT와 게임의 CHANGED_CONDITION을 서로 다른 표시·이벤트로 확인,"[""nuvia.history.africa-partition.c1""]","[""nuvia.history.africa-partition.c1.prohibitedClaims"", ""실제 역사와 바꾼 조건을 같은 사실로 표시"", ""다른 조건 fallback""]",R2-S39-A,nuvia.history.africa-partition.c1,historyViewed+conditionSelected,nuvia.age.adult.v1,"{""cognitiveAction"": ""보기·조건 선택 단계이며 PASS 핵심 활동이 아님""}"
canonicalStage,W39-C1,adult,요청과 답변의 주체 표시가 안 보이면 기록을 읽는 모습은 어떨까요?,바로 다음 가능성을 한 가지 예상해요.,nuvia.semantic.v1_1_r2.w39-c1.adult.prediction,nuvia.history.africa-partition,nuvia.history.africa-partition.c1,결과 공개 전 다음 장면 한 가지 예측,learner,nuvia.semantic.ref.w39-c1.object,nuvia.semantic.ref.w39-c1.resource,표시의 가시성,possibleFuture,notApplicable,writing|voice|drawing|deferred,변경 조건 이후의 가까운 다음 모습 한 가지; 정답·적중 점수 없음,notApplicable,"[""nuvia.history.africa-partition.c1.prohibitedClaims"", ""근거·반론·핵심 활동을 한 질문에 함께 요구"", ""결과 공개 후 수정"", ""예측을 실제 역사로 표시""]",notApplicable,nuvia.history.africa-partition.c1,predictionSnapshot,nuvia.age.adult.v1,"{""cognitiveAction"": ""최초 예측은 PASS 핵심 활동으로 중복 집계하지 않음"", ""allowedAnswerIds"": ""자유 말·글·그림·보류 응답이며 고정 정답 ID를 만들지 않음"", ""sourceFactId"": ""예측 내용은 역사 사실 주장이 아님; 승인 실제 사실은 조건 이해 단계에서 연결""}"
canonicalStage,W39-C1,adult,기록의 요청과 답변을 발언 주체와 연결해 볼까요?,제시된 대상 사이의 관계를 연결해요.,nuvia.semantic.v1_1_r2.w39-c1.adult.core-activity,nuvia.history.africa-partition,nuvia.history.africa-partition.c1,승인된 PASS 핵심 인지 활동 수행,learner,nuvia.semantic.ref.w39-c1.object,nuvia.semantic.ref.w39-c1.resource,표시의 가시성,duringAction,mapRelation,action.mapRelation.r2 payload 또는 activityDeferred,기록의 발언-주체 관계 연결 또는 판단 보류,"[""nuvia.history.africa-partition.c1.node.1"", ""nuvia.history.africa-partition.c1.node.2"", ""nuvia.history.africa-partition.c1.node.3"", ""nuvia.history.africa-partition.c1.node.4"", ""nuvia.history.africa-partition.c1.meaning.1"", ""nuvia.history.africa-partition.c1.meaning.2"", ""nuvia.history.africa-partition.c1.meaning.3"", ""nuvia.history.africa-partition.c1.reason.1"", ""nuvia.history.africa-partition.c1.reason.2""]","[""nuvia.history.africa-partition.c1.prohibitedClaims"", ""활동 라벨을 나의 이야기로 저장"", ""입력하지 않은 계획·근거·태도·정확성 생성""]",R2-S39-A,nuvia.history.africa-partition.c1,cognitiveActionRecorded 또는 activityDeferred,nuvia.age.adult.v1,{}
canonicalStage,W39-C1,adult,이 조건에서 달라질 수 있는 모습을 살펴봐요.,가능성 하나가 정답이라고 표시하지 않아요.,nuvia.semantic.v1_1_r2.w39-c1.adult.alternate-result,nuvia.history.africa-partition,nuvia.history.africa-partition.c1,변경 조건에서 가능한 결과 A/B 확인,learner,nuvia.semantic.ref.w39-c1.object,nuvia.semantic.ref.w39-c1.resource,표시의 가시성,immediateResult,notApplicable,viewLevel3PossibilityAOrB,실제 역사와 분리된 Level 3 가능성; 정답이 아님,"[""A"", ""B""]","[""nuvia.history.africa-partition.c1.prohibitedClaims"", ""가능성 A/B를 사실·정답·적중 점수로 표시"", ""장기 결과 단정""]",notApplicable,nuvia.history.africa-partition.c1,alternateViewed,nuvia.age.adult.v1,"{""cognitiveAction"": ""가능성 열람 단계"", ""sourceFactId"": ""가상 가능성은 출처가 확인하는 실제 사실이 아님""}"
canonicalStage,W39-C1,adult,나만의 이야기를 말·글·그림으로 남겨 봐요.,남기지 않아도 다른 기록으로 대신 채우지 않아요.,nuvia.semantic.v1_1_r2.w39-c1.adult.learner-story,nuvia.history.africa-partition,nuvia.history.africa-partition.c1,사용자가 직접 나만의 이야기 남기기,learner,nuvia.semantic.ref.w39-c1.object,notApplicable,표시의 가시성,reflection,notApplicable,writing|voice|drawing|mixed|deferred,사용자가 직접 남긴 말·글·그림 원문 또는 남기지 않음,notApplicable,"[""핵심 활동 라벨·예측·시스템 문구를 사용자 이야기로 복사"", ""사용자 입력이 없는데 이야기 생성"", ""AI 보완·요약·평가""]",notApplicable,nuvia.history.africa-partition.c1,storyRecorded,nuvia.age.adult.v1,"{""resourceId"": ""말·글·그림 자유 표현이며 고정 역사 자원 선택이 아님"", ""cognitiveAction"": ""자유 창작은 PASS 핵심 활동으로 중복 집계하지 않음"", ""allowedAnswerIds"": ""자유 창작에 고정 답안 없음"", ""sourceFactId"": ""사용자 창작은 승인 역사 사실이 아님""}"
canonicalStage,W39-C1,adult,"실제 역사와 내가 만든 이야기를 비교해 보고, 가장 눈에 띈 점 하나를 남겨 보세요.",사용자 원문을 그대로 저장해요.,nuvia.semantic.v1_1_r2.w39-c1.adult.history-comparison,nuvia.history.africa-partition,nuvia.history.africa-partition.c1,실제 역사와 나의 역사 비교,learner,nuvia.semantic.ref.w39-c1.object,notApplicable,표시의 가시성,comparison,notApplicable,writing|voice|drawing|mixed|deferred,가장 눈에 띈 점 하나와 연령에 따라 선택적 근거; 사용자 원문,notApplicable,"[""같았어요/달랐어요/새롭게 알았어요 고정 카드"", ""prediction 비교 fallback"", ""AI 분류·요약·채점""]",R2-S39-A,nuvia.history.africa-partition.c1,comparisonCompleted(history)+bookPage7+growthReport,nuvia.age.adult.v1,"{""resourceId"": ""실제 역사 요약과 사용자 이야기 참조이며 새 고정 답안 자원이 아님"", ""cognitiveAction"": ""자유 비교는 PASS 핵심 활동으로 중복 집계하지 않음"", ""allowedAnswerIds"": ""comparisonTag와 고정 비교 카드 폐기""}"
canonicalStage,W39-C1,adult,"처음 생각과 실제 역사를 비교해 보고, 가장 눈에 띈 점 하나를 남겨 보세요.",처음 예측은 바꾸지 않고 사용자 원문을 그대로 저장해요.,nuvia.semantic.v1_1_r2.w39-c1.adult.prediction-comparison,nuvia.history.africa-partition,nuvia.history.africa-partition.c1,최초 예측과 실제 역사 비교,learner,nuvia.semantic.ref.w39-c1.object,notApplicable,표시의 가시성,comparison,notApplicable,writing|voice|drawing|mixed|deferred,처음 생각과 실제 역사에서 눈에 띈 점 하나와 연령에 따라 선택적 근거; 사용자 원문,notApplicable,"[""history 비교 fallback"", ""최초 예측 사후 변경"", ""같았어요/달랐어요/새롭게 알았어요 고정 카드"", ""AI 분류·요약·채점""]",R2-S39-A,nuvia.history.africa-partition.c1,comparisonCompleted(prediction)+bookPage8+growthReport,nuvia.age.adult.v1,"{""resourceId"": ""잠긴 predictionSnapshot과 실제 역사 핵심 한 줄을 참조"", ""cognitiveAction"": ""자유 비교는 PASS 핵심 활동으로 중복 집계하지 않음"", ""allowedAnswerIds"": ""comparisonTag와 고정 비교 카드 폐기""}"
canonicalStage,W39-C1,adult,이야기책과 성장 기록을 볼 수 있어요.,같은 결과 기록만 연결해요.,nuvia.semantic.v1_1_r2.w39-c1.adult.artifact-link,nuvia.history.africa-partition,nuvia.history.africa-partition.c1,같은 결과의 이야기책·성장 리포트 연결,learner,nuvia.semantic.ref.w39-c1.object,notApplicable,notApplicable,reflection,notApplicable,viewBook|viewReport|print,같은 resultId·missionId·conditionId·버전의 실제 입력만 표시,"[""viewStoryBook"", ""viewGrowthReport"", ""print""]","[""다른 resultId·미션·조건·버전 혼입"", ""없는 값 소급 생성"", ""책7/8 입력 fallback""]",R2-S39-A,nuvia.history.africa-partition.c1,storyBook8Pages+integratedGrowthReport,nuvia.age.adult.v1,"{""resourceId"": ""새 응답 자원이 아니라 저장된 같은 resultId 레코드 연결"", ""changedAttribute"": ""이 단계에서 역사 조건을 다시 변경하지 않음"", ""cognitiveAction"": ""결과 열람·인쇄 연결 단계""}"
canonicalStage,W39-C2,preschool,진술 뒤 건네겠다고 한 참고 문서 사본을 진술 전에 먼저 건넨다면?,실제 역사와 게임에서 바꿀 조건을 순서대로 확인해요.,nuvia.semantic.v1_1_r2.w39-c2.preschool.condition-understanding,nuvia.history.africa-partition,nuvia.history.africa-partition.c2,실제 역사 확인 후 바뀐 조건 한 가지 이해,learner,nuvia.semantic.ref.w39-c2.object,nuvia.semantic.ref.w39-c2.resource,계획된 전달 시점의 앞뒤,beforeAction,notApplicable,viewActualHistoryThenSelectCondition,실제 역사 FACT와 게임의 CHANGED_CONDITION을 서로 다른 표시·이벤트로 확인,"[""nuvia.history.africa-partition.c2""]","[""nuvia.history.africa-partition.c2.prohibitedClaims"", ""실제 역사와 바꾼 조건을 같은 사실로 표시"", ""다른 조건 fallback""]",R2-S39-A,nuvia.history.africa-partition.c2,historyViewed+conditionSelected,nuvia.age.preschool.v1,"{""cognitiveAction"": ""보기·조건 선택 단계이며 PASS 핵심 활동이 아님""}"
canonicalStage,W39-C2,preschool,종이를 말하기 전에 주면 다음 모습은 어떨까요?,다음 모습을 말하거나 그려 봐요.,nuvia.semantic.v1_1_r2.w39-c2.preschool.prediction,nuvia.history.africa-partition,nuvia.history.africa-partition.c2,결과 공개 전 다음 장면 한 가지 예측,learner,nuvia.semantic.ref.w39-c2.object,nuvia.semantic.ref.w39-c2.resource,계획된 전달 시점의 앞뒤,possibleFuture,notApplicable,voice|drawing|deferred,변경 조건 이후의 가까운 다음 모습 한 가지; 정답·적중 점수 없음,notApplicable,"[""nuvia.history.africa-partition.c2.prohibitedClaims"", ""근거·반론·핵심 활동을 한 질문에 함께 요구"", ""결과 공개 후 수정"", ""예측을 실제 역사로 표시""]",notApplicable,nuvia.history.africa-partition.c2,predictionSnapshot,nuvia.age.preschool.v1,"{""cognitiveAction"": ""최초 예측은 PASS 핵심 활동으로 중복 집계하지 않음"", ""allowedAnswerIds"": ""자유 말·글·그림·보류 응답이며 고정 정답 ID를 만들지 않음"", ""sourceFactId"": ""예측 내용은 역사 사실 주장이 아님; 승인 실제 사실은 조건 이해 단계에서 연결""}"
canonicalStage,W39-C2,preschool,"종이를 먼저 줄까요, 말한 뒤 줄까요?",할 일 그림을 차례로 놓아 봐요.,nuvia.semantic.v1_1_r2.w39-c2.preschool.core-activity,nuvia.history.africa-partition,nuvia.history.africa-partition.c2,승인된 PASS 핵심 인지 활동 수행,learner,nuvia.semantic.ref.w39-c2.object,nuvia.semantic.ref.w39-c2.resource,계획된 전달 시점의 앞뒤,duringAction,arrangeSequence,action.arrangeSequence.r2 payload 또는 activityDeferred,전달 계획의 선후 구성; 실제 전달 완료로 승격 금지,"[""nuvia.history.africa-partition.c2.step.1"", ""nuvia.history.africa-partition.c2.step.2"", ""nuvia.history.africa-partition.c2.reason.1"", ""nuvia.history.africa-partition.c2.reason.2"", ""nuvia.history.africa-partition.c2.reason.3""]","[""nuvia.history.africa-partition.c2.prohibitedClaims"", ""활동 라벨을 나의 이야기로 저장"", ""입력하지 않은 계획·근거·태도·정확성 생성""]",R2-S39-A,nuvia.history.africa-partition.c2,cognitiveActionRecorded 또는 activityDeferred,nuvia.age.preschool.v1,{}
canonicalStage,W39-C2,preschool,이 조건에서 달라질 수 있는 모습을 살펴봐요.,가능성 하나가 정답이라고 표시하지 않아요.,nuvia.semantic.v1_1_r2.w39-c2.preschool.alternate-result,nuvia.history.africa-partition,nuvia.history.africa-partition.c2,변경 조건에서 가능한 결과 A/B 확인,learner,nuvia.semantic.ref.w39-c2.object,nuvia.semantic.ref.w39-c2.resource,계획된 전달 시점의 앞뒤,immediateResult,notApplicable,viewLevel3PossibilityAOrB,실제 역사와 분리된 Level 3 가능성; 정답이 아님,"[""A"", ""B""]","[""nuvia.history.africa-partition.c2.prohibitedClaims"", ""가능성 A/B를 사실·정답·적중 점수로 표시"", ""장기 결과 단정""]",notApplicable,nuvia.history.africa-partition.c2,alternateViewed,nuvia.age.preschool.v1,"{""cognitiveAction"": ""가능성 열람 단계"", ""sourceFactId"": ""가상 가능성은 출처가 확인하는 실제 사실이 아님""}"
canonicalStage,W39-C2,preschool,나만의 이야기를 말·글·그림으로 남겨 봐요.,남기지 않아도 다른 기록으로 대신 채우지 않아요.,nuvia.semantic.v1_1_r2.w39-c2.preschool.learner-story,nuvia.history.africa-partition,nuvia.history.africa-partition.c2,사용자가 직접 나만의 이야기 남기기,learner,nuvia.semantic.ref.w39-c2.object,notApplicable,계획된 전달 시점의 앞뒤,reflection,notApplicable,writing|voice|drawing|mixed|deferred,사용자가 직접 남긴 말·글·그림 원문 또는 남기지 않음,notApplicable,"[""핵심 활동 라벨·예측·시스템 문구를 사용자 이야기로 복사"", ""사용자 입력이 없는데 이야기 생성"", ""AI 보완·요약·평가""]",notApplicable,nuvia.history.africa-partition.c2,storyRecorded,nuvia.age.preschool.v1,"{""resourceId"": ""말·글·그림 자유 표현이며 고정 역사 자원 선택이 아님"", ""cognitiveAction"": ""자유 창작은 PASS 핵심 활동으로 중복 집계하지 않음"", ""allowedAnswerIds"": ""자유 창작에 고정 답안 없음"", ""sourceFactId"": ""사용자 창작은 승인 역사 사실이 아님""}"
canonicalStage,W39-C2,preschool,"실제 역사와 내가 만든 이야기를 비교해 보고, 가장 눈에 띈 점 하나를 남겨 보세요.",사용자 원문을 그대로 저장해요.,nuvia.semantic.v1_1_r2.w39-c2.preschool.history-comparison,nuvia.history.africa-partition,nuvia.history.africa-partition.c2,실제 역사와 나의 역사 비교,learner,nuvia.semantic.ref.w39-c2.object,notApplicable,계획된 전달 시점의 앞뒤,comparison,notApplicable,writing|voice|drawing|mixed|deferred,가장 눈에 띈 점 하나와 연령에 따라 선택적 근거; 사용자 원문,notApplicable,"[""같았어요/달랐어요/새롭게 알았어요 고정 카드"", ""prediction 비교 fallback"", ""AI 분류·요약·채점""]",R2-S39-A,nuvia.history.africa-partition.c2,comparisonCompleted(history)+bookPage7+growthReport,nuvia.age.preschool.v1,"{""resourceId"": ""실제 역사 요약과 사용자 이야기 참조이며 새 고정 답안 자원이 아님"", ""cognitiveAction"": ""자유 비교는 PASS 핵심 활동으로 중복 집계하지 않음"", ""allowedAnswerIds"": ""comparisonTag와 고정 비교 카드 폐기""}"
canonicalStage,W39-C2,preschool,"처음 생각과 실제 역사를 비교해 보고, 가장 눈에 띈 점 하나를 남겨 보세요.",처음 예측은 바꾸지 않고 사용자 원문을 그대로 저장해요.,nuvia.semantic.v1_1_r2.w39-c2.preschool.prediction-comparison,nuvia.history.africa-partition,nuvia.history.africa-partition.c2,최초 예측과 실제 역사 비교,learner,nuvia.semantic.ref.w39-c2.object,notApplicable,계획된 전달 시점의 앞뒤,comparison,notApplicable,writing|voice|drawing|mixed|deferred,처음 생각과 실제 역사에서 눈에 띈 점 하나와 연령에 따라 선택적 근거; 사용자 원문,notApplicable,"[""history 비교 fallback"", ""최초 예측 사후 변경"", ""같았어요/달랐어요/새롭게 알았어요 고정 카드"", ""AI 분류·요약·채점""]",R2-S39-A,nuvia.history.africa-partition.c2,comparisonCompleted(prediction)+bookPage8+growthReport,nuvia.age.preschool.v1,"{""resourceId"": ""잠긴 predictionSnapshot과 실제 역사 핵심 한 줄을 참조"", ""cognitiveAction"": ""자유 비교는 PASS 핵심 활동으로 중복 집계하지 않음"", ""allowedAnswerIds"": ""comparisonTag와 고정 비교 카드 폐기""}"
canonicalStage,W39-C2,preschool,이야기책과 성장 기록을 볼 수 있어요.,같은 결과 기록만 연결해요.,nuvia.semantic.v1_1_r2.w39-c2.preschool.artifact-link,nuvia.history.africa-partition,nuvia.history.africa-partition.c2,같은 결과의 이야기책·성장 리포트 연결,learner,nuvia.semantic.ref.w39-c2.object,notApplicable,notApplicable,reflection,notApplicable,viewBook|viewReport|print,같은 resultId·missionId·conditionId·버전의 실제 입력만 표시,"[""viewStoryBook"", ""viewGrowthReport"", ""print""]","[""다른 resultId·미션·조건·버전 혼입"", ""없는 값 소급 생성"", ""책7/8 입력 fallback""]",R2-S39-A,nuvia.history.africa-partition.c2,storyBook8Pages+integratedGrowthReport,nuvia.age.preschool.v1,"{""resourceId"": ""새 응답 자원이 아니라 저장된 같은 resultId 레코드 연결"", ""changedAttribute"": ""이 단계에서 역사 조건을 다시 변경하지 않음"", ""cognitiveAction"": ""결과 열람·인쇄 연결 단계""}"
canonicalStage,W39-C2,elementary-low,진술 뒤 건네겠다고 한 참고 문서 사본을 진술 전에 먼저 건넨다면?,실제 역사와 게임에서 바꿀 조건을 순서대로 확인해요.,nuvia.semantic.v1_1_r2.w39-c2.elementary-low.condition-understanding,nuvia.history.africa-partition,nuvia.history.africa-partition.c2,실제 역사 확인 후 바뀐 조건 한 가지 이해,learner,nuvia.semantic.ref.w39-c2.object,nuvia.semantic.ref.w39-c2.resource,계획된 전달 시점의 앞뒤,beforeAction,notApplicable,viewActualHistoryThenSelectCondition,실제 역사 FACT와 게임의 CHANGED_CONDITION을 서로 다른 표시·이벤트로 확인,"[""nuvia.history.africa-partition.c2""]","[""nuvia.history.africa-partition.c2.prohibitedClaims"", ""실제 역사와 바꾼 조건을 같은 사실로 표시"", ""다른 조건 fallback""]",R2-S39-A,nuvia.history.africa-partition.c2,historyViewed+conditionSelected,nuvia.age.elementary-low.v1,"{""cognitiveAction"": ""보기·조건 선택 단계이며 PASS 핵심 활동이 아님""}"
canonicalStage,W39-C2,elementary-low,종이를 말하기 전에 주면 다음 모습은 어떨까요?,다음 모습을 한 가지 남겨 봐요.,nuvia.semantic.v1_1_r2.w39-c2.elementary-low.prediction,nuvia.history.africa-partition,nuvia.history.africa-partition.c2,결과 공개 전 다음 장면 한 가지 예측,learner,nuvia.semantic.ref.w39-c2.object,nuvia.semantic.ref.w39-c2.resource,계획된 전달 시점의 앞뒤,possibleFuture,notApplicable,voice|drawing|writing|deferred,변경 조건 이후의 가까운 다음 모습 한 가지; 정답·적중 점수 없음,notApplicable,"[""nuvia.history.africa-partition.c2.prohibitedClaims"", ""근거·반론·핵심 활동을 한 질문에 함께 요구"", ""결과 공개 후 수정"", ""예측을 실제 역사로 표시""]",notApplicable,nuvia.history.africa-partition.c2,predictionSnapshot,nuvia.age.elementary-low.v1,"{""cognitiveAction"": ""최초 예측은 PASS 핵심 활동으로 중복 집계하지 않음"", ""allowedAnswerIds"": ""자유 말·글·그림·보류 응답이며 고정 정답 ID를 만들지 않음"", ""sourceFactId"": ""예측 내용은 역사 사실 주장이 아님; 승인 실제 사실은 조건 이해 단계에서 연결""}"
canonicalStage,W39-C2,elementary-low,"종이를 먼저 줄까요, 말한 뒤 줄까요?",할 일 그림을 차례로 놓아 봐요.,nuvia.semantic.v1_1_r2.w39-c2.elementary-low.core-activity,nuvia.history.africa-partition,nuvia.history.africa-partition.c2,승인된 PASS 핵심 인지 활동 수행,learner,nuvia.semantic.ref.w39-c2.object,nuvia.semantic.ref.w39-c2.resource,계획된 전달 시점의 앞뒤,duringAction,arrangeSequence,action.arrangeSequence.r2 payload 또는 activityDeferred,전달 계획의 선후 구성; 실제 전달 완료로 승격 금지,"[""nuvia.history.africa-partition.c2.step.1"", ""nuvia.history.africa-partition.c2.step.2"", ""nuvia.history.africa-partition.c2.reason.1"", ""nuvia.history.africa-partition.c2.reason.2"", ""nuvia.history.africa-partition.c2.reason.3""]","[""nuvia.history.africa-partition.c2.prohibitedClaims"", ""활동 라벨을 나의 이야기로 저장"", ""입력하지 않은 계획·근거·태도·정확성 생성""]",R2-S39-A,nuvia.history.africa-partition.c2,cognitiveActionRecorded 또는 activityDeferred,nuvia.age.elementary-low.v1,{}
canonicalStage,W39-C2,elementary-low,이 조건에서 달라질 수 있는 모습을 살펴봐요.,가능성 하나가 정답이라고 표시하지 않아요.,nuvia.semantic.v1_1_r2.w39-c2.elementary-low.alternate-result,nuvia.history.africa-partition,nuvia.history.africa-partition.c2,변경 조건에서 가능한 결과 A/B 확인,learner,nuvia.semantic.ref.w39-c2.object,nuvia.semantic.ref.w39-c2.resource,계획된 전달 시점의 앞뒤,immediateResult,notApplicable,viewLevel3PossibilityAOrB,실제 역사와 분리된 Level 3 가능성; 정답이 아님,"[""A"", ""B""]","[""nuvia.history.africa-partition.c2.prohibitedClaims"", ""가능성 A/B를 사실·정답·적중 점수로 표시"", ""장기 결과 단정""]",notApplicable,nuvia.history.africa-partition.c2,alternateViewed,nuvia.age.elementary-low.v1,"{""cognitiveAction"": ""가능성 열람 단계"", ""sourceFactId"": ""가상 가능성은 출처가 확인하는 실제 사실이 아님""}"
canonicalStage,W39-C2,elementary-low,나만의 이야기를 말·글·그림으로 남겨 봐요.,남기지 않아도 다른 기록으로 대신 채우지 않아요.,nuvia.semantic.v1_1_r2.w39-c2.elementary-low.learner-story,nuvia.history.africa-partition,nuvia.history.africa-partition.c2,사용자가 직접 나만의 이야기 남기기,learner,nuvia.semantic.ref.w39-c2.object,notApplicable,계획된 전달 시점의 앞뒤,reflection,notApplicable,writing|voice|drawing|mixed|deferred,사용자가 직접 남긴 말·글·그림 원문 또는 남기지 않음,notApplicable,"[""핵심 활동 라벨·예측·시스템 문구를 사용자 이야기로 복사"", ""사용자 입력이 없는데 이야기 생성"", ""AI 보완·요약·평가""]",notApplicable,nuvia.history.africa-partition.c2,storyRecorded,nuvia.age.elementary-low.v1,"{""resourceId"": ""말·글·그림 자유 표현이며 고정 역사 자원 선택이 아님"", ""cognitiveAction"": ""자유 창작은 PASS 핵심 활동으로 중복 집계하지 않음"", ""allowedAnswerIds"": ""자유 창작에 고정 답안 없음"", ""sourceFactId"": ""사용자 창작은 승인 역사 사실이 아님""}"
canonicalStage,W39-C2,elementary-low,"실제 역사와 내가 만든 이야기를 비교해 보고, 가장 눈에 띈 점 하나를 남겨 보세요.",사용자 원문을 그대로 저장해요.,nuvia.semantic.v1_1_r2.w39-c2.elementary-low.history-comparison,nuvia.history.africa-partition,nuvia.history.africa-partition.c2,실제 역사와 나의 역사 비교,learner,nuvia.semantic.ref.w39-c2.object,notApplicable,계획된 전달 시점의 앞뒤,comparison,notApplicable,writing|voice|drawing|mixed|deferred,가장 눈에 띈 점 하나와 연령에 따라 선택적 근거; 사용자 원문,notApplicable,"[""같았어요/달랐어요/새롭게 알았어요 고정 카드"", ""prediction 비교 fallback"", ""AI 분류·요약·채점""]",R2-S39-A,nuvia.history.africa-partition.c2,comparisonCompleted(history)+bookPage7+growthReport,nuvia.age.elementary-low.v1,"{""resourceId"": ""실제 역사 요약과 사용자 이야기 참조이며 새 고정 답안 자원이 아님"", ""cognitiveAction"": ""자유 비교는 PASS 핵심 활동으로 중복 집계하지 않음"", ""allowedAnswerIds"": ""comparisonTag와 고정 비교 카드 폐기""}"
canonicalStage,W39-C2,elementary-low,"처음 생각과 실제 역사를 비교해 보고, 가장 눈에 띈 점 하나를 남겨 보세요.",처음 예측은 바꾸지 않고 사용자 원문을 그대로 저장해요.,nuvia.semantic.v1_1_r2.w39-c2.elementary-low.prediction-comparison,nuvia.history.africa-partition,nuvia.history.africa-partition.c2,최초 예측과 실제 역사 비교,learner,nuvia.semantic.ref.w39-c2.object,notApplicable,계획된 전달 시점의 앞뒤,comparison,notApplicable,writing|voice|drawing|mixed|deferred,처음 생각과 실제 역사에서 눈에 띈 점 하나와 연령에 따라 선택적 근거; 사용자 원문,notApplicable,"[""history 비교 fallback"", ""최초 예측 사후 변경"", ""같았어요/달랐어요/새롭게 알았어요 고정 카드"", ""AI 분류·요약·채점""]",R2-S39-A,nuvia.history.africa-partition.c2,comparisonCompleted(prediction)+bookPage8+growthReport,nuvia.age.elementary-low.v1,"{""resourceId"": ""잠긴 predictionSnapshot과 실제 역사 핵심 한 줄을 참조"", ""cognitiveAction"": ""자유 비교는 PASS 핵심 활동으로 중복 집계하지 않음"", ""allowedAnswerIds"": ""comparisonTag와 고정 비교 카드 폐기""}"
canonicalStage,W39-C2,elementary-low,이야기책과 성장 기록을 볼 수 있어요.,같은 결과 기록만 연결해요.,nuvia.semantic.v1_1_r2.w39-c2.elementary-low.artifact-link,nuvia.history.africa-partition,nuvia.history.africa-partition.c2,같은 결과의 이야기책·성장 리포트 연결,learner,nuvia.semantic.ref.w39-c2.object,notApplicable,notApplicable,reflection,notApplicable,viewBook|viewReport|print,같은 resultId·missionId·conditionId·버전의 실제 입력만 표시,"[""viewStoryBook"", ""viewGrowthReport"", ""print""]","[""다른 resultId·미션·조건·버전 혼입"", ""없는 값 소급 생성"", ""책7/8 입력 fallback""]",R2-S39-A,nuvia.history.africa-partition.c2,storyBook8Pages+integratedGrowthReport,nuvia.age.elementary-low.v1,"{""resourceId"": ""새 응답 자원이 아니라 저장된 같은 resultId 레코드 연결"", ""changedAttribute"": ""이 단계에서 역사 조건을 다시 변경하지 않음"", ""cognitiveAction"": ""결과 열람·인쇄 연결 단계""}"
canonicalStage,W39-C2,elementary-high,진술 뒤 건네겠다고 한 참고 문서 사본을 진술 전에 먼저 건넨다면?,실제 역사와 게임에서 바꿀 조건을 순서대로 확인해요.,nuvia.semantic.v1_1_r2.w39-c2.elementary-high.condition-understanding,nuvia.history.africa-partition,nuvia.history.africa-partition.c2,실제 역사 확인 후 바뀐 조건 한 가지 이해,learner,nuvia.semantic.ref.w39-c2.object,nuvia.semantic.ref.w39-c2.resource,계획된 전달 시점의 앞뒤,beforeAction,notApplicable,viewActualHistoryThenSelectCondition,실제 역사 FACT와 게임의 CHANGED_CONDITION을 서로 다른 표시·이벤트로 확인,"[""nuvia.history.africa-partition.c2""]","[""nuvia.history.africa-partition.c2.prohibitedClaims"", ""실제 역사와 바꾼 조건을 같은 사실로 표시"", ""다른 조건 fallback""]",R2-S39-A,nuvia.history.africa-partition.c2,historyViewed+conditionSelected,nuvia.age.elementary-high.v1,"{""cognitiveAction"": ""보기·조건 선택 단계이며 PASS 핵심 활동이 아님""}"
canonicalStage,W39-C2,elementary-high,문서 사본을 진술 전에 건네면 자료를 살피는 모습은 어떨까요?,바로 다음 모습을 한 가지 예상해요.,nuvia.semantic.v1_1_r2.w39-c2.elementary-high.prediction,nuvia.history.africa-partition,nuvia.history.africa-partition.c2,결과 공개 전 다음 장면 한 가지 예측,learner,nuvia.semantic.ref.w39-c2.object,nuvia.semantic.ref.w39-c2.resource,계획된 전달 시점의 앞뒤,possibleFuture,notApplicable,writing|voice|drawing|deferred,변경 조건 이후의 가까운 다음 모습 한 가지; 정답·적중 점수 없음,notApplicable,"[""nuvia.history.africa-partition.c2.prohibitedClaims"", ""근거·반론·핵심 활동을 한 질문에 함께 요구"", ""결과 공개 후 수정"", ""예측을 실제 역사로 표시""]",notApplicable,nuvia.history.africa-partition.c2,predictionSnapshot,nuvia.age.elementary-high.v1,"{""cognitiveAction"": ""최초 예측은 PASS 핵심 활동으로 중복 집계하지 않음"", ""allowedAnswerIds"": ""자유 말·글·그림·보류 응답이며 고정 정답 ID를 만들지 않음"", ""sourceFactId"": ""예측 내용은 역사 사실 주장이 아님; 승인 실제 사실은 조건 이해 단계에서 연결""}"
canonicalStage,W39-C2,elementary-high,말하기와 문서 건네기의 차례를 놓아 볼까요?,할 일을 앞뒤 차례로 놓아요.,nuvia.semantic.v1_1_r2.w39-c2.elementary-high.core-activity,nuvia.history.africa-partition,nuvia.history.africa-partition.c2,승인된 PASS 핵심 인지 활동 수행,learner,nuvia.semantic.ref.w39-c2.object,nuvia.semantic.ref.w39-c2.resource,계획된 전달 시점의 앞뒤,duringAction,arrangeSequence,action.arrangeSequence.r2 payload 또는 activityDeferred,전달 계획의 선후 구성; 실제 전달 완료로 승격 금지,"[""nuvia.history.africa-partition.c2.step.1"", ""nuvia.history.africa-partition.c2.step.2"", ""nuvia.history.africa-partition.c2.reason.1"", ""nuvia.history.africa-partition.c2.reason.2"", ""nuvia.history.africa-partition.c2.reason.3""]","[""nuvia.history.africa-partition.c2.prohibitedClaims"", ""활동 라벨을 나의 이야기로 저장"", ""입력하지 않은 계획·근거·태도·정확성 생성""]",R2-S39-A,nuvia.history.africa-partition.c2,cognitiveActionRecorded 또는 activityDeferred,nuvia.age.elementary-high.v1,{}
canonicalStage,W39-C2,elementary-high,이 조건에서 달라질 수 있는 모습을 살펴봐요.,가능성 하나가 정답이라고 표시하지 않아요.,nuvia.semantic.v1_1_r2.w39-c2.elementary-high.alternate-result,nuvia.history.africa-partition,nuvia.history.africa-partition.c2,변경 조건에서 가능한 결과 A/B 확인,learner,nuvia.semantic.ref.w39-c2.object,nuvia.semantic.ref.w39-c2.resource,계획된 전달 시점의 앞뒤,immediateResult,notApplicable,viewLevel3PossibilityAOrB,실제 역사와 분리된 Level 3 가능성; 정답이 아님,"[""A"", ""B""]","[""nuvia.history.africa-partition.c2.prohibitedClaims"", ""가능성 A/B를 사실·정답·적중 점수로 표시"", ""장기 결과 단정""]",notApplicable,nuvia.history.africa-partition.c2,alternateViewed,nuvia.age.elementary-high.v1,"{""cognitiveAction"": ""가능성 열람 단계"", ""sourceFactId"": ""가상 가능성은 출처가 확인하는 실제 사실이 아님""}"
canonicalStage,W39-C2,elementary-high,나만의 이야기를 말·글·그림으로 남겨 봐요.,남기지 않아도 다른 기록으로 대신 채우지 않아요.,nuvia.semantic.v1_1_r2.w39-c2.elementary-high.learner-story,nuvia.history.africa-partition,nuvia.history.africa-partition.c2,사용자가 직접 나만의 이야기 남기기,learner,nuvia.semantic.ref.w39-c2.object,notApplicable,계획된 전달 시점의 앞뒤,reflection,notApplicable,writing|voice|drawing|mixed|deferred,사용자가 직접 남긴 말·글·그림 원문 또는 남기지 않음,notApplicable,"[""핵심 활동 라벨·예측·시스템 문구를 사용자 이야기로 복사"", ""사용자 입력이 없는데 이야기 생성"", ""AI 보완·요약·평가""]",notApplicable,nuvia.history.africa-partition.c2,storyRecorded,nuvia.age.elementary-high.v1,"{""resourceId"": ""말·글·그림 자유 표현이며 고정 역사 자원 선택이 아님"", ""cognitiveAction"": ""자유 창작은 PASS 핵심 활동으로 중복 집계하지 않음"", ""allowedAnswerIds"": ""자유 창작에 고정 답안 없음"", ""sourceFactId"": ""사용자 창작은 승인 역사 사실이 아님""}"
canonicalStage,W39-C2,elementary-high,"실제 역사와 내가 만든 이야기를 비교해 보고, 가장 눈에 띈 점 하나를 남겨 보세요.",사용자 원문을 그대로 저장해요.,nuvia.semantic.v1_1_r2.w39-c2.elementary-high.history-comparison,nuvia.history.africa-partition,nuvia.history.africa-partition.c2,실제 역사와 나의 역사 비교,learner,nuvia.semantic.ref.w39-c2.object,notApplicable,계획된 전달 시점의 앞뒤,comparison,notApplicable,writing|voice|drawing|mixed|deferred,가장 눈에 띈 점 하나와 연령에 따라 선택적 근거; 사용자 원문,notApplicable,"[""같았어요/달랐어요/새롭게 알았어요 고정 카드"", ""prediction 비교 fallback"", ""AI 분류·요약·채점""]",R2-S39-A,nuvia.history.africa-partition.c2,comparisonCompleted(history)+bookPage7+growthReport,nuvia.age.elementary-high.v1,"{""resourceId"": ""실제 역사 요약과 사용자 이야기 참조이며 새 고정 답안 자원이 아님"", ""cognitiveAction"": ""자유 비교는 PASS 핵심 활동으로 중복 집계하지 않음"", ""allowedAnswerIds"": ""comparisonTag와 고정 비교 카드 폐기""}"
canonicalStage,W39-C2,elementary-high,"처음 생각과 실제 역사를 비교해 보고, 가장 눈에 띈 점 하나를 남겨 보세요.",처음 예측은 바꾸지 않고 사용자 원문을 그대로 저장해요.,nuvia.semantic.v1_1_r2.w39-c2.elementary-high.prediction-comparison,nuvia.history.africa-partition,nuvia.history.africa-partition.c2,최초 예측과 실제 역사 비교,learner,nuvia.semantic.ref.w39-c2.object,notApplicable,계획된 전달 시점의 앞뒤,comparison,notApplicable,writing|voice|drawing|mixed|deferred,처음 생각과 실제 역사에서 눈에 띈 점 하나와 연령에 따라 선택적 근거; 사용자 원문,notApplicable,"[""history 비교 fallback"", ""최초 예측 사후 변경"", ""같았어요/달랐어요/새롭게 알았어요 고정 카드"", ""AI 분류·요약·채점""]",R2-S39-A,nuvia.history.africa-partition.c2,comparisonCompleted(prediction)+bookPage8+growthReport,nuvia.age.elementary-high.v1,"{""resourceId"": ""잠긴 predictionSnapshot과 실제 역사 핵심 한 줄을 참조"", ""cognitiveAction"": ""자유 비교는 PASS 핵심 활동으로 중복 집계하지 않음"", ""allowedAnswerIds"": ""comparisonTag와 고정 비교 카드 폐기""}"
canonicalStage,W39-C2,elementary-high,이야기책과 성장 기록을 볼 수 있어요.,같은 결과 기록만 연결해요.,nuvia.semantic.v1_1_r2.w39-c2.elementary-high.artifact-link,nuvia.history.africa-partition,nuvia.history.africa-partition.c2,같은 결과의 이야기책·성장 리포트 연결,learner,nuvia.semantic.ref.w39-c2.object,notApplicable,notApplicable,reflection,notApplicable,viewBook|viewReport|print,같은 resultId·missionId·conditionId·버전의 실제 입력만 표시,"[""viewStoryBook"", ""viewGrowthReport"", ""print""]","[""다른 resultId·미션·조건·버전 혼입"", ""없는 값 소급 생성"", ""책7/8 입력 fallback""]",R2-S39-A,nuvia.history.africa-partition.c2,storyBook8Pages+integratedGrowthReport,nuvia.age.elementary-high.v1,"{""resourceId"": ""새 응답 자원이 아니라 저장된 같은 resultId 레코드 연결"", ""changedAttribute"": ""이 단계에서 역사 조건을 다시 변경하지 않음"", ""cognitiveAction"": ""결과 열람·인쇄 연결 단계""}"
canonicalStage,W39-C2,middle-school,진술 뒤 건네겠다고 한 참고 문서 사본을 진술 전에 먼저 건넨다면?,실제 역사와 게임에서 바꿀 조건을 순서대로 확인해요.,nuvia.semantic.v1_1_r2.w39-c2.middle-school.condition-understanding,nuvia.history.africa-partition,nuvia.history.africa-partition.c2,실제 역사 확인 후 바뀐 조건 한 가지 이해,learner,nuvia.semantic.ref.w39-c2.object,nuvia.semantic.ref.w39-c2.resource,계획된 전달 시점의 앞뒤,beforeAction,notApplicable,viewActualHistoryThenSelectCondition,실제 역사 FACT와 게임의 CHANGED_CONDITION을 서로 다른 표시·이벤트로 확인,"[""nuvia.history.africa-partition.c2""]","[""nuvia.history.africa-partition.c2.prohibitedClaims"", ""실제 역사와 바꾼 조건을 같은 사실로 표시"", ""다른 조건 fallback""]",R2-S39-A,nuvia.history.africa-partition.c2,historyViewed+conditionSelected,nuvia.age.middle-school.v1,"{""cognitiveAction"": ""보기·조건 선택 단계이며 PASS 핵심 활동이 아님""}"
canonicalStage,W39-C2,middle-school,문서 사본을 진술 전에 건네면 자료를 살피는 모습은 어떨까요?,바로 다음 가능성을 한 가지 예상해요.,nuvia.semantic.v1_1_r2.w39-c2.middle-school.prediction,nuvia.history.africa-partition,nuvia.history.africa-partition.c2,결과 공개 전 다음 장면 한 가지 예측,learner,nuvia.semantic.ref.w39-c2.object,nuvia.semantic.ref.w39-c2.resource,계획된 전달 시점의 앞뒤,possibleFuture,notApplicable,writing|voice|drawing|deferred,변경 조건 이후의 가까운 다음 모습 한 가지; 정답·적중 점수 없음,notApplicable,"[""nuvia.history.africa-partition.c2.prohibitedClaims"", ""근거·반론·핵심 활동을 한 질문에 함께 요구"", ""결과 공개 후 수정"", ""예측을 실제 역사로 표시""]",notApplicable,nuvia.history.africa-partition.c2,predictionSnapshot,nuvia.age.middle-school.v1,"{""cognitiveAction"": ""최초 예측은 PASS 핵심 활동으로 중복 집계하지 않음"", ""allowedAnswerIds"": ""자유 말·글·그림·보류 응답이며 고정 정답 ID를 만들지 않음"", ""sourceFactId"": ""예측 내용은 역사 사실 주장이 아님; 승인 실제 사실은 조건 이해 단계에서 연결""}"
canonicalStage,W39-C2,middle-school,진술과 문서 전달의 앞뒤 차례를 구성해 볼까요?,할 일을 앞뒤 차례로 놓아요.,nuvia.semantic.v1_1_r2.w39-c2.middle-school.core-activity,nuvia.history.africa-partition,nuvia.history.africa-partition.c2,승인된 PASS 핵심 인지 활동 수행,learner,nuvia.semantic.ref.w39-c2.object,nuvia.semantic.ref.w39-c2.resource,계획된 전달 시점의 앞뒤,duringAction,arrangeSequence,action.arrangeSequence.r2 payload 또는 activityDeferred,전달 계획의 선후 구성; 실제 전달 완료로 승격 금지,"[""nuvia.history.africa-partition.c2.step.1"", ""nuvia.history.africa-partition.c2.step.2"", ""nuvia.history.africa-partition.c2.reason.1"", ""nuvia.history.africa-partition.c2.reason.2"", ""nuvia.history.africa-partition.c2.reason.3""]","[""nuvia.history.africa-partition.c2.prohibitedClaims"", ""활동 라벨을 나의 이야기로 저장"", ""입력하지 않은 계획·근거·태도·정확성 생성""]",R2-S39-A,nuvia.history.africa-partition.c2,cognitiveActionRecorded 또는 activityDeferred,nuvia.age.middle-school.v1,{}
canonicalStage,W39-C2,middle-school,이 조건에서 달라질 수 있는 모습을 살펴봐요.,가능성 하나가 정답이라고 표시하지 않아요.,nuvia.semantic.v1_1_r2.w39-c2.middle-school.alternate-result,nuvia.history.africa-partition,nuvia.history.africa-partition.c2,변경 조건에서 가능한 결과 A/B 확인,learner,nuvia.semantic.ref.w39-c2.object,nuvia.semantic.ref.w39-c2.resource,계획된 전달 시점의 앞뒤,immediateResult,notApplicable,viewLevel3PossibilityAOrB,실제 역사와 분리된 Level 3 가능성; 정답이 아님,"[""A"", ""B""]","[""nuvia.history.africa-partition.c2.prohibitedClaims"", ""가능성 A/B를 사실·정답·적중 점수로 표시"", ""장기 결과 단정""]",notApplicable,nuvia.history.africa-partition.c2,alternateViewed,nuvia.age.middle-school.v1,"{""cognitiveAction"": ""가능성 열람 단계"", ""sourceFactId"": ""가상 가능성은 출처가 확인하는 실제 사실이 아님""}"
canonicalStage,W39-C2,middle-school,나만의 이야기를 말·글·그림으로 남겨 봐요.,남기지 않아도 다른 기록으로 대신 채우지 않아요.,nuvia.semantic.v1_1_r2.w39-c2.middle-school.learner-story,nuvia.history.africa-partition,nuvia.history.africa-partition.c2,사용자가 직접 나만의 이야기 남기기,learner,nuvia.semantic.ref.w39-c2.object,notApplicable,계획된 전달 시점의 앞뒤,reflection,notApplicable,writing|voice|drawing|mixed|deferred,사용자가 직접 남긴 말·글·그림 원문 또는 남기지 않음,notApplicable,"[""핵심 활동 라벨·예측·시스템 문구를 사용자 이야기로 복사"", ""사용자 입력이 없는데 이야기 생성"", ""AI 보완·요약·평가""]",notApplicable,nuvia.history.africa-partition.c2,storyRecorded,nuvia.age.middle-school.v1,"{""resourceId"": ""말·글·그림 자유 표현이며 고정 역사 자원 선택이 아님"", ""cognitiveAction"": ""자유 창작은 PASS 핵심 활동으로 중복 집계하지 않음"", ""allowedAnswerIds"": ""자유 창작에 고정 답안 없음"", ""sourceFactId"": ""사용자 창작은 승인 역사 사실이 아님""}"
canonicalStage,W39-C2,middle-school,"실제 역사와 내가 만든 이야기를 비교해 보고, 가장 눈에 띈 점 하나를 남겨 보세요.",사용자 원문을 그대로 저장해요.,nuvia.semantic.v1_1_r2.w39-c2.middle-school.history-comparison,nuvia.history.africa-partition,nuvia.history.africa-partition.c2,실제 역사와 나의 역사 비교,learner,nuvia.semantic.ref.w39-c2.object,notApplicable,계획된 전달 시점의 앞뒤,comparison,notApplicable,writing|voice|drawing|mixed|deferred,가장 눈에 띈 점 하나와 연령에 따라 선택적 근거; 사용자 원문,notApplicable,"[""같았어요/달랐어요/새롭게 알았어요 고정 카드"", ""prediction 비교 fallback"", ""AI 분류·요약·채점""]",R2-S39-A,nuvia.history.africa-partition.c2,comparisonCompleted(history)+bookPage7+growthReport,nuvia.age.middle-school.v1,"{""resourceId"": ""실제 역사 요약과 사용자 이야기 참조이며 새 고정 답안 자원이 아님"", ""cognitiveAction"": ""자유 비교는 PASS 핵심 활동으로 중복 집계하지 않음"", ""allowedAnswerIds"": ""comparisonTag와 고정 비교 카드 폐기""}"
canonicalStage,W39-C2,middle-school,"처음 생각과 실제 역사를 비교해 보고, 가장 눈에 띈 점 하나를 남겨 보세요.",처음 예측은 바꾸지 않고 사용자 원문을 그대로 저장해요.,nuvia.semantic.v1_1_r2.w39-c2.middle-school.prediction-comparison,nuvia.history.africa-partition,nuvia.history.africa-partition.c2,최초 예측과 실제 역사 비교,learner,nuvia.semantic.ref.w39-c2.object,notApplicable,계획된 전달 시점의 앞뒤,comparison,notApplicable,writing|voice|drawing|mixed|deferred,처음 생각과 실제 역사에서 눈에 띈 점 하나와 연령에 따라 선택적 근거; 사용자 원문,notApplicable,"[""history 비교 fallback"", ""최초 예측 사후 변경"", ""같았어요/달랐어요/새롭게 알았어요 고정 카드"", ""AI 분류·요약·채점""]",R2-S39-A,nuvia.history.africa-partition.c2,comparisonCompleted(prediction)+bookPage8+growthReport,nuvia.age.middle-school.v1,"{""resourceId"": ""잠긴 predictionSnapshot과 실제 역사 핵심 한 줄을 참조"", ""cognitiveAction"": ""자유 비교는 PASS 핵심 활동으로 중복 집계하지 않음"", ""allowedAnswerIds"": ""comparisonTag와 고정 비교 카드 폐기""}"
canonicalStage,W39-C2,middle-school,이야기책과 성장 기록을 볼 수 있어요.,같은 결과 기록만 연결해요.,nuvia.semantic.v1_1_r2.w39-c2.middle-school.artifact-link,nuvia.history.africa-partition,nuvia.history.africa-partition.c2,같은 결과의 이야기책·성장 리포트 연결,learner,nuvia.semantic.ref.w39-c2.object,notApplicable,notApplicable,reflection,notApplicable,viewBook|viewReport|print,같은 resultId·missionId·conditionId·버전의 실제 입력만 표시,"[""viewStoryBook"", ""viewGrowthReport"", ""print""]","[""다른 resultId·미션·조건·버전 혼입"", ""없는 값 소급 생성"", ""책7/8 입력 fallback""]",R2-S39-A,nuvia.history.africa-partition.c2,storyBook8Pages+integratedGrowthReport,nuvia.age.middle-school.v1,"{""resourceId"": ""새 응답 자원이 아니라 저장된 같은 resultId 레코드 연결"", ""changedAttribute"": ""이 단계에서 역사 조건을 다시 변경하지 않음"", ""cognitiveAction"": ""결과 열람·인쇄 연결 단계""}"
canonicalStage,W39-C2,high-school,진술 뒤 건네겠다고 한 참고 문서 사본을 진술 전에 먼저 건넨다면?,실제 역사와 게임에서 바꿀 조건을 순서대로 확인해요.,nuvia.semantic.v1_1_r2.w39-c2.high-school.condition-understanding,nuvia.history.africa-partition,nuvia.history.africa-partition.c2,실제 역사 확인 후 바뀐 조건 한 가지 이해,learner,nuvia.semantic.ref.w39-c2.object,nuvia.semantic.ref.w39-c2.resource,계획된 전달 시점의 앞뒤,beforeAction,notApplicable,viewActualHistoryThenSelectCondition,실제 역사 FACT와 게임의 CHANGED_CONDITION을 서로 다른 표시·이벤트로 확인,"[""nuvia.history.africa-partition.c2""]","[""nuvia.history.africa-partition.c2.prohibitedClaims"", ""실제 역사와 바꾼 조건을 같은 사실로 표시"", ""다른 조건 fallback""]",R2-S39-A,nuvia.history.africa-partition.c2,historyViewed+conditionSelected,nuvia.age.high-school.v1,"{""cognitiveAction"": ""보기·조건 선택 단계이며 PASS 핵심 활동이 아님""}"
canonicalStage,W39-C2,high-school,문서 사본을 진술 전에 건네면 자료를 살피는 모습은 어떨까요?,바로 다음 가능성을 한 가지 예상해요.,nuvia.semantic.v1_1_r2.w39-c2.high-school.prediction,nuvia.history.africa-partition,nuvia.history.africa-partition.c2,결과 공개 전 다음 장면 한 가지 예측,learner,nuvia.semantic.ref.w39-c2.object,nuvia.semantic.ref.w39-c2.resource,계획된 전달 시점의 앞뒤,possibleFuture,notApplicable,writing|voice|drawing|deferred,변경 조건 이후의 가까운 다음 모습 한 가지; 정답·적중 점수 없음,notApplicable,"[""nuvia.history.africa-partition.c2.prohibitedClaims"", ""근거·반론·핵심 활동을 한 질문에 함께 요구"", ""결과 공개 후 수정"", ""예측을 실제 역사로 표시""]",notApplicable,nuvia.history.africa-partition.c2,predictionSnapshot,nuvia.age.high-school.v1,"{""cognitiveAction"": ""최초 예측은 PASS 핵심 활동으로 중복 집계하지 않음"", ""allowedAnswerIds"": ""자유 말·글·그림·보류 응답이며 고정 정답 ID를 만들지 않음"", ""sourceFactId"": ""예측 내용은 역사 사실 주장이 아님; 승인 실제 사실은 조건 이해 단계에서 연결""}"
canonicalStage,W39-C2,high-school,진술과 문서 전달의 앞뒤 차례를 구성해 볼까요?,할 일을 앞뒤 차례로 놓아요.,nuvia.semantic.v1_1_r2.w39-c2.high-school.core-activity,nuvia.history.africa-partition,nuvia.history.africa-partition.c2,승인된 PASS 핵심 인지 활동 수행,learner,nuvia.semantic.ref.w39-c2.object,nuvia.semantic.ref.w39-c2.resource,계획된 전달 시점의 앞뒤,duringAction,arrangeSequence,action.arrangeSequence.r2 payload 또는 activityDeferred,전달 계획의 선후 구성; 실제 전달 완료로 승격 금지,"[""nuvia.history.africa-partition.c2.step.1"", ""nuvia.history.africa-partition.c2.step.2"", ""nuvia.history.africa-partition.c2.reason.1"", ""nuvia.history.africa-partition.c2.reason.2"", ""nuvia.history.africa-partition.c2.reason.3""]","[""nuvia.history.africa-partition.c2.prohibitedClaims"", ""활동 라벨을 나의 이야기로 저장"", ""입력하지 않은 계획·근거·태도·정확성 생성""]",R2-S39-A,nuvia.history.africa-partition.c2,cognitiveActionRecorded 또는 activityDeferred,nuvia.age.high-school.v1,{}
canonicalStage,W39-C2,high-school,이 조건에서 달라질 수 있는 모습을 살펴봐요.,가능성 하나가 정답이라고 표시하지 않아요.,nuvia.semantic.v1_1_r2.w39-c2.high-school.alternate-result,nuvia.history.africa-partition,nuvia.history.africa-partition.c2,변경 조건에서 가능한 결과 A/B 확인,learner,nuvia.semantic.ref.w39-c2.object,nuvia.semantic.ref.w39-c2.resource,계획된 전달 시점의 앞뒤,immediateResult,notApplicable,viewLevel3PossibilityAOrB,실제 역사와 분리된 Level 3 가능성; 정답이 아님,"[""A"", ""B""]","[""nuvia.history.africa-partition.c2.prohibitedClaims"", ""가능성 A/B를 사실·정답·적중 점수로 표시"", ""장기 결과 단정""]",notApplicable,nuvia.history.africa-partition.c2,alternateViewed,nuvia.age.high-school.v1,"{""cognitiveAction"": ""가능성 열람 단계"", ""sourceFactId"": ""가상 가능성은 출처가 확인하는 실제 사실이 아님""}"
canonicalStage,W39-C2,high-school,나만의 이야기를 말·글·그림으로 남겨 봐요.,남기지 않아도 다른 기록으로 대신 채우지 않아요.,nuvia.semantic.v1_1_r2.w39-c2.high-school.learner-story,nuvia.history.africa-partition,nuvia.history.africa-partition.c2,사용자가 직접 나만의 이야기 남기기,learner,nuvia.semantic.ref.w39-c2.object,notApplicable,계획된 전달 시점의 앞뒤,reflection,notApplicable,writing|voice|drawing|mixed|deferred,사용자가 직접 남긴 말·글·그림 원문 또는 남기지 않음,notApplicable,"[""핵심 활동 라벨·예측·시스템 문구를 사용자 이야기로 복사"", ""사용자 입력이 없는데 이야기 생성"", ""AI 보완·요약·평가""]",notApplicable,nuvia.history.africa-partition.c2,storyRecorded,nuvia.age.high-school.v1,"{""resourceId"": ""말·글·그림 자유 표현이며 고정 역사 자원 선택이 아님"", ""cognitiveAction"": ""자유 창작은 PASS 핵심 활동으로 중복 집계하지 않음"", ""allowedAnswerIds"": ""자유 창작에 고정 답안 없음"", ""sourceFactId"": ""사용자 창작은 승인 역사 사실이 아님""}"
canonicalStage,W39-C2,high-school,"실제 역사와 내가 만든 이야기를 비교해 보고, 가장 눈에 띈 점 하나를 남겨 보세요.",사용자 원문을 그대로 저장해요.,nuvia.semantic.v1_1_r2.w39-c2.high-school.history-comparison,nuvia.history.africa-partition,nuvia.history.africa-partition.c2,실제 역사와 나의 역사 비교,learner,nuvia.semantic.ref.w39-c2.object,notApplicable,계획된 전달 시점의 앞뒤,comparison,notApplicable,writing|voice|drawing|mixed|deferred,가장 눈에 띈 점 하나와 연령에 따라 선택적 근거; 사용자 원문,notApplicable,"[""같았어요/달랐어요/새롭게 알았어요 고정 카드"", ""prediction 비교 fallback"", ""AI 분류·요약·채점""]",R2-S39-A,nuvia.history.africa-partition.c2,comparisonCompleted(history)+bookPage7+growthReport,nuvia.age.high-school.v1,"{""resourceId"": ""실제 역사 요약과 사용자 이야기 참조이며 새 고정 답안 자원이 아님"", ""cognitiveAction"": ""자유 비교는 PASS 핵심 활동으로 중복 집계하지 않음"", ""allowedAnswerIds"": ""comparisonTag와 고정 비교 카드 폐기""}"
canonicalStage,W39-C2,high-school,"처음 생각과 실제 역사를 비교해 보고, 가장 눈에 띈 점 하나를 남겨 보세요.",처음 예측은 바꾸지 않고 사용자 원문을 그대로 저장해요.,nuvia.semantic.v1_1_r2.w39-c2.high-school.prediction-comparison,nuvia.history.africa-partition,nuvia.history.africa-partition.c2,최초 예측과 실제 역사 비교,learner,nuvia.semantic.ref.w39-c2.object,notApplicable,계획된 전달 시점의 앞뒤,comparison,notApplicable,writing|voice|drawing|mixed|deferred,처음 생각과 실제 역사에서 눈에 띈 점 하나와 연령에 따라 선택적 근거; 사용자 원문,notApplicable,"[""history 비교 fallback"", ""최초 예측 사후 변경"", ""같았어요/달랐어요/새롭게 알았어요 고정 카드"", ""AI 분류·요약·채점""]",R2-S39-A,nuvia.history.africa-partition.c2,comparisonCompleted(prediction)+bookPage8+growthReport,nuvia.age.high-school.v1,"{""resourceId"": ""잠긴 predictionSnapshot과 실제 역사 핵심 한 줄을 참조"", ""cognitiveAction"": ""자유 비교는 PASS 핵심 활동으로 중복 집계하지 않음"", ""allowedAnswerIds"": ""comparisonTag와 고정 비교 카드 폐기""}"
canonicalStage,W39-C2,high-school,이야기책과 성장 기록을 볼 수 있어요.,같은 결과 기록만 연결해요.,nuvia.semantic.v1_1_r2.w39-c2.high-school.artifact-link,nuvia.history.africa-partition,nuvia.history.africa-partition.c2,같은 결과의 이야기책·성장 리포트 연결,learner,nuvia.semantic.ref.w39-c2.object,notApplicable,notApplicable,reflection,notApplicable,viewBook|viewReport|print,같은 resultId·missionId·conditionId·버전의 실제 입력만 표시,"[""viewStoryBook"", ""viewGrowthReport"", ""print""]","[""다른 resultId·미션·조건·버전 혼입"", ""없는 값 소급 생성"", ""책7/8 입력 fallback""]",R2-S39-A,nuvia.history.africa-partition.c2,storyBook8Pages+integratedGrowthReport,nuvia.age.high-school.v1,"{""resourceId"": ""새 응답 자원이 아니라 저장된 같은 resultId 레코드 연결"", ""changedAttribute"": ""이 단계에서 역사 조건을 다시 변경하지 않음"", ""cognitiveAction"": ""결과 열람·인쇄 연결 단계""}"
canonicalStage,W39-C2,adult,진술 뒤 건네겠다고 한 참고 문서 사본을 진술 전에 먼저 건넨다면?,실제 역사와 게임에서 바꿀 조건을 순서대로 확인해요.,nuvia.semantic.v1_1_r2.w39-c2.adult.condition-understanding,nuvia.history.africa-partition,nuvia.history.africa-partition.c2,실제 역사 확인 후 바뀐 조건 한 가지 이해,learner,nuvia.semantic.ref.w39-c2.object,nuvia.semantic.ref.w39-c2.resource,계획된 전달 시점의 앞뒤,beforeAction,notApplicable,viewActualHistoryThenSelectCondition,실제 역사 FACT와 게임의 CHANGED_CONDITION을 서로 다른 표시·이벤트로 확인,"[""nuvia.history.africa-partition.c2""]","[""nuvia.history.africa-partition.c2.prohibitedClaims"", ""실제 역사와 바꾼 조건을 같은 사실로 표시"", ""다른 조건 fallback""]",R2-S39-A,nuvia.history.africa-partition.c2,historyViewed+conditionSelected,nuvia.age.adult.v1,"{""cognitiveAction"": ""보기·조건 선택 단계이며 PASS 핵심 활동이 아님""}"
canonicalStage,W39-C2,adult,문서 사본을 진술 전에 건네면 자료를 살피는 모습은 어떨까요?,바로 다음 가능성을 한 가지 예상해요.,nuvia.semantic.v1_1_r2.w39-c2.adult.prediction,nuvia.history.africa-partition,nuvia.history.africa-partition.c2,결과 공개 전 다음 장면 한 가지 예측,learner,nuvia.semantic.ref.w39-c2.object,nuvia.semantic.ref.w39-c2.resource,계획된 전달 시점의 앞뒤,possibleFuture,notApplicable,writing|voice|drawing|deferred,변경 조건 이후의 가까운 다음 모습 한 가지; 정답·적중 점수 없음,notApplicable,"[""nuvia.history.africa-partition.c2.prohibitedClaims"", ""근거·반론·핵심 활동을 한 질문에 함께 요구"", ""결과 공개 후 수정"", ""예측을 실제 역사로 표시""]",notApplicable,nuvia.history.africa-partition.c2,predictionSnapshot,nuvia.age.adult.v1,"{""cognitiveAction"": ""최초 예측은 PASS 핵심 활동으로 중복 집계하지 않음"", ""allowedAnswerIds"": ""자유 말·글·그림·보류 응답이며 고정 정답 ID를 만들지 않음"", ""sourceFactId"": ""예측 내용은 역사 사실 주장이 아님; 승인 실제 사실은 조건 이해 단계에서 연결""}"
canonicalStage,W39-C2,adult,진술과 문서 전달의 앞뒤 차례를 구성해 볼까요?,할 일을 앞뒤 차례로 놓아요.,nuvia.semantic.v1_1_r2.w39-c2.adult.core-activity,nuvia.history.africa-partition,nuvia.history.africa-partition.c2,승인된 PASS 핵심 인지 활동 수행,learner,nuvia.semantic.ref.w39-c2.object,nuvia.semantic.ref.w39-c2.resource,계획된 전달 시점의 앞뒤,duringAction,arrangeSequence,action.arrangeSequence.r2 payload 또는 activityDeferred,전달 계획의 선후 구성; 실제 전달 완료로 승격 금지,"[""nuvia.history.africa-partition.c2.step.1"", ""nuvia.history.africa-partition.c2.step.2"", ""nuvia.history.africa-partition.c2.reason.1"", ""nuvia.history.africa-partition.c2.reason.2"", ""nuvia.history.africa-partition.c2.reason.3""]","[""nuvia.history.africa-partition.c2.prohibitedClaims"", ""활동 라벨을 나의 이야기로 저장"", ""입력하지 않은 계획·근거·태도·정확성 생성""]",R2-S39-A,nuvia.history.africa-partition.c2,cognitiveActionRecorded 또는 activityDeferred,nuvia.age.adult.v1,{}
canonicalStage,W39-C2,adult,이 조건에서 달라질 수 있는 모습을 살펴봐요.,가능성 하나가 정답이라고 표시하지 않아요.,nuvia.semantic.v1_1_r2.w39-c2.adult.alternate-result,nuvia.history.africa-partition,nuvia.history.africa-partition.c2,변경 조건에서 가능한 결과 A/B 확인,learner,nuvia.semantic.ref.w39-c2.object,nuvia.semantic.ref.w39-c2.resource,계획된 전달 시점의 앞뒤,immediateResult,notApplicable,viewLevel3PossibilityAOrB,실제 역사와 분리된 Level 3 가능성; 정답이 아님,"[""A"", ""B""]","[""nuvia.history.africa-partition.c2.prohibitedClaims"", ""가능성 A/B를 사실·정답·적중 점수로 표시"", ""장기 결과 단정""]",notApplicable,nuvia.history.africa-partition.c2,alternateViewed,nuvia.age.adult.v1,"{""cognitiveAction"": ""가능성 열람 단계"", ""sourceFactId"": ""가상 가능성은 출처가 확인하는 실제 사실이 아님""}"
canonicalStage,W39-C2,adult,나만의 이야기를 말·글·그림으로 남겨 봐요.,남기지 않아도 다른 기록으로 대신 채우지 않아요.,nuvia.semantic.v1_1_r2.w39-c2.adult.learner-story,nuvia.history.africa-partition,nuvia.history.africa-partition.c2,사용자가 직접 나만의 이야기 남기기,learner,nuvia.semantic.ref.w39-c2.object,notApplicable,계획된 전달 시점의 앞뒤,reflection,notApplicable,writing|voice|drawing|mixed|deferred,사용자가 직접 남긴 말·글·그림 원문 또는 남기지 않음,notApplicable,"[""핵심 활동 라벨·예측·시스템 문구를 사용자 이야기로 복사"", ""사용자 입력이 없는데 이야기 생성"", ""AI 보완·요약·평가""]",notApplicable,nuvia.history.africa-partition.c2,storyRecorded,nuvia.age.adult.v1,"{""resourceId"": ""말·글·그림 자유 표현이며 고정 역사 자원 선택이 아님"", ""cognitiveAction"": ""자유 창작은 PASS 핵심 활동으로 중복 집계하지 않음"", ""allowedAnswerIds"": ""자유 창작에 고정 답안 없음"", ""sourceFactId"": ""사용자 창작은 승인 역사 사실이 아님""}"
canonicalStage,W39-C2,adult,"실제 역사와 내가 만든 이야기를 비교해 보고, 가장 눈에 띈 점 하나를 남겨 보세요.",사용자 원문을 그대로 저장해요.,nuvia.semantic.v1_1_r2.w39-c2.adult.history-comparison,nuvia.history.africa-partition,nuvia.history.africa-partition.c2,실제 역사와 나의 역사 비교,learner,nuvia.semantic.ref.w39-c2.object,notApplicable,계획된 전달 시점의 앞뒤,comparison,notApplicable,writing|voice|drawing|mixed|deferred,가장 눈에 띈 점 하나와 연령에 따라 선택적 근거; 사용자 원문,notApplicable,"[""같았어요/달랐어요/새롭게 알았어요 고정 카드"", ""prediction 비교 fallback"", ""AI 분류·요약·채점""]",R2-S39-A,nuvia.history.africa-partition.c2,comparisonCompleted(history)+bookPage7+growthReport,nuvia.age.adult.v1,"{""resourceId"": ""실제 역사 요약과 사용자 이야기 참조이며 새 고정 답안 자원이 아님"", ""cognitiveAction"": ""자유 비교는 PASS 핵심 활동으로 중복 집계하지 않음"", ""allowedAnswerIds"": ""comparisonTag와 고정 비교 카드 폐기""}"
canonicalStage,W39-C2,adult,"처음 생각과 실제 역사를 비교해 보고, 가장 눈에 띈 점 하나를 남겨 보세요.",처음 예측은 바꾸지 않고 사용자 원문을 그대로 저장해요.,nuvia.semantic.v1_1_r2.w39-c2.adult.prediction-comparison,nuvia.history.africa-partition,nuvia.history.africa-partition.c2,최초 예측과 실제 역사 비교,learner,nuvia.semantic.ref.w39-c2.object,notApplicable,계획된 전달 시점의 앞뒤,comparison,notApplicable,writing|voice|drawing|mixed|deferred,처음 생각과 실제 역사에서 눈에 띈 점 하나와 연령에 따라 선택적 근거; 사용자 원문,notApplicable,"[""history 비교 fallback"", ""최초 예측 사후 변경"", ""같았어요/달랐어요/새롭게 알았어요 고정 카드"", ""AI 분류·요약·채점""]",R2-S39-A,nuvia.history.africa-partition.c2,comparisonCompleted(prediction)+bookPage8+growthReport,nuvia.age.adult.v1,"{""resourceId"": ""잠긴 predictionSnapshot과 실제 역사 핵심 한 줄을 참조"", ""cognitiveAction"": ""자유 비교는 PASS 핵심 활동으로 중복 집계하지 않음"", ""allowedAnswerIds"": ""comparisonTag와 고정 비교 카드 폐기""}"
canonicalStage,W39-C2,adult,이야기책과 성장 기록을 볼 수 있어요.,같은 결과 기록만 연결해요.,nuvia.semantic.v1_1_r2.w39-c2.adult.artifact-link,nuvia.history.africa-partition,nuvia.history.africa-partition.c2,같은 결과의 이야기책·성장 리포트 연결,learner,nuvia.semantic.ref.w39-c2.object,notApplicable,notApplicable,reflection,notApplicable,viewBook|viewReport|print,같은 resultId·missionId·conditionId·버전의 실제 입력만 표시,"[""viewStoryBook"", ""viewGrowthReport"", ""print""]","[""다른 resultId·미션·조건·버전 혼입"", ""없는 값 소급 생성"", ""책7/8 입력 fallback""]",R2-S39-A,nuvia.history.africa-partition.c2,storyBook8Pages+integratedGrowthReport,nuvia.age.adult.v1,"{""resourceId"": ""새 응답 자원이 아니라 저장된 같은 resultId 레코드 연결"", ""changedAttribute"": ""이 단계에서 역사 조건을 다시 변경하지 않음"", ""cognitiveAction"": ""결과 열람·인쇄 연결 단계""}"
canonicalStage,W44-C1,preschool,제1조 첫 문구가 ‘all human beings’ 대신 ‘all men’으로 남았다면?,실제 역사와 게임에서 바꿀 조건을 순서대로 확인해요.,nuvia.semantic.v1_1_r2.w44-c1.preschool.condition-understanding,nuvia.history.un-human-rights,nuvia.history.un-human-rights.c1,실제 역사 확인 후 바뀐 조건 한 가지 이해,learner,nuvia.semantic.ref.w44-c1.object,nuvia.semantic.ref.w44-c1.resource,all human beings 대신 all men,beforeAction,notApplicable,viewActualHistoryThenSelectCondition,실제 역사 FACT와 게임의 CHANGED_CONDITION을 서로 다른 표시·이벤트로 확인,"[""nuvia.history.un-human-rights.c1""]","[""nuvia.history.un-human-rights.c1.prohibitedClaims"", ""실제 역사와 바꾼 조건을 같은 사실로 표시"", ""다른 조건 fallback""]","[""R2-S44-A"", ""R2-S44-B"", ""R2-S44-C"", ""R2-S44-D""]",nuvia.history.un-human-rights.c1,historyViewed+conditionSelected,nuvia.age.preschool.v1,"{""cognitiveAction"": ""보기·조건 선택 단계이며 PASS 핵심 활동이 아님""}"
canonicalStage,W44-C1,preschool,"말을 바꾼 뒤, 누구를 뜻하는지 알아보기 쉬울까요?",다음 모습을 말하거나 그려 봐요.,nuvia.semantic.v1_1_r2.w44-c1.preschool.prediction,nuvia.history.un-human-rights,nuvia.history.un-human-rights.c1,결과 공개 전 다음 장면 한 가지 예측,learner,nuvia.semantic.ref.w44-c1.object,nuvia.semantic.ref.w44-c1.resource,all human beings 대신 all men,possibleFuture,notApplicable,voice|drawing|deferred,변경 조건 이후의 가까운 다음 모습 한 가지; 정답·적중 점수 없음,notApplicable,"[""nuvia.history.un-human-rights.c1.prohibitedClaims"", ""근거·반론·핵심 활동을 한 질문에 함께 요구"", ""결과 공개 후 수정"", ""예측을 실제 역사로 표시""]",notApplicable,nuvia.history.un-human-rights.c1,predictionSnapshot,nuvia.age.preschool.v1,"{""cognitiveAction"": ""최초 예측은 PASS 핵심 활동으로 중복 집계하지 않음"", ""allowedAnswerIds"": ""자유 말·글·그림·보류 응답이며 고정 정답 ID를 만들지 않음"", ""sourceFactId"": ""예측 내용은 역사 사실 주장이 아님; 승인 실제 사실은 조건 이해 단계에서 연결""}"
canonicalStage,W44-C1,preschool,이 말은 누구를 가리킬까요?,두 모습을 나란히 살펴봐요.,nuvia.semantic.v1_1_r2.w44-c1.preschool.core-activity,nuvia.history.un-human-rights,nuvia.history.un-human-rights.c1,승인된 PASS 핵심 인지 활동 수행,learner,nuvia.semantic.ref.w44-c1.object,nuvia.semantic.ref.w44-c1.resource,all human beings 대신 all men,duringAction,compareStructures,action.compareStructures.r2 payload 또는 activityDeferred,같은 사람 집합을 유지한 표현-범위 관계 비교,"[""nuvia.history.un-human-rights.c1.left.1"", ""nuvia.history.un-human-rights.c1.right.1"", ""nuvia.history.un-human-rights.c1.reason.1"", ""nuvia.history.un-human-rights.c1.reason.2"", ""nuvia.history.un-human-rights.c1.reason.3""]","[""nuvia.history.un-human-rights.c1.prohibitedClaims"", ""활동 라벨을 나의 이야기로 저장"", ""입력하지 않은 계획·근거·태도·정확성 생성""]","[""R2-S44-A"", ""R2-S44-B"", ""R2-S44-C"", ""R2-S44-D""]",nuvia.history.un-human-rights.c1,cognitiveActionRecorded 또는 activityDeferred,nuvia.age.preschool.v1,{}
canonicalStage,W44-C1,preschool,이 조건에서 달라질 수 있는 모습을 살펴봐요.,가능성 하나가 정답이라고 표시하지 않아요.,nuvia.semantic.v1_1_r2.w44-c1.preschool.alternate-result,nuvia.history.un-human-rights,nuvia.history.un-human-rights.c1,변경 조건에서 가능한 결과 A/B 확인,learner,nuvia.semantic.ref.w44-c1.object,nuvia.semantic.ref.w44-c1.resource,all human beings 대신 all men,immediateResult,notApplicable,viewLevel3PossibilityAOrB,실제 역사와 분리된 Level 3 가능성; 정답이 아님,"[""A"", ""B""]","[""nuvia.history.un-human-rights.c1.prohibitedClaims"", ""가능성 A/B를 사실·정답·적중 점수로 표시"", ""장기 결과 단정""]",notApplicable,nuvia.history.un-human-rights.c1,alternateViewed,nuvia.age.preschool.v1,"{""cognitiveAction"": ""가능성 열람 단계"", ""sourceFactId"": ""가상 가능성은 출처가 확인하는 실제 사실이 아님""}"
canonicalStage,W44-C1,preschool,나만의 이야기를 말·글·그림으로 남겨 봐요.,남기지 않아도 다른 기록으로 대신 채우지 않아요.,nuvia.semantic.v1_1_r2.w44-c1.preschool.learner-story,nuvia.history.un-human-rights,nuvia.history.un-human-rights.c1,사용자가 직접 나만의 이야기 남기기,learner,nuvia.semantic.ref.w44-c1.object,notApplicable,all human beings 대신 all men,reflection,notApplicable,writing|voice|drawing|mixed|deferred,사용자가 직접 남긴 말·글·그림 원문 또는 남기지 않음,notApplicable,"[""핵심 활동 라벨·예측·시스템 문구를 사용자 이야기로 복사"", ""사용자 입력이 없는데 이야기 생성"", ""AI 보완·요약·평가""]",notApplicable,nuvia.history.un-human-rights.c1,storyRecorded,nuvia.age.preschool.v1,"{""resourceId"": ""말·글·그림 자유 표현이며 고정 역사 자원 선택이 아님"", ""cognitiveAction"": ""자유 창작은 PASS 핵심 활동으로 중복 집계하지 않음"", ""allowedAnswerIds"": ""자유 창작에 고정 답안 없음"", ""sourceFactId"": ""사용자 창작은 승인 역사 사실이 아님""}"
canonicalStage,W44-C1,preschool,"실제 역사와 내가 만든 이야기를 비교해 보고, 가장 눈에 띈 점 하나를 남겨 보세요.",사용자 원문을 그대로 저장해요.,nuvia.semantic.v1_1_r2.w44-c1.preschool.history-comparison,nuvia.history.un-human-rights,nuvia.history.un-human-rights.c1,실제 역사와 나의 역사 비교,learner,nuvia.semantic.ref.w44-c1.object,notApplicable,all human beings 대신 all men,comparison,notApplicable,writing|voice|drawing|mixed|deferred,가장 눈에 띈 점 하나와 연령에 따라 선택적 근거; 사용자 원문,notApplicable,"[""같았어요/달랐어요/새롭게 알았어요 고정 카드"", ""prediction 비교 fallback"", ""AI 분류·요약·채점""]","[""R2-S44-A"", ""R2-S44-B"", ""R2-S44-C"", ""R2-S44-D""]",nuvia.history.un-human-rights.c1,comparisonCompleted(history)+bookPage7+growthReport,nuvia.age.preschool.v1,"{""resourceId"": ""실제 역사 요약과 사용자 이야기 참조이며 새 고정 답안 자원이 아님"", ""cognitiveAction"": ""자유 비교는 PASS 핵심 활동으로 중복 집계하지 않음"", ""allowedAnswerIds"": ""comparisonTag와 고정 비교 카드 폐기""}"
canonicalStage,W44-C1,preschool,"처음 생각과 실제 역사를 비교해 보고, 가장 눈에 띈 점 하나를 남겨 보세요.",처음 예측은 바꾸지 않고 사용자 원문을 그대로 저장해요.,nuvia.semantic.v1_1_r2.w44-c1.preschool.prediction-comparison,nuvia.history.un-human-rights,nuvia.history.un-human-rights.c1,최초 예측과 실제 역사 비교,learner,nuvia.semantic.ref.w44-c1.object,notApplicable,all human beings 대신 all men,comparison,notApplicable,writing|voice|drawing|mixed|deferred,처음 생각과 실제 역사에서 눈에 띈 점 하나와 연령에 따라 선택적 근거; 사용자 원문,notApplicable,"[""history 비교 fallback"", ""최초 예측 사후 변경"", ""같았어요/달랐어요/새롭게 알았어요 고정 카드"", ""AI 분류·요약·채점""]","[""R2-S44-A"", ""R2-S44-B"", ""R2-S44-C"", ""R2-S44-D""]",nuvia.history.un-human-rights.c1,comparisonCompleted(prediction)+bookPage8+growthReport,nuvia.age.preschool.v1,"{""resourceId"": ""잠긴 predictionSnapshot과 실제 역사 핵심 한 줄을 참조"", ""cognitiveAction"": ""자유 비교는 PASS 핵심 활동으로 중복 집계하지 않음"", ""allowedAnswerIds"": ""comparisonTag와 고정 비교 카드 폐기""}"
canonicalStage,W44-C1,preschool,이야기책과 성장 기록을 볼 수 있어요.,같은 결과 기록만 연결해요.,nuvia.semantic.v1_1_r2.w44-c1.preschool.artifact-link,nuvia.history.un-human-rights,nuvia.history.un-human-rights.c1,같은 결과의 이야기책·성장 리포트 연결,learner,nuvia.semantic.ref.w44-c1.object,notApplicable,notApplicable,reflection,notApplicable,viewBook|viewReport|print,같은 resultId·missionId·conditionId·버전의 실제 입력만 표시,"[""viewStoryBook"", ""viewGrowthReport"", ""print""]","[""다른 resultId·미션·조건·버전 혼입"", ""없는 값 소급 생성"", ""책7/8 입력 fallback""]","[""R2-S44-A"", ""R2-S44-B"", ""R2-S44-C"", ""R2-S44-D""]",nuvia.history.un-human-rights.c1,storyBook8Pages+integratedGrowthReport,nuvia.age.preschool.v1,"{""resourceId"": ""새 응답 자원이 아니라 저장된 같은 resultId 레코드 연결"", ""changedAttribute"": ""이 단계에서 역사 조건을 다시 변경하지 않음"", ""cognitiveAction"": ""결과 열람·인쇄 연결 단계""}"
canonicalStage,W44-C1,elementary-low,제1조 첫 문구가 ‘all human beings’ 대신 ‘all men’으로 남았다면?,실제 역사와 게임에서 바꿀 조건을 순서대로 확인해요.,nuvia.semantic.v1_1_r2.w44-c1.elementary-low.condition-understanding,nuvia.history.un-human-rights,nuvia.history.un-human-rights.c1,실제 역사 확인 후 바뀐 조건 한 가지 이해,learner,nuvia.semantic.ref.w44-c1.object,nuvia.semantic.ref.w44-c1.resource,all human beings 대신 all men,beforeAction,notApplicable,viewActualHistoryThenSelectCondition,실제 역사 FACT와 게임의 CHANGED_CONDITION을 서로 다른 표시·이벤트로 확인,"[""nuvia.history.un-human-rights.c1""]","[""nuvia.history.un-human-rights.c1.prohibitedClaims"", ""실제 역사와 바꾼 조건을 같은 사실로 표시"", ""다른 조건 fallback""]","[""R2-S44-A"", ""R2-S44-B"", ""R2-S44-C"", ""R2-S44-D""]",nuvia.history.un-human-rights.c1,historyViewed+conditionSelected,nuvia.age.elementary-low.v1,"{""cognitiveAction"": ""보기·조건 선택 단계이며 PASS 핵심 활동이 아님""}"
canonicalStage,W44-C1,elementary-low,"말을 바꾼 뒤, 누구를 뜻하는지 알아보기 쉬울까요?",다음 모습을 한 가지 남겨 봐요.,nuvia.semantic.v1_1_r2.w44-c1.elementary-low.prediction,nuvia.history.un-human-rights,nuvia.history.un-human-rights.c1,결과 공개 전 다음 장면 한 가지 예측,learner,nuvia.semantic.ref.w44-c1.object,nuvia.semantic.ref.w44-c1.resource,all human beings 대신 all men,possibleFuture,notApplicable,voice|drawing|writing|deferred,변경 조건 이후의 가까운 다음 모습 한 가지; 정답·적중 점수 없음,notApplicable,"[""nuvia.history.un-human-rights.c1.prohibitedClaims"", ""근거·반론·핵심 활동을 한 질문에 함께 요구"", ""결과 공개 후 수정"", ""예측을 실제 역사로 표시""]",notApplicable,nuvia.history.un-human-rights.c1,predictionSnapshot,nuvia.age.elementary-low.v1,"{""cognitiveAction"": ""최초 예측은 PASS 핵심 활동으로 중복 집계하지 않음"", ""allowedAnswerIds"": ""자유 말·글·그림·보류 응답이며 고정 정답 ID를 만들지 않음"", ""sourceFactId"": ""예측 내용은 역사 사실 주장이 아님; 승인 실제 사실은 조건 이해 단계에서 연결""}"
canonicalStage,W44-C1,elementary-low,이 말은 누구를 가리킬까요?,두 모습을 나란히 살펴봐요.,nuvia.semantic.v1_1_r2.w44-c1.elementary-low.core-activity,nuvia.history.un-human-rights,nuvia.history.un-human-rights.c1,승인된 PASS 핵심 인지 활동 수행,learner,nuvia.semantic.ref.w44-c1.object,nuvia.semantic.ref.w44-c1.resource,all human beings 대신 all men,duringAction,compareStructures,action.compareStructures.r2 payload 또는 activityDeferred,같은 사람 집합을 유지한 표현-범위 관계 비교,"[""nuvia.history.un-human-rights.c1.left.1"", ""nuvia.history.un-human-rights.c1.right.1"", ""nuvia.history.un-human-rights.c1.reason.1"", ""nuvia.history.un-human-rights.c1.reason.2"", ""nuvia.history.un-human-rights.c1.reason.3""]","[""nuvia.history.un-human-rights.c1.prohibitedClaims"", ""활동 라벨을 나의 이야기로 저장"", ""입력하지 않은 계획·근거·태도·정확성 생성""]","[""R2-S44-A"", ""R2-S44-B"", ""R2-S44-C"", ""R2-S44-D""]",nuvia.history.un-human-rights.c1,cognitiveActionRecorded 또는 activityDeferred,nuvia.age.elementary-low.v1,{}
canonicalStage,W44-C1,elementary-low,이 조건에서 달라질 수 있는 모습을 살펴봐요.,가능성 하나가 정답이라고 표시하지 않아요.,nuvia.semantic.v1_1_r2.w44-c1.elementary-low.alternate-result,nuvia.history.un-human-rights,nuvia.history.un-human-rights.c1,변경 조건에서 가능한 결과 A/B 확인,learner,nuvia.semantic.ref.w44-c1.object,nuvia.semantic.ref.w44-c1.resource,all human beings 대신 all men,immediateResult,notApplicable,viewLevel3PossibilityAOrB,실제 역사와 분리된 Level 3 가능성; 정답이 아님,"[""A"", ""B""]","[""nuvia.history.un-human-rights.c1.prohibitedClaims"", ""가능성 A/B를 사실·정답·적중 점수로 표시"", ""장기 결과 단정""]",notApplicable,nuvia.history.un-human-rights.c1,alternateViewed,nuvia.age.elementary-low.v1,"{""cognitiveAction"": ""가능성 열람 단계"", ""sourceFactId"": ""가상 가능성은 출처가 확인하는 실제 사실이 아님""}"
canonicalStage,W44-C1,elementary-low,나만의 이야기를 말·글·그림으로 남겨 봐요.,남기지 않아도 다른 기록으로 대신 채우지 않아요.,nuvia.semantic.v1_1_r2.w44-c1.elementary-low.learner-story,nuvia.history.un-human-rights,nuvia.history.un-human-rights.c1,사용자가 직접 나만의 이야기 남기기,learner,nuvia.semantic.ref.w44-c1.object,notApplicable,all human beings 대신 all men,reflection,notApplicable,writing|voice|drawing|mixed|deferred,사용자가 직접 남긴 말·글·그림 원문 또는 남기지 않음,notApplicable,"[""핵심 활동 라벨·예측·시스템 문구를 사용자 이야기로 복사"", ""사용자 입력이 없는데 이야기 생성"", ""AI 보완·요약·평가""]",notApplicable,nuvia.history.un-human-rights.c1,storyRecorded,nuvia.age.elementary-low.v1,"{""resourceId"": ""말·글·그림 자유 표현이며 고정 역사 자원 선택이 아님"", ""cognitiveAction"": ""자유 창작은 PASS 핵심 활동으로 중복 집계하지 않음"", ""allowedAnswerIds"": ""자유 창작에 고정 답안 없음"", ""sourceFactId"": ""사용자 창작은 승인 역사 사실이 아님""}"
canonicalStage,W44-C1,elementary-low,"실제 역사와 내가 만든 이야기를 비교해 보고, 가장 눈에 띈 점 하나를 남겨 보세요.",사용자 원문을 그대로 저장해요.,nuvia.semantic.v1_1_r2.w44-c1.elementary-low.history-comparison,nuvia.history.un-human-rights,nuvia.history.un-human-rights.c1,실제 역사와 나의 역사 비교,learner,nuvia.semantic.ref.w44-c1.object,notApplicable,all human beings 대신 all men,comparison,notApplicable,writing|voice|drawing|mixed|deferred,가장 눈에 띈 점 하나와 연령에 따라 선택적 근거; 사용자 원문,notApplicable,"[""같았어요/달랐어요/새롭게 알았어요 고정 카드"", ""prediction 비교 fallback"", ""AI 분류·요약·채점""]","[""R2-S44-A"", ""R2-S44-B"", ""R2-S44-C"", ""R2-S44-D""]",nuvia.history.un-human-rights.c1,comparisonCompleted(history)+bookPage7+growthReport,nuvia.age.elementary-low.v1,"{""resourceId"": ""실제 역사 요약과 사용자 이야기 참조이며 새 고정 답안 자원이 아님"", ""cognitiveAction"": ""자유 비교는 PASS 핵심 활동으로 중복 집계하지 않음"", ""allowedAnswerIds"": ""comparisonTag와 고정 비교 카드 폐기""}"
canonicalStage,W44-C1,elementary-low,"처음 생각과 실제 역사를 비교해 보고, 가장 눈에 띈 점 하나를 남겨 보세요.",처음 예측은 바꾸지 않고 사용자 원문을 그대로 저장해요.,nuvia.semantic.v1_1_r2.w44-c1.elementary-low.prediction-comparison,nuvia.history.un-human-rights,nuvia.history.un-human-rights.c1,최초 예측과 실제 역사 비교,learner,nuvia.semantic.ref.w44-c1.object,notApplicable,all human beings 대신 all men,comparison,notApplicable,writing|voice|drawing|mixed|deferred,처음 생각과 실제 역사에서 눈에 띈 점 하나와 연령에 따라 선택적 근거; 사용자 원문,notApplicable,"[""history 비교 fallback"", ""최초 예측 사후 변경"", ""같았어요/달랐어요/새롭게 알았어요 고정 카드"", ""AI 분류·요약·채점""]","[""R2-S44-A"", ""R2-S44-B"", ""R2-S44-C"", ""R2-S44-D""]",nuvia.history.un-human-rights.c1,comparisonCompleted(prediction)+bookPage8+growthReport,nuvia.age.elementary-low.v1,"{""resourceId"": ""잠긴 predictionSnapshot과 실제 역사 핵심 한 줄을 참조"", ""cognitiveAction"": ""자유 비교는 PASS 핵심 활동으로 중복 집계하지 않음"", ""allowedAnswerIds"": ""comparisonTag와 고정 비교 카드 폐기""}"
canonicalStage,W44-C1,elementary-low,이야기책과 성장 기록을 볼 수 있어요.,같은 결과 기록만 연결해요.,nuvia.semantic.v1_1_r2.w44-c1.elementary-low.artifact-link,nuvia.history.un-human-rights,nuvia.history.un-human-rights.c1,같은 결과의 이야기책·성장 리포트 연결,learner,nuvia.semantic.ref.w44-c1.object,notApplicable,notApplicable,reflection,notApplicable,viewBook|viewReport|print,같은 resultId·missionId·conditionId·버전의 실제 입력만 표시,"[""viewStoryBook"", ""viewGrowthReport"", ""print""]","[""다른 resultId·미션·조건·버전 혼입"", ""없는 값 소급 생성"", ""책7/8 입력 fallback""]","[""R2-S44-A"", ""R2-S44-B"", ""R2-S44-C"", ""R2-S44-D""]",nuvia.history.un-human-rights.c1,storyBook8Pages+integratedGrowthReport,nuvia.age.elementary-low.v1,"{""resourceId"": ""새 응답 자원이 아니라 저장된 같은 resultId 레코드 연결"", ""changedAttribute"": ""이 단계에서 역사 조건을 다시 변경하지 않음"", ""cognitiveAction"": ""결과 열람·인쇄 연결 단계""}"
canonicalStage,W44-C1,elementary-high,제1조 첫 문구가 ‘all human beings’ 대신 ‘all men’으로 남았다면?,실제 역사와 게임에서 바꿀 조건을 순서대로 확인해요.,nuvia.semantic.v1_1_r2.w44-c1.elementary-high.condition-understanding,nuvia.history.un-human-rights,nuvia.history.un-human-rights.c1,실제 역사 확인 후 바뀐 조건 한 가지 이해,learner,nuvia.semantic.ref.w44-c1.object,nuvia.semantic.ref.w44-c1.resource,all human beings 대신 all men,beforeAction,notApplicable,viewActualHistoryThenSelectCondition,실제 역사 FACT와 게임의 CHANGED_CONDITION을 서로 다른 표시·이벤트로 확인,"[""nuvia.history.un-human-rights.c1""]","[""nuvia.history.un-human-rights.c1.prohibitedClaims"", ""실제 역사와 바꾼 조건을 같은 사실로 표시"", ""다른 조건 fallback""]","[""R2-S44-A"", ""R2-S44-B"", ""R2-S44-C"", ""R2-S44-D""]",nuvia.history.un-human-rights.c1,historyViewed+conditionSelected,nuvia.age.elementary-high.v1,"{""cognitiveAction"": ""보기·조건 선택 단계이며 PASS 핵심 활동이 아님""}"
canonicalStage,W44-C1,elementary-high,첫 표현이 all men으로 남으면 뜻을 확인하는 모습은 어떨까요?,바로 다음 모습을 한 가지 예상해요.,nuvia.semantic.v1_1_r2.w44-c1.elementary-high.prediction,nuvia.history.un-human-rights,nuvia.history.un-human-rights.c1,결과 공개 전 다음 장면 한 가지 예측,learner,nuvia.semantic.ref.w44-c1.object,nuvia.semantic.ref.w44-c1.resource,all human beings 대신 all men,possibleFuture,notApplicable,writing|voice|drawing|deferred,변경 조건 이후의 가까운 다음 모습 한 가지; 정답·적중 점수 없음,notApplicable,"[""nuvia.history.un-human-rights.c1.prohibitedClaims"", ""근거·반론·핵심 활동을 한 질문에 함께 요구"", ""결과 공개 후 수정"", ""예측을 실제 역사로 표시""]",notApplicable,nuvia.history.un-human-rights.c1,predictionSnapshot,nuvia.age.elementary-high.v1,"{""cognitiveAction"": ""최초 예측은 PASS 핵심 활동으로 중복 집계하지 않음"", ""allowedAnswerIds"": ""자유 말·글·그림·보류 응답이며 고정 정답 ID를 만들지 않음"", ""sourceFactId"": ""예측 내용은 역사 사실 주장이 아님; 승인 실제 사실은 조건 이해 단계에서 연결""}"
canonicalStage,W44-C1,elementary-high,두 표현이 사람 전체를 가리키는 뜻은 얼마나 분명한가요?,두 모습에 나타난 같은 대상의 관계를 비교해요.,nuvia.semantic.v1_1_r2.w44-c1.elementary-high.core-activity,nuvia.history.un-human-rights,nuvia.history.un-human-rights.c1,승인된 PASS 핵심 인지 활동 수행,learner,nuvia.semantic.ref.w44-c1.object,nuvia.semantic.ref.w44-c1.resource,all human beings 대신 all men,duringAction,compareStructures,action.compareStructures.r2 payload 또는 activityDeferred,같은 사람 집합을 유지한 표현-범위 관계 비교,"[""nuvia.history.un-human-rights.c1.left.1"", ""nuvia.history.un-human-rights.c1.right.1"", ""nuvia.history.un-human-rights.c1.reason.1"", ""nuvia.history.un-human-rights.c1.reason.2"", ""nuvia.history.un-human-rights.c1.reason.3""]","[""nuvia.history.un-human-rights.c1.prohibitedClaims"", ""활동 라벨을 나의 이야기로 저장"", ""입력하지 않은 계획·근거·태도·정확성 생성""]","[""R2-S44-A"", ""R2-S44-B"", ""R2-S44-C"", ""R2-S44-D""]",nuvia.history.un-human-rights.c1,cognitiveActionRecorded 또는 activityDeferred,nuvia.age.elementary-high.v1,{}
canonicalStage,W44-C1,elementary-high,이 조건에서 달라질 수 있는 모습을 살펴봐요.,가능성 하나가 정답이라고 표시하지 않아요.,nuvia.semantic.v1_1_r2.w44-c1.elementary-high.alternate-result,nuvia.history.un-human-rights,nuvia.history.un-human-rights.c1,변경 조건에서 가능한 결과 A/B 확인,learner,nuvia.semantic.ref.w44-c1.object,nuvia.semantic.ref.w44-c1.resource,all human beings 대신 all men,immediateResult,notApplicable,viewLevel3PossibilityAOrB,실제 역사와 분리된 Level 3 가능성; 정답이 아님,"[""A"", ""B""]","[""nuvia.history.un-human-rights.c1.prohibitedClaims"", ""가능성 A/B를 사실·정답·적중 점수로 표시"", ""장기 결과 단정""]",notApplicable,nuvia.history.un-human-rights.c1,alternateViewed,nuvia.age.elementary-high.v1,"{""cognitiveAction"": ""가능성 열람 단계"", ""sourceFactId"": ""가상 가능성은 출처가 확인하는 실제 사실이 아님""}"
canonicalStage,W44-C1,elementary-high,나만의 이야기를 말·글·그림으로 남겨 봐요.,남기지 않아도 다른 기록으로 대신 채우지 않아요.,nuvia.semantic.v1_1_r2.w44-c1.elementary-high.learner-story,nuvia.history.un-human-rights,nuvia.history.un-human-rights.c1,사용자가 직접 나만의 이야기 남기기,learner,nuvia.semantic.ref.w44-c1.object,notApplicable,all human beings 대신 all men,reflection,notApplicable,writing|voice|drawing|mixed|deferred,사용자가 직접 남긴 말·글·그림 원문 또는 남기지 않음,notApplicable,"[""핵심 활동 라벨·예측·시스템 문구를 사용자 이야기로 복사"", ""사용자 입력이 없는데 이야기 생성"", ""AI 보완·요약·평가""]",notApplicable,nuvia.history.un-human-rights.c1,storyRecorded,nuvia.age.elementary-high.v1,"{""resourceId"": ""말·글·그림 자유 표현이며 고정 역사 자원 선택이 아님"", ""cognitiveAction"": ""자유 창작은 PASS 핵심 활동으로 중복 집계하지 않음"", ""allowedAnswerIds"": ""자유 창작에 고정 답안 없음"", ""sourceFactId"": ""사용자 창작은 승인 역사 사실이 아님""}"
canonicalStage,W44-C1,elementary-high,"실제 역사와 내가 만든 이야기를 비교해 보고, 가장 눈에 띈 점 하나를 남겨 보세요.",사용자 원문을 그대로 저장해요.,nuvia.semantic.v1_1_r2.w44-c1.elementary-high.history-comparison,nuvia.history.un-human-rights,nuvia.history.un-human-rights.c1,실제 역사와 나의 역사 비교,learner,nuvia.semantic.ref.w44-c1.object,notApplicable,all human beings 대신 all men,comparison,notApplicable,writing|voice|drawing|mixed|deferred,가장 눈에 띈 점 하나와 연령에 따라 선택적 근거; 사용자 원문,notApplicable,"[""같았어요/달랐어요/새롭게 알았어요 고정 카드"", ""prediction 비교 fallback"", ""AI 분류·요약·채점""]","[""R2-S44-A"", ""R2-S44-B"", ""R2-S44-C"", ""R2-S44-D""]",nuvia.history.un-human-rights.c1,comparisonCompleted(history)+bookPage7+growthReport,nuvia.age.elementary-high.v1,"{""resourceId"": ""실제 역사 요약과 사용자 이야기 참조이며 새 고정 답안 자원이 아님"", ""cognitiveAction"": ""자유 비교는 PASS 핵심 활동으로 중복 집계하지 않음"", ""allowedAnswerIds"": ""comparisonTag와 고정 비교 카드 폐기""}"
canonicalStage,W44-C1,elementary-high,"처음 생각과 실제 역사를 비교해 보고, 가장 눈에 띈 점 하나를 남겨 보세요.",처음 예측은 바꾸지 않고 사용자 원문을 그대로 저장해요.,nuvia.semantic.v1_1_r2.w44-c1.elementary-high.prediction-comparison,nuvia.history.un-human-rights,nuvia.history.un-human-rights.c1,최초 예측과 실제 역사 비교,learner,nuvia.semantic.ref.w44-c1.object,notApplicable,all human beings 대신 all men,comparison,notApplicable,writing|voice|drawing|mixed|deferred,처음 생각과 실제 역사에서 눈에 띈 점 하나와 연령에 따라 선택적 근거; 사용자 원문,notApplicable,"[""history 비교 fallback"", ""최초 예측 사후 변경"", ""같았어요/달랐어요/새롭게 알았어요 고정 카드"", ""AI 분류·요약·채점""]","[""R2-S44-A"", ""R2-S44-B"", ""R2-S44-C"", ""R2-S44-D""]",nuvia.history.un-human-rights.c1,comparisonCompleted(prediction)+bookPage8+growthReport,nuvia.age.elementary-high.v1,"{""resourceId"": ""잠긴 predictionSnapshot과 실제 역사 핵심 한 줄을 참조"", ""cognitiveAction"": ""자유 비교는 PASS 핵심 활동으로 중복 집계하지 않음"", ""allowedAnswerIds"": ""comparisonTag와 고정 비교 카드 폐기""}"
canonicalStage,W44-C1,elementary-high,이야기책과 성장 기록을 볼 수 있어요.,같은 결과 기록만 연결해요.,nuvia.semantic.v1_1_r2.w44-c1.elementary-high.artifact-link,nuvia.history.un-human-rights,nuvia.history.un-human-rights.c1,같은 결과의 이야기책·성장 리포트 연결,learner,nuvia.semantic.ref.w44-c1.object,notApplicable,notApplicable,reflection,notApplicable,viewBook|viewReport|print,같은 resultId·missionId·conditionId·버전의 실제 입력만 표시,"[""viewStoryBook"", ""viewGrowthReport"", ""print""]","[""다른 resultId·미션·조건·버전 혼입"", ""없는 값 소급 생성"", ""책7/8 입력 fallback""]","[""R2-S44-A"", ""R2-S44-B"", ""R2-S44-C"", ""R2-S44-D""]",nuvia.history.un-human-rights.c1,storyBook8Pages+integratedGrowthReport,nuvia.age.elementary-high.v1,"{""resourceId"": ""새 응답 자원이 아니라 저장된 같은 resultId 레코드 연결"", ""changedAttribute"": ""이 단계에서 역사 조건을 다시 변경하지 않음"", ""cognitiveAction"": ""결과 열람·인쇄 연결 단계""}"
canonicalStage,W44-C1,middle-school,제1조 첫 문구가 ‘all human beings’ 대신 ‘all men’으로 남았다면?,실제 역사와 게임에서 바꿀 조건을 순서대로 확인해요.,nuvia.semantic.v1_1_r2.w44-c1.middle-school.condition-understanding,nuvia.history.un-human-rights,nuvia.history.un-human-rights.c1,실제 역사 확인 후 바뀐 조건 한 가지 이해,learner,nuvia.semantic.ref.w44-c1.object,nuvia.semantic.ref.w44-c1.resource,all human beings 대신 all men,beforeAction,notApplicable,viewActualHistoryThenSelectCondition,실제 역사 FACT와 게임의 CHANGED_CONDITION을 서로 다른 표시·이벤트로 확인,"[""nuvia.history.un-human-rights.c1""]","[""nuvia.history.un-human-rights.c1.prohibitedClaims"", ""실제 역사와 바꾼 조건을 같은 사실로 표시"", ""다른 조건 fallback""]","[""R2-S44-A"", ""R2-S44-B"", ""R2-S44-C"", ""R2-S44-D""]",nuvia.history.un-human-rights.c1,historyViewed+conditionSelected,nuvia.age.middle-school.v1,"{""cognitiveAction"": ""보기·조건 선택 단계이며 PASS 핵심 활동이 아님""}"
canonicalStage,W44-C1,middle-school,첫 표현이 all men으로 남으면 뜻을 확인하는 모습은 어떨까요?,바로 다음 가능성을 한 가지 예상해요.,nuvia.semantic.v1_1_r2.w44-c1.middle-school.prediction,nuvia.history.un-human-rights,nuvia.history.un-human-rights.c1,결과 공개 전 다음 장면 한 가지 예측,learner,nuvia.semantic.ref.w44-c1.object,nuvia.semantic.ref.w44-c1.resource,all human beings 대신 all men,possibleFuture,notApplicable,writing|voice|drawing|deferred,변경 조건 이후의 가까운 다음 모습 한 가지; 정답·적중 점수 없음,notApplicable,"[""nuvia.history.un-human-rights.c1.prohibitedClaims"", ""근거·반론·핵심 활동을 한 질문에 함께 요구"", ""결과 공개 후 수정"", ""예측을 실제 역사로 표시""]",notApplicable,nuvia.history.un-human-rights.c1,predictionSnapshot,nuvia.age.middle-school.v1,"{""cognitiveAction"": ""최초 예측은 PASS 핵심 활동으로 중복 집계하지 않음"", ""allowedAnswerIds"": ""자유 말·글·그림·보류 응답이며 고정 정답 ID를 만들지 않음"", ""sourceFactId"": ""예측 내용은 역사 사실 주장이 아님; 승인 실제 사실은 조건 이해 단계에서 연결""}"
canonicalStage,W44-C1,middle-school,두 표현이 사람 전체를 가리키는 뜻은 얼마나 분명한가요?,두 모습에 나타난 같은 대상의 관계를 비교해요.,nuvia.semantic.v1_1_r2.w44-c1.middle-school.core-activity,nuvia.history.un-human-rights,nuvia.history.un-human-rights.c1,승인된 PASS 핵심 인지 활동 수행,learner,nuvia.semantic.ref.w44-c1.object,nuvia.semantic.ref.w44-c1.resource,all human beings 대신 all men,duringAction,compareStructures,action.compareStructures.r2 payload 또는 activityDeferred,같은 사람 집합을 유지한 표현-범위 관계 비교,"[""nuvia.history.un-human-rights.c1.left.1"", ""nuvia.history.un-human-rights.c1.right.1"", ""nuvia.history.un-human-rights.c1.reason.1"", ""nuvia.history.un-human-rights.c1.reason.2"", ""nuvia.history.un-human-rights.c1.reason.3""]","[""nuvia.history.un-human-rights.c1.prohibitedClaims"", ""활동 라벨을 나의 이야기로 저장"", ""입력하지 않은 계획·근거·태도·정확성 생성""]","[""R2-S44-A"", ""R2-S44-B"", ""R2-S44-C"", ""R2-S44-D""]",nuvia.history.un-human-rights.c1,cognitiveActionRecorded 또는 activityDeferred,nuvia.age.middle-school.v1,{}
canonicalStage,W44-C1,middle-school,이 조건에서 달라질 수 있는 모습을 살펴봐요.,가능성 하나가 정답이라고 표시하지 않아요.,nuvia.semantic.v1_1_r2.w44-c1.middle-school.alternate-result,nuvia.history.un-human-rights,nuvia.history.un-human-rights.c1,변경 조건에서 가능한 결과 A/B 확인,learner,nuvia.semantic.ref.w44-c1.object,nuvia.semantic.ref.w44-c1.resource,all human beings 대신 all men,immediateResult,notApplicable,viewLevel3PossibilityAOrB,실제 역사와 분리된 Level 3 가능성; 정답이 아님,"[""A"", ""B""]","[""nuvia.history.un-human-rights.c1.prohibitedClaims"", ""가능성 A/B를 사실·정답·적중 점수로 표시"", ""장기 결과 단정""]",notApplicable,nuvia.history.un-human-rights.c1,alternateViewed,nuvia.age.middle-school.v1,"{""cognitiveAction"": ""가능성 열람 단계"", ""sourceFactId"": ""가상 가능성은 출처가 확인하는 실제 사실이 아님""}"
canonicalStage,W44-C1,middle-school,나만의 이야기를 말·글·그림으로 남겨 봐요.,남기지 않아도 다른 기록으로 대신 채우지 않아요.,nuvia.semantic.v1_1_r2.w44-c1.middle-school.learner-story,nuvia.history.un-human-rights,nuvia.history.un-human-rights.c1,사용자가 직접 나만의 이야기 남기기,learner,nuvia.semantic.ref.w44-c1.object,notApplicable,all human beings 대신 all men,reflection,notApplicable,writing|voice|drawing|mixed|deferred,사용자가 직접 남긴 말·글·그림 원문 또는 남기지 않음,notApplicable,"[""핵심 활동 라벨·예측·시스템 문구를 사용자 이야기로 복사"", ""사용자 입력이 없는데 이야기 생성"", ""AI 보완·요약·평가""]",notApplicable,nuvia.history.un-human-rights.c1,storyRecorded,nuvia.age.middle-school.v1,"{""resourceId"": ""말·글·그림 자유 표현이며 고정 역사 자원 선택이 아님"", ""cognitiveAction"": ""자유 창작은 PASS 핵심 활동으로 중복 집계하지 않음"", ""allowedAnswerIds"": ""자유 창작에 고정 답안 없음"", ""sourceFactId"": ""사용자 창작은 승인 역사 사실이 아님""}"
canonicalStage,W44-C1,middle-school,"실제 역사와 내가 만든 이야기를 비교해 보고, 가장 눈에 띈 점 하나를 남겨 보세요.",사용자 원문을 그대로 저장해요.,nuvia.semantic.v1_1_r2.w44-c1.middle-school.history-comparison,nuvia.history.un-human-rights,nuvia.history.un-human-rights.c1,실제 역사와 나의 역사 비교,learner,nuvia.semantic.ref.w44-c1.object,notApplicable,all human beings 대신 all men,comparison,notApplicable,writing|voice|drawing|mixed|deferred,가장 눈에 띈 점 하나와 연령에 따라 선택적 근거; 사용자 원문,notApplicable,"[""같았어요/달랐어요/새롭게 알았어요 고정 카드"", ""prediction 비교 fallback"", ""AI 분류·요약·채점""]","[""R2-S44-A"", ""R2-S44-B"", ""R2-S44-C"", ""R2-S44-D""]",nuvia.history.un-human-rights.c1,comparisonCompleted(history)+bookPage7+growthReport,nuvia.age.middle-school.v1,"{""resourceId"": ""실제 역사 요약과 사용자 이야기 참조이며 새 고정 답안 자원이 아님"", ""cognitiveAction"": ""자유 비교는 PASS 핵심 활동으로 중복 집계하지 않음"", ""allowedAnswerIds"": ""comparisonTag와 고정 비교 카드 폐기""}"
canonicalStage,W44-C1,middle-school,"처음 생각과 실제 역사를 비교해 보고, 가장 눈에 띈 점 하나를 남겨 보세요.",처음 예측은 바꾸지 않고 사용자 원문을 그대로 저장해요.,nuvia.semantic.v1_1_r2.w44-c1.middle-school.prediction-comparison,nuvia.history.un-human-rights,nuvia.history.un-human-rights.c1,최초 예측과 실제 역사 비교,learner,nuvia.semantic.ref.w44-c1.object,notApplicable,all human beings 대신 all men,comparison,notApplicable,writing|voice|drawing|mixed|deferred,처음 생각과 실제 역사에서 눈에 띈 점 하나와 연령에 따라 선택적 근거; 사용자 원문,notApplicable,"[""history 비교 fallback"", ""최초 예측 사후 변경"", ""같았어요/달랐어요/새롭게 알았어요 고정 카드"", ""AI 분류·요약·채점""]","[""R2-S44-A"", ""R2-S44-B"", ""R2-S44-C"", ""R2-S44-D""]",nuvia.history.un-human-rights.c1,comparisonCompleted(prediction)+bookPage8+growthReport,nuvia.age.middle-school.v1,"{""resourceId"": ""잠긴 predictionSnapshot과 실제 역사 핵심 한 줄을 참조"", ""cognitiveAction"": ""자유 비교는 PASS 핵심 활동으로 중복 집계하지 않음"", ""allowedAnswerIds"": ""comparisonTag와 고정 비교 카드 폐기""}"
canonicalStage,W44-C1,middle-school,이야기책과 성장 기록을 볼 수 있어요.,같은 결과 기록만 연결해요.,nuvia.semantic.v1_1_r2.w44-c1.middle-school.artifact-link,nuvia.history.un-human-rights,nuvia.history.un-human-rights.c1,같은 결과의 이야기책·성장 리포트 연결,learner,nuvia.semantic.ref.w44-c1.object,notApplicable,notApplicable,reflection,notApplicable,viewBook|viewReport|print,같은 resultId·missionId·conditionId·버전의 실제 입력만 표시,"[""viewStoryBook"", ""viewGrowthReport"", ""print""]","[""다른 resultId·미션·조건·버전 혼입"", ""없는 값 소급 생성"", ""책7/8 입력 fallback""]","[""R2-S44-A"", ""R2-S44-B"", ""R2-S44-C"", ""R2-S44-D""]",nuvia.history.un-human-rights.c1,storyBook8Pages+integratedGrowthReport,nuvia.age.middle-school.v1,"{""resourceId"": ""새 응답 자원이 아니라 저장된 같은 resultId 레코드 연결"", ""changedAttribute"": ""이 단계에서 역사 조건을 다시 변경하지 않음"", ""cognitiveAction"": ""결과 열람·인쇄 연결 단계""}"
canonicalStage,W44-C1,high-school,제1조 첫 문구가 ‘all human beings’ 대신 ‘all men’으로 남았다면?,실제 역사와 게임에서 바꿀 조건을 순서대로 확인해요.,nuvia.semantic.v1_1_r2.w44-c1.high-school.condition-understanding,nuvia.history.un-human-rights,nuvia.history.un-human-rights.c1,실제 역사 확인 후 바뀐 조건 한 가지 이해,learner,nuvia.semantic.ref.w44-c1.object,nuvia.semantic.ref.w44-c1.resource,all human beings 대신 all men,beforeAction,notApplicable,viewActualHistoryThenSelectCondition,실제 역사 FACT와 게임의 CHANGED_CONDITION을 서로 다른 표시·이벤트로 확인,"[""nuvia.history.un-human-rights.c1""]","[""nuvia.history.un-human-rights.c1.prohibitedClaims"", ""실제 역사와 바꾼 조건을 같은 사실로 표시"", ""다른 조건 fallback""]","[""R2-S44-A"", ""R2-S44-B"", ""R2-S44-C"", ""R2-S44-D""]",nuvia.history.un-human-rights.c1,historyViewed+conditionSelected,nuvia.age.high-school.v1,"{""cognitiveAction"": ""보기·조건 선택 단계이며 PASS 핵심 활동이 아님""}"
canonicalStage,W44-C1,high-school,첫 표현이 all men으로 남으면 뜻을 확인하는 모습은 어떨까요?,바로 다음 가능성을 한 가지 예상해요.,nuvia.semantic.v1_1_r2.w44-c1.high-school.prediction,nuvia.history.un-human-rights,nuvia.history.un-human-rights.c1,결과 공개 전 다음 장면 한 가지 예측,learner,nuvia.semantic.ref.w44-c1.object,nuvia.semantic.ref.w44-c1.resource,all human beings 대신 all men,possibleFuture,notApplicable,writing|voice|drawing|deferred,변경 조건 이후의 가까운 다음 모습 한 가지; 정답·적중 점수 없음,notApplicable,"[""nuvia.history.un-human-rights.c1.prohibitedClaims"", ""근거·반론·핵심 활동을 한 질문에 함께 요구"", ""결과 공개 후 수정"", ""예측을 실제 역사로 표시""]",notApplicable,nuvia.history.un-human-rights.c1,predictionSnapshot,nuvia.age.high-school.v1,"{""cognitiveAction"": ""최초 예측은 PASS 핵심 활동으로 중복 집계하지 않음"", ""allowedAnswerIds"": ""자유 말·글·그림·보류 응답이며 고정 정답 ID를 만들지 않음"", ""sourceFactId"": ""예측 내용은 역사 사실 주장이 아님; 승인 실제 사실은 조건 이해 단계에서 연결""}"
canonicalStage,W44-C1,high-school,두 표현이 사람 전체를 가리키는 뜻은 얼마나 분명한가요?,두 모습에 나타난 같은 대상의 관계를 비교해요.,nuvia.semantic.v1_1_r2.w44-c1.high-school.core-activity,nuvia.history.un-human-rights,nuvia.history.un-human-rights.c1,승인된 PASS 핵심 인지 활동 수행,learner,nuvia.semantic.ref.w44-c1.object,nuvia.semantic.ref.w44-c1.resource,all human beings 대신 all men,duringAction,compareStructures,action.compareStructures.r2 payload 또는 activityDeferred,같은 사람 집합을 유지한 표현-범위 관계 비교,"[""nuvia.history.un-human-rights.c1.left.1"", ""nuvia.history.un-human-rights.c1.right.1"", ""nuvia.history.un-human-rights.c1.reason.1"", ""nuvia.history.un-human-rights.c1.reason.2"", ""nuvia.history.un-human-rights.c1.reason.3""]","[""nuvia.history.un-human-rights.c1.prohibitedClaims"", ""활동 라벨을 나의 이야기로 저장"", ""입력하지 않은 계획·근거·태도·정확성 생성""]","[""R2-S44-A"", ""R2-S44-B"", ""R2-S44-C"", ""R2-S44-D""]",nuvia.history.un-human-rights.c1,cognitiveActionRecorded 또는 activityDeferred,nuvia.age.high-school.v1,{}
canonicalStage,W44-C1,high-school,이 조건에서 달라질 수 있는 모습을 살펴봐요.,가능성 하나가 정답이라고 표시하지 않아요.,nuvia.semantic.v1_1_r2.w44-c1.high-school.alternate-result,nuvia.history.un-human-rights,nuvia.history.un-human-rights.c1,변경 조건에서 가능한 결과 A/B 확인,learner,nuvia.semantic.ref.w44-c1.object,nuvia.semantic.ref.w44-c1.resource,all human beings 대신 all men,immediateResult,notApplicable,viewLevel3PossibilityAOrB,실제 역사와 분리된 Level 3 가능성; 정답이 아님,"[""A"", ""B""]","[""nuvia.history.un-human-rights.c1.prohibitedClaims"", ""가능성 A/B를 사실·정답·적중 점수로 표시"", ""장기 결과 단정""]",notApplicable,nuvia.history.un-human-rights.c1,alternateViewed,nuvia.age.high-school.v1,"{""cognitiveAction"": ""가능성 열람 단계"", ""sourceFactId"": ""가상 가능성은 출처가 확인하는 실제 사실이 아님""}"
canonicalStage,W44-C1,high-school,나만의 이야기를 말·글·그림으로 남겨 봐요.,남기지 않아도 다른 기록으로 대신 채우지 않아요.,nuvia.semantic.v1_1_r2.w44-c1.high-school.learner-story,nuvia.history.un-human-rights,nuvia.history.un-human-rights.c1,사용자가 직접 나만의 이야기 남기기,learner,nuvia.semantic.ref.w44-c1.object,notApplicable,all human beings 대신 all men,reflection,notApplicable,writing|voice|drawing|mixed|deferred,사용자가 직접 남긴 말·글·그림 원문 또는 남기지 않음,notApplicable,"[""핵심 활동 라벨·예측·시스템 문구를 사용자 이야기로 복사"", ""사용자 입력이 없는데 이야기 생성"", ""AI 보완·요약·평가""]",notApplicable,nuvia.history.un-human-rights.c1,storyRecorded,nuvia.age.high-school.v1,"{""resourceId"": ""말·글·그림 자유 표현이며 고정 역사 자원 선택이 아님"", ""cognitiveAction"": ""자유 창작은 PASS 핵심 활동으로 중복 집계하지 않음"", ""allowedAnswerIds"": ""자유 창작에 고정 답안 없음"", ""sourceFactId"": ""사용자 창작은 승인 역사 사실이 아님""}"
canonicalStage,W44-C1,high-school,"실제 역사와 내가 만든 이야기를 비교해 보고, 가장 눈에 띈 점 하나를 남겨 보세요.",사용자 원문을 그대로 저장해요.,nuvia.semantic.v1_1_r2.w44-c1.high-school.history-comparison,nuvia.history.un-human-rights,nuvia.history.un-human-rights.c1,실제 역사와 나의 역사 비교,learner,nuvia.semantic.ref.w44-c1.object,notApplicable,all human beings 대신 all men,comparison,notApplicable,writing|voice|drawing|mixed|deferred,가장 눈에 띈 점 하나와 연령에 따라 선택적 근거; 사용자 원문,notApplicable,"[""같았어요/달랐어요/새롭게 알았어요 고정 카드"", ""prediction 비교 fallback"", ""AI 분류·요약·채점""]","[""R2-S44-A"", ""R2-S44-B"", ""R2-S44-C"", ""R2-S44-D""]",nuvia.history.un-human-rights.c1,comparisonCompleted(history)+bookPage7+growthReport,nuvia.age.high-school.v1,"{""resourceId"": ""실제 역사 요약과 사용자 이야기 참조이며 새 고정 답안 자원이 아님"", ""cognitiveAction"": ""자유 비교는 PASS 핵심 활동으로 중복 집계하지 않음"", ""allowedAnswerIds"": ""comparisonTag와 고정 비교 카드 폐기""}"
canonicalStage,W44-C1,high-school,"처음 생각과 실제 역사를 비교해 보고, 가장 눈에 띈 점 하나를 남겨 보세요.",처음 예측은 바꾸지 않고 사용자 원문을 그대로 저장해요.,nuvia.semantic.v1_1_r2.w44-c1.high-school.prediction-comparison,nuvia.history.un-human-rights,nuvia.history.un-human-rights.c1,최초 예측과 실제 역사 비교,learner,nuvia.semantic.ref.w44-c1.object,notApplicable,all human beings 대신 all men,comparison,notApplicable,writing|voice|drawing|mixed|deferred,처음 생각과 실제 역사에서 눈에 띈 점 하나와 연령에 따라 선택적 근거; 사용자 원문,notApplicable,"[""history 비교 fallback"", ""최초 예측 사후 변경"", ""같았어요/달랐어요/새롭게 알았어요 고정 카드"", ""AI 분류·요약·채점""]","[""R2-S44-A"", ""R2-S44-B"", ""R2-S44-C"", ""R2-S44-D""]",nuvia.history.un-human-rights.c1,comparisonCompleted(prediction)+bookPage8+growthReport,nuvia.age.high-school.v1,"{""resourceId"": ""잠긴 predictionSnapshot과 실제 역사 핵심 한 줄을 참조"", ""cognitiveAction"": ""자유 비교는 PASS 핵심 활동으로 중복 집계하지 않음"", ""allowedAnswerIds"": ""comparisonTag와 고정 비교 카드 폐기""}"
canonicalStage,W44-C1,high-school,이야기책과 성장 기록을 볼 수 있어요.,같은 결과 기록만 연결해요.,nuvia.semantic.v1_1_r2.w44-c1.high-school.artifact-link,nuvia.history.un-human-rights,nuvia.history.un-human-rights.c1,같은 결과의 이야기책·성장 리포트 연결,learner,nuvia.semantic.ref.w44-c1.object,notApplicable,notApplicable,reflection,notApplicable,viewBook|viewReport|print,같은 resultId·missionId·conditionId·버전의 실제 입력만 표시,"[""viewStoryBook"", ""viewGrowthReport"", ""print""]","[""다른 resultId·미션·조건·버전 혼입"", ""없는 값 소급 생성"", ""책7/8 입력 fallback""]","[""R2-S44-A"", ""R2-S44-B"", ""R2-S44-C"", ""R2-S44-D""]",nuvia.history.un-human-rights.c1,storyBook8Pages+integratedGrowthReport,nuvia.age.high-school.v1,"{""resourceId"": ""새 응답 자원이 아니라 저장된 같은 resultId 레코드 연결"", ""changedAttribute"": ""이 단계에서 역사 조건을 다시 변경하지 않음"", ""cognitiveAction"": ""결과 열람·인쇄 연결 단계""}"
canonicalStage,W44-C1,adult,제1조 첫 문구가 ‘all human beings’ 대신 ‘all men’으로 남았다면?,실제 역사와 게임에서 바꿀 조건을 순서대로 확인해요.,nuvia.semantic.v1_1_r2.w44-c1.adult.condition-understanding,nuvia.history.un-human-rights,nuvia.history.un-human-rights.c1,실제 역사 확인 후 바뀐 조건 한 가지 이해,learner,nuvia.semantic.ref.w44-c1.object,nuvia.semantic.ref.w44-c1.resource,all human beings 대신 all men,beforeAction,notApplicable,viewActualHistoryThenSelectCondition,실제 역사 FACT와 게임의 CHANGED_CONDITION을 서로 다른 표시·이벤트로 확인,"[""nuvia.history.un-human-rights.c1""]","[""nuvia.history.un-human-rights.c1.prohibitedClaims"", ""실제 역사와 바꾼 조건을 같은 사실로 표시"", ""다른 조건 fallback""]","[""R2-S44-A"", ""R2-S44-B"", ""R2-S44-C"", ""R2-S44-D""]",nuvia.history.un-human-rights.c1,historyViewed+conditionSelected,nuvia.age.adult.v1,"{""cognitiveAction"": ""보기·조건 선택 단계이며 PASS 핵심 활동이 아님""}"
canonicalStage,W44-C1,adult,첫 표현이 all men으로 남으면 뜻을 확인하는 모습은 어떨까요?,바로 다음 가능성을 한 가지 예상해요.,nuvia.semantic.v1_1_r2.w44-c1.adult.prediction,nuvia.history.un-human-rights,nuvia.history.un-human-rights.c1,결과 공개 전 다음 장면 한 가지 예측,learner,nuvia.semantic.ref.w44-c1.object,nuvia.semantic.ref.w44-c1.resource,all human beings 대신 all men,possibleFuture,notApplicable,writing|voice|drawing|deferred,변경 조건 이후의 가까운 다음 모습 한 가지; 정답·적중 점수 없음,notApplicable,"[""nuvia.history.un-human-rights.c1.prohibitedClaims"", ""근거·반론·핵심 활동을 한 질문에 함께 요구"", ""결과 공개 후 수정"", ""예측을 실제 역사로 표시""]",notApplicable,nuvia.history.un-human-rights.c1,predictionSnapshot,nuvia.age.adult.v1,"{""cognitiveAction"": ""최초 예측은 PASS 핵심 활동으로 중복 집계하지 않음"", ""allowedAnswerIds"": ""자유 말·글·그림·보류 응답이며 고정 정답 ID를 만들지 않음"", ""sourceFactId"": ""예측 내용은 역사 사실 주장이 아님; 승인 실제 사실은 조건 이해 단계에서 연결""}"
canonicalStage,W44-C1,adult,두 표현이 사람 전체를 가리키는 뜻은 얼마나 분명한가요?,두 모습에 나타난 같은 대상의 관계를 비교해요.,nuvia.semantic.v1_1_r2.w44-c1.adult.core-activity,nuvia.history.un-human-rights,nuvia.history.un-human-rights.c1,승인된 PASS 핵심 인지 활동 수행,learner,nuvia.semantic.ref.w44-c1.object,nuvia.semantic.ref.w44-c1.resource,all human beings 대신 all men,duringAction,compareStructures,action.compareStructures.r2 payload 또는 activityDeferred,같은 사람 집합을 유지한 표현-범위 관계 비교,"[""nuvia.history.un-human-rights.c1.left.1"", ""nuvia.history.un-human-rights.c1.right.1"", ""nuvia.history.un-human-rights.c1.reason.1"", ""nuvia.history.un-human-rights.c1.reason.2"", ""nuvia.history.un-human-rights.c1.reason.3""]","[""nuvia.history.un-human-rights.c1.prohibitedClaims"", ""활동 라벨을 나의 이야기로 저장"", ""입력하지 않은 계획·근거·태도·정확성 생성""]","[""R2-S44-A"", ""R2-S44-B"", ""R2-S44-C"", ""R2-S44-D""]",nuvia.history.un-human-rights.c1,cognitiveActionRecorded 또는 activityDeferred,nuvia.age.adult.v1,{}
canonicalStage,W44-C1,adult,이 조건에서 달라질 수 있는 모습을 살펴봐요.,가능성 하나가 정답이라고 표시하지 않아요.,nuvia.semantic.v1_1_r2.w44-c1.adult.alternate-result,nuvia.history.un-human-rights,nuvia.history.un-human-rights.c1,변경 조건에서 가능한 결과 A/B 확인,learner,nuvia.semantic.ref.w44-c1.object,nuvia.semantic.ref.w44-c1.resource,all human beings 대신 all men,immediateResult,notApplicable,viewLevel3PossibilityAOrB,실제 역사와 분리된 Level 3 가능성; 정답이 아님,"[""A"", ""B""]","[""nuvia.history.un-human-rights.c1.prohibitedClaims"", ""가능성 A/B를 사실·정답·적중 점수로 표시"", ""장기 결과 단정""]",notApplicable,nuvia.history.un-human-rights.c1,alternateViewed,nuvia.age.adult.v1,"{""cognitiveAction"": ""가능성 열람 단계"", ""sourceFactId"": ""가상 가능성은 출처가 확인하는 실제 사실이 아님""}"
canonicalStage,W44-C1,adult,나만의 이야기를 말·글·그림으로 남겨 봐요.,남기지 않아도 다른 기록으로 대신 채우지 않아요.,nuvia.semantic.v1_1_r2.w44-c1.adult.learner-story,nuvia.history.un-human-rights,nuvia.history.un-human-rights.c1,사용자가 직접 나만의 이야기 남기기,learner,nuvia.semantic.ref.w44-c1.object,notApplicable,all human beings 대신 all men,reflection,notApplicable,writing|voice|drawing|mixed|deferred,사용자가 직접 남긴 말·글·그림 원문 또는 남기지 않음,notApplicable,"[""핵심 활동 라벨·예측·시스템 문구를 사용자 이야기로 복사"", ""사용자 입력이 없는데 이야기 생성"", ""AI 보완·요약·평가""]",notApplicable,nuvia.history.un-human-rights.c1,storyRecorded,nuvia.age.adult.v1,"{""resourceId"": ""말·글·그림 자유 표현이며 고정 역사 자원 선택이 아님"", ""cognitiveAction"": ""자유 창작은 PASS 핵심 활동으로 중복 집계하지 않음"", ""allowedAnswerIds"": ""자유 창작에 고정 답안 없음"", ""sourceFactId"": ""사용자 창작은 승인 역사 사실이 아님""}"
canonicalStage,W44-C1,adult,"실제 역사와 내가 만든 이야기를 비교해 보고, 가장 눈에 띈 점 하나를 남겨 보세요.",사용자 원문을 그대로 저장해요.,nuvia.semantic.v1_1_r2.w44-c1.adult.history-comparison,nuvia.history.un-human-rights,nuvia.history.un-human-rights.c1,실제 역사와 나의 역사 비교,learner,nuvia.semantic.ref.w44-c1.object,notApplicable,all human beings 대신 all men,comparison,notApplicable,writing|voice|drawing|mixed|deferred,가장 눈에 띈 점 하나와 연령에 따라 선택적 근거; 사용자 원문,notApplicable,"[""같았어요/달랐어요/새롭게 알았어요 고정 카드"", ""prediction 비교 fallback"", ""AI 분류·요약·채점""]","[""R2-S44-A"", ""R2-S44-B"", ""R2-S44-C"", ""R2-S44-D""]",nuvia.history.un-human-rights.c1,comparisonCompleted(history)+bookPage7+growthReport,nuvia.age.adult.v1,"{""resourceId"": ""실제 역사 요약과 사용자 이야기 참조이며 새 고정 답안 자원이 아님"", ""cognitiveAction"": ""자유 비교는 PASS 핵심 활동으로 중복 집계하지 않음"", ""allowedAnswerIds"": ""comparisonTag와 고정 비교 카드 폐기""}"
canonicalStage,W44-C1,adult,"처음 생각과 실제 역사를 비교해 보고, 가장 눈에 띈 점 하나를 남겨 보세요.",처음 예측은 바꾸지 않고 사용자 원문을 그대로 저장해요.,nuvia.semantic.v1_1_r2.w44-c1.adult.prediction-comparison,nuvia.history.un-human-rights,nuvia.history.un-human-rights.c1,최초 예측과 실제 역사 비교,learner,nuvia.semantic.ref.w44-c1.object,notApplicable,all human beings 대신 all men,comparison,notApplicable,writing|voice|drawing|mixed|deferred,처음 생각과 실제 역사에서 눈에 띈 점 하나와 연령에 따라 선택적 근거; 사용자 원문,notApplicable,"[""history 비교 fallback"", ""최초 예측 사후 변경"", ""같았어요/달랐어요/새롭게 알았어요 고정 카드"", ""AI 분류·요약·채점""]","[""R2-S44-A"", ""R2-S44-B"", ""R2-S44-C"", ""R2-S44-D""]",nuvia.history.un-human-rights.c1,comparisonCompleted(prediction)+bookPage8+growthReport,nuvia.age.adult.v1,"{""resourceId"": ""잠긴 predictionSnapshot과 실제 역사 핵심 한 줄을 참조"", ""cognitiveAction"": ""자유 비교는 PASS 핵심 활동으로 중복 집계하지 않음"", ""allowedAnswerIds"": ""comparisonTag와 고정 비교 카드 폐기""}"
canonicalStage,W44-C1,adult,이야기책과 성장 기록을 볼 수 있어요.,같은 결과 기록만 연결해요.,nuvia.semantic.v1_1_r2.w44-c1.adult.artifact-link,nuvia.history.un-human-rights,nuvia.history.un-human-rights.c1,같은 결과의 이야기책·성장 리포트 연결,learner,nuvia.semantic.ref.w44-c1.object,notApplicable,notApplicable,reflection,notApplicable,viewBook|viewReport|print,같은 resultId·missionId·conditionId·버전의 실제 입력만 표시,"[""viewStoryBook"", ""viewGrowthReport"", ""print""]","[""다른 resultId·미션·조건·버전 혼입"", ""없는 값 소급 생성"", ""책7/8 입력 fallback""]","[""R2-S44-A"", ""R2-S44-B"", ""R2-S44-C"", ""R2-S44-D""]",nuvia.history.un-human-rights.c1,storyBook8Pages+integratedGrowthReport,nuvia.age.adult.v1,"{""resourceId"": ""새 응답 자원이 아니라 저장된 같은 resultId 레코드 연결"", ""changedAttribute"": ""이 단계에서 역사 조건을 다시 변경하지 않음"", ""cognitiveAction"": ""결과 열람·인쇄 연결 단계""}"
canonicalStage,W44-C2,preschool,위원회가 검토할 두 초안 중 선언 초안을 볼 수 없다면?,실제 역사와 게임에서 바꿀 조건을 순서대로 확인해요.,nuvia.semantic.v1_1_r2.w44-c2.preschool.condition-understanding,nuvia.history.un-human-rights,nuvia.history.un-human-rights.c2,실제 역사 확인 후 바뀐 조건 한 가지 이해,learner,nuvia.semantic.ref.w44-c2.object,nuvia.semantic.ref.w44-c2.resource,특정 문서의 접근 가능 여부,beforeAction,notApplicable,viewActualHistoryThenSelectCondition,실제 역사 FACT와 게임의 CHANGED_CONDITION을 서로 다른 표시·이벤트로 확인,"[""nuvia.history.un-human-rights.c2""]","[""nuvia.history.un-human-rights.c2.prohibitedClaims"", ""실제 역사와 바꾼 조건을 같은 사실로 표시"", ""다른 조건 fallback""]",S44-03,nuvia.history.un-human-rights.c2,historyViewed+conditionSelected,nuvia.age.preschool.v1,"{""cognitiveAction"": ""보기·조건 선택 단계이며 PASS 핵심 활동이 아님""}"
canonicalStage,W44-C2,preschool,살펴볼 글 한 장을 못 보면 다음 모습은 어떨까요?,다음 모습을 말하거나 그려 봐요.,nuvia.semantic.v1_1_r2.w44-c2.preschool.prediction,nuvia.history.un-human-rights,nuvia.history.un-human-rights.c2,결과 공개 전 다음 장면 한 가지 예측,learner,nuvia.semantic.ref.w44-c2.object,nuvia.semantic.ref.w44-c2.resource,특정 문서의 접근 가능 여부,possibleFuture,notApplicable,voice|drawing|deferred,변경 조건 이후의 가까운 다음 모습 한 가지; 정답·적중 점수 없음,notApplicable,"[""nuvia.history.un-human-rights.c2.prohibitedClaims"", ""근거·반론·핵심 활동을 한 질문에 함께 요구"", ""결과 공개 후 수정"", ""예측을 실제 역사로 표시""]",notApplicable,nuvia.history.un-human-rights.c2,predictionSnapshot,nuvia.age.preschool.v1,"{""cognitiveAction"": ""최초 예측은 PASS 핵심 활동으로 중복 집계하지 않음"", ""allowedAnswerIds"": ""자유 말·글·그림·보류 응답이며 고정 정답 ID를 만들지 않음"", ""sourceFactId"": ""예측 내용은 역사 사실 주장이 아님; 승인 실제 사실은 조건 이해 단계에서 연결""}"
canonicalStage,W44-C2,preschool,살펴볼 글 한 장을 볼 수 없으면 무엇부터 확인할까요?,먼저 할 일을 골라 봐요.,nuvia.semantic.v1_1_r2.w44-c2.preschool.core-activity,nuvia.history.un-human-rights,nuvia.history.un-human-rights.c2,승인된 PASS 핵심 인지 활동 수행,learner,nuvia.semantic.ref.w44-c2.object,nuvia.semantic.ref.w44-c2.resource,특정 문서의 접근 가능 여부,duringAction,chooseGoalAndSteps,action.chooseGoalAndSteps.r2 payload 또는 activityDeferred,목표·필요 자료·확인 행동을 단계별로 선택,"[""nuvia.history.un-human-rights.c2.goal.1"", ""nuvia.history.un-human-rights.c2.response.1"", ""nuvia.history.un-human-rights.c2.response.2"", ""nuvia.history.un-human-rights.c2.constraint.1"", ""nuvia.history.un-human-rights.c2.reason.1"", ""nuvia.history.un-human-rights.c2.reason.2""]","[""nuvia.history.un-human-rights.c2.prohibitedClaims"", ""활동 라벨을 나의 이야기로 저장"", ""입력하지 않은 계획·근거·태도·정확성 생성""]",S44-03,nuvia.history.un-human-rights.c2,cognitiveActionRecorded 또는 activityDeferred,nuvia.age.preschool.v1,{}
canonicalStage,W44-C2,preschool,이 조건에서 달라질 수 있는 모습을 살펴봐요.,가능성 하나가 정답이라고 표시하지 않아요.,nuvia.semantic.v1_1_r2.w44-c2.preschool.alternate-result,nuvia.history.un-human-rights,nuvia.history.un-human-rights.c2,변경 조건에서 가능한 결과 A/B 확인,learner,nuvia.semantic.ref.w44-c2.object,nuvia.semantic.ref.w44-c2.resource,특정 문서의 접근 가능 여부,immediateResult,notApplicable,viewLevel3PossibilityAOrB,실제 역사와 분리된 Level 3 가능성; 정답이 아님,"[""A"", ""B""]","[""nuvia.history.un-human-rights.c2.prohibitedClaims"", ""가능성 A/B를 사실·정답·적중 점수로 표시"", ""장기 결과 단정""]",notApplicable,nuvia.history.un-human-rights.c2,alternateViewed,nuvia.age.preschool.v1,"{""cognitiveAction"": ""가능성 열람 단계"", ""sourceFactId"": ""가상 가능성은 출처가 확인하는 실제 사실이 아님""}"
canonicalStage,W44-C2,preschool,나만의 이야기를 말·글·그림으로 남겨 봐요.,남기지 않아도 다른 기록으로 대신 채우지 않아요.,nuvia.semantic.v1_1_r2.w44-c2.preschool.learner-story,nuvia.history.un-human-rights,nuvia.history.un-human-rights.c2,사용자가 직접 나만의 이야기 남기기,learner,nuvia.semantic.ref.w44-c2.object,notApplicable,특정 문서의 접근 가능 여부,reflection,notApplicable,writing|voice|drawing|mixed|deferred,사용자가 직접 남긴 말·글·그림 원문 또는 남기지 않음,notApplicable,"[""핵심 활동 라벨·예측·시스템 문구를 사용자 이야기로 복사"", ""사용자 입력이 없는데 이야기 생성"", ""AI 보완·요약·평가""]",notApplicable,nuvia.history.un-human-rights.c2,storyRecorded,nuvia.age.preschool.v1,"{""resourceId"": ""말·글·그림 자유 표현이며 고정 역사 자원 선택이 아님"", ""cognitiveAction"": ""자유 창작은 PASS 핵심 활동으로 중복 집계하지 않음"", ""allowedAnswerIds"": ""자유 창작에 고정 답안 없음"", ""sourceFactId"": ""사용자 창작은 승인 역사 사실이 아님""}"
canonicalStage,W44-C2,preschool,"실제 역사와 내가 만든 이야기를 비교해 보고, 가장 눈에 띈 점 하나를 남겨 보세요.",사용자 원문을 그대로 저장해요.,nuvia.semantic.v1_1_r2.w44-c2.preschool.history-comparison,nuvia.history.un-human-rights,nuvia.history.un-human-rights.c2,실제 역사와 나의 역사 비교,learner,nuvia.semantic.ref.w44-c2.object,notApplicable,특정 문서의 접근 가능 여부,comparison,notApplicable,writing|voice|drawing|mixed|deferred,가장 눈에 띈 점 하나와 연령에 따라 선택적 근거; 사용자 원문,notApplicable,"[""같았어요/달랐어요/새롭게 알았어요 고정 카드"", ""prediction 비교 fallback"", ""AI 분류·요약·채점""]",S44-03,nuvia.history.un-human-rights.c2,comparisonCompleted(history)+bookPage7+growthReport,nuvia.age.preschool.v1,"{""resourceId"": ""실제 역사 요약과 사용자 이야기 참조이며 새 고정 답안 자원이 아님"", ""cognitiveAction"": ""자유 비교는 PASS 핵심 활동으로 중복 집계하지 않음"", ""allowedAnswerIds"": ""comparisonTag와 고정 비교 카드 폐기""}"
canonicalStage,W44-C2,preschool,"처음 생각과 실제 역사를 비교해 보고, 가장 눈에 띈 점 하나를 남겨 보세요.",처음 예측은 바꾸지 않고 사용자 원문을 그대로 저장해요.,nuvia.semantic.v1_1_r2.w44-c2.preschool.prediction-comparison,nuvia.history.un-human-rights,nuvia.history.un-human-rights.c2,최초 예측과 실제 역사 비교,learner,nuvia.semantic.ref.w44-c2.object,notApplicable,특정 문서의 접근 가능 여부,comparison,notApplicable,writing|voice|drawing|mixed|deferred,처음 생각과 실제 역사에서 눈에 띈 점 하나와 연령에 따라 선택적 근거; 사용자 원문,notApplicable,"[""history 비교 fallback"", ""최초 예측 사후 변경"", ""같았어요/달랐어요/새롭게 알았어요 고정 카드"", ""AI 분류·요약·채점""]",S44-03,nuvia.history.un-human-rights.c2,comparisonCompleted(prediction)+bookPage8+growthReport,nuvia.age.preschool.v1,"{""resourceId"": ""잠긴 predictionSnapshot과 실제 역사 핵심 한 줄을 참조"", ""cognitiveAction"": ""자유 비교는 PASS 핵심 활동으로 중복 집계하지 않음"", ""allowedAnswerIds"": ""comparisonTag와 고정 비교 카드 폐기""}"
canonicalStage,W44-C2,preschool,이야기책과 성장 기록을 볼 수 있어요.,같은 결과 기록만 연결해요.,nuvia.semantic.v1_1_r2.w44-c2.preschool.artifact-link,nuvia.history.un-human-rights,nuvia.history.un-human-rights.c2,같은 결과의 이야기책·성장 리포트 연결,learner,nuvia.semantic.ref.w44-c2.object,notApplicable,notApplicable,reflection,notApplicable,viewBook|viewReport|print,같은 resultId·missionId·conditionId·버전의 실제 입력만 표시,"[""viewStoryBook"", ""viewGrowthReport"", ""print""]","[""다른 resultId·미션·조건·버전 혼입"", ""없는 값 소급 생성"", ""책7/8 입력 fallback""]",S44-03,nuvia.history.un-human-rights.c2,storyBook8Pages+integratedGrowthReport,nuvia.age.preschool.v1,"{""resourceId"": ""새 응답 자원이 아니라 저장된 같은 resultId 레코드 연결"", ""changedAttribute"": ""이 단계에서 역사 조건을 다시 변경하지 않음"", ""cognitiveAction"": ""결과 열람·인쇄 연결 단계""}"
canonicalStage,W44-C2,elementary-low,위원회가 검토할 두 초안 중 선언 초안을 볼 수 없다면?,실제 역사와 게임에서 바꿀 조건을 순서대로 확인해요.,nuvia.semantic.v1_1_r2.w44-c2.elementary-low.condition-understanding,nuvia.history.un-human-rights,nuvia.history.un-human-rights.c2,실제 역사 확인 후 바뀐 조건 한 가지 이해,learner,nuvia.semantic.ref.w44-c2.object,nuvia.semantic.ref.w44-c2.resource,특정 문서의 접근 가능 여부,beforeAction,notApplicable,viewActualHistoryThenSelectCondition,실제 역사 FACT와 게임의 CHANGED_CONDITION을 서로 다른 표시·이벤트로 확인,"[""nuvia.history.un-human-rights.c2""]","[""nuvia.history.un-human-rights.c2.prohibitedClaims"", ""실제 역사와 바꾼 조건을 같은 사실로 표시"", ""다른 조건 fallback""]",S44-03,nuvia.history.un-human-rights.c2,historyViewed+conditionSelected,nuvia.age.elementary-low.v1,"{""cognitiveAction"": ""보기·조건 선택 단계이며 PASS 핵심 활동이 아님""}"
canonicalStage,W44-C2,elementary-low,살펴볼 글 한 장을 못 보면 다음 모습은 어떨까요?,다음 모습을 한 가지 남겨 봐요.,nuvia.semantic.v1_1_r2.w44-c2.elementary-low.prediction,nuvia.history.un-human-rights,nuvia.history.un-human-rights.c2,결과 공개 전 다음 장면 한 가지 예측,learner,nuvia.semantic.ref.w44-c2.object,nuvia.semantic.ref.w44-c2.resource,특정 문서의 접근 가능 여부,possibleFuture,notApplicable,voice|drawing|writing|deferred,변경 조건 이후의 가까운 다음 모습 한 가지; 정답·적중 점수 없음,notApplicable,"[""nuvia.history.un-human-rights.c2.prohibitedClaims"", ""근거·반론·핵심 활동을 한 질문에 함께 요구"", ""결과 공개 후 수정"", ""예측을 실제 역사로 표시""]",notApplicable,nuvia.history.un-human-rights.c2,predictionSnapshot,nuvia.age.elementary-low.v1,"{""cognitiveAction"": ""최초 예측은 PASS 핵심 활동으로 중복 집계하지 않음"", ""allowedAnswerIds"": ""자유 말·글·그림·보류 응답이며 고정 정답 ID를 만들지 않음"", ""sourceFactId"": ""예측 내용은 역사 사실 주장이 아님; 승인 실제 사실은 조건 이해 단계에서 연결""}"
canonicalStage,W44-C2,elementary-low,두 글 중 한 장을 볼 수 없으면 무엇부터 확인할까요?,먼저 할 일을 골라 봐요.,nuvia.semantic.v1_1_r2.w44-c2.elementary-low.core-activity,nuvia.history.un-human-rights,nuvia.history.un-human-rights.c2,승인된 PASS 핵심 인지 활동 수행,learner,nuvia.semantic.ref.w44-c2.object,nuvia.semantic.ref.w44-c2.resource,특정 문서의 접근 가능 여부,duringAction,chooseGoalAndSteps,action.chooseGoalAndSteps.r2 payload 또는 activityDeferred,목표·필요 자료·확인 행동을 단계별로 선택,"[""nuvia.history.un-human-rights.c2.goal.1"", ""nuvia.history.un-human-rights.c2.response.1"", ""nuvia.history.un-human-rights.c2.response.2"", ""nuvia.history.un-human-rights.c2.constraint.1"", ""nuvia.history.un-human-rights.c2.reason.1"", ""nuvia.history.un-human-rights.c2.reason.2""]","[""nuvia.history.un-human-rights.c2.prohibitedClaims"", ""활동 라벨을 나의 이야기로 저장"", ""입력하지 않은 계획·근거·태도·정확성 생성""]",S44-03,nuvia.history.un-human-rights.c2,cognitiveActionRecorded 또는 activityDeferred,nuvia.age.elementary-low.v1,{}
canonicalStage,W44-C2,elementary-low,이 조건에서 달라질 수 있는 모습을 살펴봐요.,가능성 하나가 정답이라고 표시하지 않아요.,nuvia.semantic.v1_1_r2.w44-c2.elementary-low.alternate-result,nuvia.history.un-human-rights,nuvia.history.un-human-rights.c2,변경 조건에서 가능한 결과 A/B 확인,learner,nuvia.semantic.ref.w44-c2.object,nuvia.semantic.ref.w44-c2.resource,특정 문서의 접근 가능 여부,immediateResult,notApplicable,viewLevel3PossibilityAOrB,실제 역사와 분리된 Level 3 가능성; 정답이 아님,"[""A"", ""B""]","[""nuvia.history.un-human-rights.c2.prohibitedClaims"", ""가능성 A/B를 사실·정답·적중 점수로 표시"", ""장기 결과 단정""]",notApplicable,nuvia.history.un-human-rights.c2,alternateViewed,nuvia.age.elementary-low.v1,"{""cognitiveAction"": ""가능성 열람 단계"", ""sourceFactId"": ""가상 가능성은 출처가 확인하는 실제 사실이 아님""}"
canonicalStage,W44-C2,elementary-low,나만의 이야기를 말·글·그림으로 남겨 봐요.,남기지 않아도 다른 기록으로 대신 채우지 않아요.,nuvia.semantic.v1_1_r2.w44-c2.elementary-low.learner-story,nuvia.history.un-human-rights,nuvia.history.un-human-rights.c2,사용자가 직접 나만의 이야기 남기기,learner,nuvia.semantic.ref.w44-c2.object,notApplicable,특정 문서의 접근 가능 여부,reflection,notApplicable,writing|voice|drawing|mixed|deferred,사용자가 직접 남긴 말·글·그림 원문 또는 남기지 않음,notApplicable,"[""핵심 활동 라벨·예측·시스템 문구를 사용자 이야기로 복사"", ""사용자 입력이 없는데 이야기 생성"", ""AI 보완·요약·평가""]",notApplicable,nuvia.history.un-human-rights.c2,storyRecorded,nuvia.age.elementary-low.v1,"{""resourceId"": ""말·글·그림 자유 표현이며 고정 역사 자원 선택이 아님"", ""cognitiveAction"": ""자유 창작은 PASS 핵심 활동으로 중복 집계하지 않음"", ""allowedAnswerIds"": ""자유 창작에 고정 답안 없음"", ""sourceFactId"": ""사용자 창작은 승인 역사 사실이 아님""}"
canonicalStage,W44-C2,elementary-low,"실제 역사와 내가 만든 이야기를 비교해 보고, 가장 눈에 띈 점 하나를 남겨 보세요.",사용자 원문을 그대로 저장해요.,nuvia.semantic.v1_1_r2.w44-c2.elementary-low.history-comparison,nuvia.history.un-human-rights,nuvia.history.un-human-rights.c2,실제 역사와 나의 역사 비교,learner,nuvia.semantic.ref.w44-c2.object,notApplicable,특정 문서의 접근 가능 여부,comparison,notApplicable,writing|voice|drawing|mixed|deferred,가장 눈에 띈 점 하나와 연령에 따라 선택적 근거; 사용자 원문,notApplicable,"[""같았어요/달랐어요/새롭게 알았어요 고정 카드"", ""prediction 비교 fallback"", ""AI 분류·요약·채점""]",S44-03,nuvia.history.un-human-rights.c2,comparisonCompleted(history)+bookPage7+growthReport,nuvia.age.elementary-low.v1,"{""resourceId"": ""실제 역사 요약과 사용자 이야기 참조이며 새 고정 답안 자원이 아님"", ""cognitiveAction"": ""자유 비교는 PASS 핵심 활동으로 중복 집계하지 않음"", ""allowedAnswerIds"": ""comparisonTag와 고정 비교 카드 폐기""}"
canonicalStage,W44-C2,elementary-low,"처음 생각과 실제 역사를 비교해 보고, 가장 눈에 띈 점 하나를 남겨 보세요.",처음 예측은 바꾸지 않고 사용자 원문을 그대로 저장해요.,nuvia.semantic.v1_1_r2.w44-c2.elementary-low.prediction-comparison,nuvia.history.un-human-rights,nuvia.history.un-human-rights.c2,최초 예측과 실제 역사 비교,learner,nuvia.semantic.ref.w44-c2.object,notApplicable,특정 문서의 접근 가능 여부,comparison,notApplicable,writing|voice|drawing|mixed|deferred,처음 생각과 실제 역사에서 눈에 띈 점 하나와 연령에 따라 선택적 근거; 사용자 원문,notApplicable,"[""history 비교 fallback"", ""최초 예측 사후 변경"", ""같았어요/달랐어요/새롭게 알았어요 고정 카드"", ""AI 분류·요약·채점""]",S44-03,nuvia.history.un-human-rights.c2,comparisonCompleted(prediction)+bookPage8+growthReport,nuvia.age.elementary-low.v1,"{""resourceId"": ""잠긴 predictionSnapshot과 실제 역사 핵심 한 줄을 참조"", ""cognitiveAction"": ""자유 비교는 PASS 핵심 활동으로 중복 집계하지 않음"", ""allowedAnswerIds"": ""comparisonTag와 고정 비교 카드 폐기""}"
canonicalStage,W44-C2,elementary-low,이야기책과 성장 기록을 볼 수 있어요.,같은 결과 기록만 연결해요.,nuvia.semantic.v1_1_r2.w44-c2.elementary-low.artifact-link,nuvia.history.un-human-rights,nuvia.history.un-human-rights.c2,같은 결과의 이야기책·성장 리포트 연결,learner,nuvia.semantic.ref.w44-c2.object,notApplicable,notApplicable,reflection,notApplicable,viewBook|viewReport|print,같은 resultId·missionId·conditionId·버전의 실제 입력만 표시,"[""viewStoryBook"", ""viewGrowthReport"", ""print""]","[""다른 resultId·미션·조건·버전 혼입"", ""없는 값 소급 생성"", ""책7/8 입력 fallback""]",S44-03,nuvia.history.un-human-rights.c2,storyBook8Pages+integratedGrowthReport,nuvia.age.elementary-low.v1,"{""resourceId"": ""새 응답 자원이 아니라 저장된 같은 resultId 레코드 연결"", ""changedAttribute"": ""이 단계에서 역사 조건을 다시 변경하지 않음"", ""cognitiveAction"": ""결과 열람·인쇄 연결 단계""}"
canonicalStage,W44-C2,elementary-high,위원회가 검토할 두 초안 중 선언 초안을 볼 수 없다면?,실제 역사와 게임에서 바꿀 조건을 순서대로 확인해요.,nuvia.semantic.v1_1_r2.w44-c2.elementary-high.condition-understanding,nuvia.history.un-human-rights,nuvia.history.un-human-rights.c2,실제 역사 확인 후 바뀐 조건 한 가지 이해,learner,nuvia.semantic.ref.w44-c2.object,nuvia.semantic.ref.w44-c2.resource,특정 문서의 접근 가능 여부,beforeAction,notApplicable,viewActualHistoryThenSelectCondition,실제 역사 FACT와 게임의 CHANGED_CONDITION을 서로 다른 표시·이벤트로 확인,"[""nuvia.history.un-human-rights.c2""]","[""nuvia.history.un-human-rights.c2.prohibitedClaims"", ""실제 역사와 바꾼 조건을 같은 사실로 표시"", ""다른 조건 fallback""]",S44-03,nuvia.history.un-human-rights.c2,historyViewed+conditionSelected,nuvia.age.elementary-high.v1,"{""cognitiveAction"": ""보기·조건 선택 단계이며 PASS 핵심 활동이 아님""}"
canonicalStage,W44-C2,elementary-high,선언 초안을 볼 수 없으면 다음 검토 모습은 어떨까요?,바로 다음 모습을 한 가지 예상해요.,nuvia.semantic.v1_1_r2.w44-c2.elementary-high.prediction,nuvia.history.un-human-rights,nuvia.history.un-human-rights.c2,결과 공개 전 다음 장면 한 가지 예측,learner,nuvia.semantic.ref.w44-c2.object,nuvia.semantic.ref.w44-c2.resource,특정 문서의 접근 가능 여부,possibleFuture,notApplicable,writing|voice|drawing|deferred,변경 조건 이후의 가까운 다음 모습 한 가지; 정답·적중 점수 없음,notApplicable,"[""nuvia.history.un-human-rights.c2.prohibitedClaims"", ""근거·반론·핵심 활동을 한 질문에 함께 요구"", ""결과 공개 후 수정"", ""예측을 실제 역사로 표시""]",notApplicable,nuvia.history.un-human-rights.c2,predictionSnapshot,nuvia.age.elementary-high.v1,"{""cognitiveAction"": ""최초 예측은 PASS 핵심 활동으로 중복 집계하지 않음"", ""allowedAnswerIds"": ""자유 말·글·그림·보류 응답이며 고정 정답 ID를 만들지 않음"", ""sourceFactId"": ""예측 내용은 역사 사실 주장이 아님; 승인 실제 사실은 조건 이해 단계에서 연결""}"
canonicalStage,W44-C2,elementary-high,선언 초안을 볼 수 없으면 무엇부터 확인할까요?,목표를 위해 확인할 행동을 골라요.,nuvia.semantic.v1_1_r2.w44-c2.elementary-high.core-activity,nuvia.history.un-human-rights,nuvia.history.un-human-rights.c2,승인된 PASS 핵심 인지 활동 수행,learner,nuvia.semantic.ref.w44-c2.object,nuvia.semantic.ref.w44-c2.resource,특정 문서의 접근 가능 여부,duringAction,chooseGoalAndSteps,action.chooseGoalAndSteps.r2 payload 또는 activityDeferred,목표·필요 자료·확인 행동을 단계별로 선택,"[""nuvia.history.un-human-rights.c2.goal.1"", ""nuvia.history.un-human-rights.c2.response.1"", ""nuvia.history.un-human-rights.c2.response.2"", ""nuvia.history.un-human-rights.c2.constraint.1"", ""nuvia.history.un-human-rights.c2.reason.1"", ""nuvia.history.un-human-rights.c2.reason.2""]","[""nuvia.history.un-human-rights.c2.prohibitedClaims"", ""활동 라벨을 나의 이야기로 저장"", ""입력하지 않은 계획·근거·태도·정확성 생성""]",S44-03,nuvia.history.un-human-rights.c2,cognitiveActionRecorded 또는 activityDeferred,nuvia.age.elementary-high.v1,{}
canonicalStage,W44-C2,elementary-high,이 조건에서 달라질 수 있는 모습을 살펴봐요.,가능성 하나가 정답이라고 표시하지 않아요.,nuvia.semantic.v1_1_r2.w44-c2.elementary-high.alternate-result,nuvia.history.un-human-rights,nuvia.history.un-human-rights.c2,변경 조건에서 가능한 결과 A/B 확인,learner,nuvia.semantic.ref.w44-c2.object,nuvia.semantic.ref.w44-c2.resource,특정 문서의 접근 가능 여부,immediateResult,notApplicable,viewLevel3PossibilityAOrB,실제 역사와 분리된 Level 3 가능성; 정답이 아님,"[""A"", ""B""]","[""nuvia.history.un-human-rights.c2.prohibitedClaims"", ""가능성 A/B를 사실·정답·적중 점수로 표시"", ""장기 결과 단정""]",notApplicable,nuvia.history.un-human-rights.c2,alternateViewed,nuvia.age.elementary-high.v1,"{""cognitiveAction"": ""가능성 열람 단계"", ""sourceFactId"": ""가상 가능성은 출처가 확인하는 실제 사실이 아님""}"
canonicalStage,W44-C2,elementary-high,나만의 이야기를 말·글·그림으로 남겨 봐요.,남기지 않아도 다른 기록으로 대신 채우지 않아요.,nuvia.semantic.v1_1_r2.w44-c2.elementary-high.learner-story,nuvia.history.un-human-rights,nuvia.history.un-human-rights.c2,사용자가 직접 나만의 이야기 남기기,learner,nuvia.semantic.ref.w44-c2.object,notApplicable,특정 문서의 접근 가능 여부,reflection,notApplicable,writing|voice|drawing|mixed|deferred,사용자가 직접 남긴 말·글·그림 원문 또는 남기지 않음,notApplicable,"[""핵심 활동 라벨·예측·시스템 문구를 사용자 이야기로 복사"", ""사용자 입력이 없는데 이야기 생성"", ""AI 보완·요약·평가""]",notApplicable,nuvia.history.un-human-rights.c2,storyRecorded,nuvia.age.elementary-high.v1,"{""resourceId"": ""말·글·그림 자유 표현이며 고정 역사 자원 선택이 아님"", ""cognitiveAction"": ""자유 창작은 PASS 핵심 활동으로 중복 집계하지 않음"", ""allowedAnswerIds"": ""자유 창작에 고정 답안 없음"", ""sourceFactId"": ""사용자 창작은 승인 역사 사실이 아님""}"
canonicalStage,W44-C2,elementary-high,"실제 역사와 내가 만든 이야기를 비교해 보고, 가장 눈에 띈 점 하나를 남겨 보세요.",사용자 원문을 그대로 저장해요.,nuvia.semantic.v1_1_r2.w44-c2.elementary-high.history-comparison,nuvia.history.un-human-rights,nuvia.history.un-human-rights.c2,실제 역사와 나의 역사 비교,learner,nuvia.semantic.ref.w44-c2.object,notApplicable,특정 문서의 접근 가능 여부,comparison,notApplicable,writing|voice|drawing|mixed|deferred,가장 눈에 띈 점 하나와 연령에 따라 선택적 근거; 사용자 원문,notApplicable,"[""같았어요/달랐어요/새롭게 알았어요 고정 카드"", ""prediction 비교 fallback"", ""AI 분류·요약·채점""]",S44-03,nuvia.history.un-human-rights.c2,comparisonCompleted(history)+bookPage7+growthReport,nuvia.age.elementary-high.v1,"{""resourceId"": ""실제 역사 요약과 사용자 이야기 참조이며 새 고정 답안 자원이 아님"", ""cognitiveAction"": ""자유 비교는 PASS 핵심 활동으로 중복 집계하지 않음"", ""allowedAnswerIds"": ""comparisonTag와 고정 비교 카드 폐기""}"
canonicalStage,W44-C2,elementary-high,"처음 생각과 실제 역사를 비교해 보고, 가장 눈에 띈 점 하나를 남겨 보세요.",처음 예측은 바꾸지 않고 사용자 원문을 그대로 저장해요.,nuvia.semantic.v1_1_r2.w44-c2.elementary-high.prediction-comparison,nuvia.history.un-human-rights,nuvia.history.un-human-rights.c2,최초 예측과 실제 역사 비교,learner,nuvia.semantic.ref.w44-c2.object,notApplicable,특정 문서의 접근 가능 여부,comparison,notApplicable,writing|voice|drawing|mixed|deferred,처음 생각과 실제 역사에서 눈에 띈 점 하나와 연령에 따라 선택적 근거; 사용자 원문,notApplicable,"[""history 비교 fallback"", ""최초 예측 사후 변경"", ""같았어요/달랐어요/새롭게 알았어요 고정 카드"", ""AI 분류·요약·채점""]",S44-03,nuvia.history.un-human-rights.c2,comparisonCompleted(prediction)+bookPage8+growthReport,nuvia.age.elementary-high.v1,"{""resourceId"": ""잠긴 predictionSnapshot과 실제 역사 핵심 한 줄을 참조"", ""cognitiveAction"": ""자유 비교는 PASS 핵심 활동으로 중복 집계하지 않음"", ""allowedAnswerIds"": ""comparisonTag와 고정 비교 카드 폐기""}"
canonicalStage,W44-C2,elementary-high,이야기책과 성장 기록을 볼 수 있어요.,같은 결과 기록만 연결해요.,nuvia.semantic.v1_1_r2.w44-c2.elementary-high.artifact-link,nuvia.history.un-human-rights,nuvia.history.un-human-rights.c2,같은 결과의 이야기책·성장 리포트 연결,learner,nuvia.semantic.ref.w44-c2.object,notApplicable,notApplicable,reflection,notApplicable,viewBook|viewReport|print,같은 resultId·missionId·conditionId·버전의 실제 입력만 표시,"[""viewStoryBook"", ""viewGrowthReport"", ""print""]","[""다른 resultId·미션·조건·버전 혼입"", ""없는 값 소급 생성"", ""책7/8 입력 fallback""]",S44-03,nuvia.history.un-human-rights.c2,storyBook8Pages+integratedGrowthReport,nuvia.age.elementary-high.v1,"{""resourceId"": ""새 응답 자원이 아니라 저장된 같은 resultId 레코드 연결"", ""changedAttribute"": ""이 단계에서 역사 조건을 다시 변경하지 않음"", ""cognitiveAction"": ""결과 열람·인쇄 연결 단계""}"
canonicalStage,W44-C2,middle-school,위원회가 검토할 두 초안 중 선언 초안을 볼 수 없다면?,실제 역사와 게임에서 바꿀 조건을 순서대로 확인해요.,nuvia.semantic.v1_1_r2.w44-c2.middle-school.condition-understanding,nuvia.history.un-human-rights,nuvia.history.un-human-rights.c2,실제 역사 확인 후 바뀐 조건 한 가지 이해,learner,nuvia.semantic.ref.w44-c2.object,nuvia.semantic.ref.w44-c2.resource,특정 문서의 접근 가능 여부,beforeAction,notApplicable,viewActualHistoryThenSelectCondition,실제 역사 FACT와 게임의 CHANGED_CONDITION을 서로 다른 표시·이벤트로 확인,"[""nuvia.history.un-human-rights.c2""]","[""nuvia.history.un-human-rights.c2.prohibitedClaims"", ""실제 역사와 바꾼 조건을 같은 사실로 표시"", ""다른 조건 fallback""]",S44-03,nuvia.history.un-human-rights.c2,historyViewed+conditionSelected,nuvia.age.middle-school.v1,"{""cognitiveAction"": ""보기·조건 선택 단계이며 PASS 핵심 활동이 아님""}"
canonicalStage,W44-C2,middle-school,선언 초안을 볼 수 없으면 다음 검토 모습은 어떨까요?,바로 다음 가능성을 한 가지 예상해요.,nuvia.semantic.v1_1_r2.w44-c2.middle-school.prediction,nuvia.history.un-human-rights,nuvia.history.un-human-rights.c2,결과 공개 전 다음 장면 한 가지 예측,learner,nuvia.semantic.ref.w44-c2.object,nuvia.semantic.ref.w44-c2.resource,특정 문서의 접근 가능 여부,possibleFuture,notApplicable,writing|voice|drawing|deferred,변경 조건 이후의 가까운 다음 모습 한 가지; 정답·적중 점수 없음,notApplicable,"[""nuvia.history.un-human-rights.c2.prohibitedClaims"", ""근거·반론·핵심 활동을 한 질문에 함께 요구"", ""결과 공개 후 수정"", ""예측을 실제 역사로 표시""]",notApplicable,nuvia.history.un-human-rights.c2,predictionSnapshot,nuvia.age.middle-school.v1,"{""cognitiveAction"": ""최초 예측은 PASS 핵심 활동으로 중복 집계하지 않음"", ""allowedAnswerIds"": ""자유 말·글·그림·보류 응답이며 고정 정답 ID를 만들지 않음"", ""sourceFactId"": ""예측 내용은 역사 사실 주장이 아님; 승인 실제 사실은 조건 이해 단계에서 연결""}"
canonicalStage,W44-C2,middle-school,선언 초안에 접근할 수 없을 때 무엇부터 확인할까요?,목표를 위해 확인할 행동을 골라요.,nuvia.semantic.v1_1_r2.w44-c2.middle-school.core-activity,nuvia.history.un-human-rights,nuvia.history.un-human-rights.c2,승인된 PASS 핵심 인지 활동 수행,learner,nuvia.semantic.ref.w44-c2.object,nuvia.semantic.ref.w44-c2.resource,특정 문서의 접근 가능 여부,duringAction,chooseGoalAndSteps,action.chooseGoalAndSteps.r2 payload 또는 activityDeferred,목표·필요 자료·확인 행동을 단계별로 선택,"[""nuvia.history.un-human-rights.c2.goal.1"", ""nuvia.history.un-human-rights.c2.response.1"", ""nuvia.history.un-human-rights.c2.response.2"", ""nuvia.history.un-human-rights.c2.constraint.1"", ""nuvia.history.un-human-rights.c2.reason.1"", ""nuvia.history.un-human-rights.c2.reason.2""]","[""nuvia.history.un-human-rights.c2.prohibitedClaims"", ""활동 라벨을 나의 이야기로 저장"", ""입력하지 않은 계획·근거·태도·정확성 생성""]",S44-03,nuvia.history.un-human-rights.c2,cognitiveActionRecorded 또는 activityDeferred,nuvia.age.middle-school.v1,{}
canonicalStage,W44-C2,middle-school,이 조건에서 달라질 수 있는 모습을 살펴봐요.,가능성 하나가 정답이라고 표시하지 않아요.,nuvia.semantic.v1_1_r2.w44-c2.middle-school.alternate-result,nuvia.history.un-human-rights,nuvia.history.un-human-rights.c2,변경 조건에서 가능한 결과 A/B 확인,learner,nuvia.semantic.ref.w44-c2.object,nuvia.semantic.ref.w44-c2.resource,특정 문서의 접근 가능 여부,immediateResult,notApplicable,viewLevel3PossibilityAOrB,실제 역사와 분리된 Level 3 가능성; 정답이 아님,"[""A"", ""B""]","[""nuvia.history.un-human-rights.c2.prohibitedClaims"", ""가능성 A/B를 사실·정답·적중 점수로 표시"", ""장기 결과 단정""]",notApplicable,nuvia.history.un-human-rights.c2,alternateViewed,nuvia.age.middle-school.v1,"{""cognitiveAction"": ""가능성 열람 단계"", ""sourceFactId"": ""가상 가능성은 출처가 확인하는 실제 사실이 아님""}"
canonicalStage,W44-C2,middle-school,나만의 이야기를 말·글·그림으로 남겨 봐요.,남기지 않아도 다른 기록으로 대신 채우지 않아요.,nuvia.semantic.v1_1_r2.w44-c2.middle-school.learner-story,nuvia.history.un-human-rights,nuvia.history.un-human-rights.c2,사용자가 직접 나만의 이야기 남기기,learner,nuvia.semantic.ref.w44-c2.object,notApplicable,특정 문서의 접근 가능 여부,reflection,notApplicable,writing|voice|drawing|mixed|deferred,사용자가 직접 남긴 말·글·그림 원문 또는 남기지 않음,notApplicable,"[""핵심 활동 라벨·예측·시스템 문구를 사용자 이야기로 복사"", ""사용자 입력이 없는데 이야기 생성"", ""AI 보완·요약·평가""]",notApplicable,nuvia.history.un-human-rights.c2,storyRecorded,nuvia.age.middle-school.v1,"{""resourceId"": ""말·글·그림 자유 표현이며 고정 역사 자원 선택이 아님"", ""cognitiveAction"": ""자유 창작은 PASS 핵심 활동으로 중복 집계하지 않음"", ""allowedAnswerIds"": ""자유 창작에 고정 답안 없음"", ""sourceFactId"": ""사용자 창작은 승인 역사 사실이 아님""}"
canonicalStage,W44-C2,middle-school,"실제 역사와 내가 만든 이야기를 비교해 보고, 가장 눈에 띈 점 하나를 남겨 보세요.",사용자 원문을 그대로 저장해요.,nuvia.semantic.v1_1_r2.w44-c2.middle-school.history-comparison,nuvia.history.un-human-rights,nuvia.history.un-human-rights.c2,실제 역사와 나의 역사 비교,learner,nuvia.semantic.ref.w44-c2.object,notApplicable,특정 문서의 접근 가능 여부,comparison,notApplicable,writing|voice|drawing|mixed|deferred,가장 눈에 띈 점 하나와 연령에 따라 선택적 근거; 사용자 원문,notApplicable,"[""같았어요/달랐어요/새롭게 알았어요 고정 카드"", ""prediction 비교 fallback"", ""AI 분류·요약·채점""]",S44-03,nuvia.history.un-human-rights.c2,comparisonCompleted(history)+bookPage7+growthReport,nuvia.age.middle-school.v1,"{""resourceId"": ""실제 역사 요약과 사용자 이야기 참조이며 새 고정 답안 자원이 아님"", ""cognitiveAction"": ""자유 비교는 PASS 핵심 활동으로 중복 집계하지 않음"", ""allowedAnswerIds"": ""comparisonTag와 고정 비교 카드 폐기""}"
canonicalStage,W44-C2,middle-school,"처음 생각과 실제 역사를 비교해 보고, 가장 눈에 띈 점 하나를 남겨 보세요.",처음 예측은 바꾸지 않고 사용자 원문을 그대로 저장해요.,nuvia.semantic.v1_1_r2.w44-c2.middle-school.prediction-comparison,nuvia.history.un-human-rights,nuvia.history.un-human-rights.c2,최초 예측과 실제 역사 비교,learner,nuvia.semantic.ref.w44-c2.object,notApplicable,특정 문서의 접근 가능 여부,comparison,notApplicable,writing|voice|drawing|mixed|deferred,처음 생각과 실제 역사에서 눈에 띈 점 하나와 연령에 따라 선택적 근거; 사용자 원문,notApplicable,"[""history 비교 fallback"", ""최초 예측 사후 변경"", ""같았어요/달랐어요/새롭게 알았어요 고정 카드"", ""AI 분류·요약·채점""]",S44-03,nuvia.history.un-human-rights.c2,comparisonCompleted(prediction)+bookPage8+growthReport,nuvia.age.middle-school.v1,"{""resourceId"": ""잠긴 predictionSnapshot과 실제 역사 핵심 한 줄을 참조"", ""cognitiveAction"": ""자유 비교는 PASS 핵심 활동으로 중복 집계하지 않음"", ""allowedAnswerIds"": ""comparisonTag와 고정 비교 카드 폐기""}"
canonicalStage,W44-C2,middle-school,이야기책과 성장 기록을 볼 수 있어요.,같은 결과 기록만 연결해요.,nuvia.semantic.v1_1_r2.w44-c2.middle-school.artifact-link,nuvia.history.un-human-rights,nuvia.history.un-human-rights.c2,같은 결과의 이야기책·성장 리포트 연결,learner,nuvia.semantic.ref.w44-c2.object,notApplicable,notApplicable,reflection,notApplicable,viewBook|viewReport|print,같은 resultId·missionId·conditionId·버전의 실제 입력만 표시,"[""viewStoryBook"", ""viewGrowthReport"", ""print""]","[""다른 resultId·미션·조건·버전 혼입"", ""없는 값 소급 생성"", ""책7/8 입력 fallback""]",S44-03,nuvia.history.un-human-rights.c2,storyBook8Pages+integratedGrowthReport,nuvia.age.middle-school.v1,"{""resourceId"": ""새 응답 자원이 아니라 저장된 같은 resultId 레코드 연결"", ""changedAttribute"": ""이 단계에서 역사 조건을 다시 변경하지 않음"", ""cognitiveAction"": ""결과 열람·인쇄 연결 단계""}"
canonicalStage,W44-C2,high-school,위원회가 검토할 두 초안 중 선언 초안을 볼 수 없다면?,실제 역사와 게임에서 바꿀 조건을 순서대로 확인해요.,nuvia.semantic.v1_1_r2.w44-c2.high-school.condition-understanding,nuvia.history.un-human-rights,nuvia.history.un-human-rights.c2,실제 역사 확인 후 바뀐 조건 한 가지 이해,learner,nuvia.semantic.ref.w44-c2.object,nuvia.semantic.ref.w44-c2.resource,특정 문서의 접근 가능 여부,beforeAction,notApplicable,viewActualHistoryThenSelectCondition,실제 역사 FACT와 게임의 CHANGED_CONDITION을 서로 다른 표시·이벤트로 확인,"[""nuvia.history.un-human-rights.c2""]","[""nuvia.history.un-human-rights.c2.prohibitedClaims"", ""실제 역사와 바꾼 조건을 같은 사실로 표시"", ""다른 조건 fallback""]",S44-03,nuvia.history.un-human-rights.c2,historyViewed+conditionSelected,nuvia.age.high-school.v1,"{""cognitiveAction"": ""보기·조건 선택 단계이며 PASS 핵심 활동이 아님""}"
canonicalStage,W44-C2,high-school,선언 초안을 볼 수 없으면 다음 검토 모습은 어떨까요?,바로 다음 가능성을 한 가지 예상해요.,nuvia.semantic.v1_1_r2.w44-c2.high-school.prediction,nuvia.history.un-human-rights,nuvia.history.un-human-rights.c2,결과 공개 전 다음 장면 한 가지 예측,learner,nuvia.semantic.ref.w44-c2.object,nuvia.semantic.ref.w44-c2.resource,특정 문서의 접근 가능 여부,possibleFuture,notApplicable,writing|voice|drawing|deferred,변경 조건 이후의 가까운 다음 모습 한 가지; 정답·적중 점수 없음,notApplicable,"[""nuvia.history.un-human-rights.c2.prohibitedClaims"", ""근거·반론·핵심 활동을 한 질문에 함께 요구"", ""결과 공개 후 수정"", ""예측을 실제 역사로 표시""]",notApplicable,nuvia.history.un-human-rights.c2,predictionSnapshot,nuvia.age.high-school.v1,"{""cognitiveAction"": ""최초 예측은 PASS 핵심 활동으로 중복 집계하지 않음"", ""allowedAnswerIds"": ""자유 말·글·그림·보류 응답이며 고정 정답 ID를 만들지 않음"", ""sourceFactId"": ""예측 내용은 역사 사실 주장이 아님; 승인 실제 사실은 조건 이해 단계에서 연결""}"
canonicalStage,W44-C2,high-school,선언 초안에 접근할 수 없을 때 무엇부터 확인할까요?,목표를 위해 확인할 행동을 골라요.,nuvia.semantic.v1_1_r2.w44-c2.high-school.core-activity,nuvia.history.un-human-rights,nuvia.history.un-human-rights.c2,승인된 PASS 핵심 인지 활동 수행,learner,nuvia.semantic.ref.w44-c2.object,nuvia.semantic.ref.w44-c2.resource,특정 문서의 접근 가능 여부,duringAction,chooseGoalAndSteps,action.chooseGoalAndSteps.r2 payload 또는 activityDeferred,목표·필요 자료·확인 행동을 단계별로 선택,"[""nuvia.history.un-human-rights.c2.goal.1"", ""nuvia.history.un-human-rights.c2.response.1"", ""nuvia.history.un-human-rights.c2.response.2"", ""nuvia.history.un-human-rights.c2.constraint.1"", ""nuvia.history.un-human-rights.c2.reason.1"", ""nuvia.history.un-human-rights.c2.reason.2""]","[""nuvia.history.un-human-rights.c2.prohibitedClaims"", ""활동 라벨을 나의 이야기로 저장"", ""입력하지 않은 계획·근거·태도·정확성 생성""]",S44-03,nuvia.history.un-human-rights.c2,cognitiveActionRecorded 또는 activityDeferred,nuvia.age.high-school.v1,{}
canonicalStage,W44-C2,high-school,이 조건에서 달라질 수 있는 모습을 살펴봐요.,가능성 하나가 정답이라고 표시하지 않아요.,nuvia.semantic.v1_1_r2.w44-c2.high-school.alternate-result,nuvia.history.un-human-rights,nuvia.history.un-human-rights.c2,변경 조건에서 가능한 결과 A/B 확인,learner,nuvia.semantic.ref.w44-c2.object,nuvia.semantic.ref.w44-c2.resource,특정 문서의 접근 가능 여부,immediateResult,notApplicable,viewLevel3PossibilityAOrB,실제 역사와 분리된 Level 3 가능성; 정답이 아님,"[""A"", ""B""]","[""nuvia.history.un-human-rights.c2.prohibitedClaims"", ""가능성 A/B를 사실·정답·적중 점수로 표시"", ""장기 결과 단정""]",notApplicable,nuvia.history.un-human-rights.c2,alternateViewed,nuvia.age.high-school.v1,"{""cognitiveAction"": ""가능성 열람 단계"", ""sourceFactId"": ""가상 가능성은 출처가 확인하는 실제 사실이 아님""}"
canonicalStage,W44-C2,high-school,나만의 이야기를 말·글·그림으로 남겨 봐요.,남기지 않아도 다른 기록으로 대신 채우지 않아요.,nuvia.semantic.v1_1_r2.w44-c2.high-school.learner-story,nuvia.history.un-human-rights,nuvia.history.un-human-rights.c2,사용자가 직접 나만의 이야기 남기기,learner,nuvia.semantic.ref.w44-c2.object,notApplicable,특정 문서의 접근 가능 여부,reflection,notApplicable,writing|voice|drawing|mixed|deferred,사용자가 직접 남긴 말·글·그림 원문 또는 남기지 않음,notApplicable,"[""핵심 활동 라벨·예측·시스템 문구를 사용자 이야기로 복사"", ""사용자 입력이 없는데 이야기 생성"", ""AI 보완·요약·평가""]",notApplicable,nuvia.history.un-human-rights.c2,storyRecorded,nuvia.age.high-school.v1,"{""resourceId"": ""말·글·그림 자유 표현이며 고정 역사 자원 선택이 아님"", ""cognitiveAction"": ""자유 창작은 PASS 핵심 활동으로 중복 집계하지 않음"", ""allowedAnswerIds"": ""자유 창작에 고정 답안 없음"", ""sourceFactId"": ""사용자 창작은 승인 역사 사실이 아님""}"
canonicalStage,W44-C2,high-school,"실제 역사와 내가 만든 이야기를 비교해 보고, 가장 눈에 띈 점 하나를 남겨 보세요.",사용자 원문을 그대로 저장해요.,nuvia.semantic.v1_1_r2.w44-c2.high-school.history-comparison,nuvia.history.un-human-rights,nuvia.history.un-human-rights.c2,실제 역사와 나의 역사 비교,learner,nuvia.semantic.ref.w44-c2.object,notApplicable,특정 문서의 접근 가능 여부,comparison,notApplicable,writing|voice|drawing|mixed|deferred,가장 눈에 띈 점 하나와 연령에 따라 선택적 근거; 사용자 원문,notApplicable,"[""같았어요/달랐어요/새롭게 알았어요 고정 카드"", ""prediction 비교 fallback"", ""AI 분류·요약·채점""]",S44-03,nuvia.history.un-human-rights.c2,comparisonCompleted(history)+bookPage7+growthReport,nuvia.age.high-school.v1,"{""resourceId"": ""실제 역사 요약과 사용자 이야기 참조이며 새 고정 답안 자원이 아님"", ""cognitiveAction"": ""자유 비교는 PASS 핵심 활동으로 중복 집계하지 않음"", ""allowedAnswerIds"": ""comparisonTag와 고정 비교 카드 폐기""}"
canonicalStage,W44-C2,high-school,"처음 생각과 실제 역사를 비교해 보고, 가장 눈에 띈 점 하나를 남겨 보세요.",처음 예측은 바꾸지 않고 사용자 원문을 그대로 저장해요.,nuvia.semantic.v1_1_r2.w44-c2.high-school.prediction-comparison,nuvia.history.un-human-rights,nuvia.history.un-human-rights.c2,최초 예측과 실제 역사 비교,learner,nuvia.semantic.ref.w44-c2.object,notApplicable,특정 문서의 접근 가능 여부,comparison,notApplicable,writing|voice|drawing|mixed|deferred,처음 생각과 실제 역사에서 눈에 띈 점 하나와 연령에 따라 선택적 근거; 사용자 원문,notApplicable,"[""history 비교 fallback"", ""최초 예측 사후 변경"", ""같았어요/달랐어요/새롭게 알았어요 고정 카드"", ""AI 분류·요약·채점""]",S44-03,nuvia.history.un-human-rights.c2,comparisonCompleted(prediction)+bookPage8+growthReport,nuvia.age.high-school.v1,"{""resourceId"": ""잠긴 predictionSnapshot과 실제 역사 핵심 한 줄을 참조"", ""cognitiveAction"": ""자유 비교는 PASS 핵심 활동으로 중복 집계하지 않음"", ""allowedAnswerIds"": ""comparisonTag와 고정 비교 카드 폐기""}"
canonicalStage,W44-C2,high-school,이야기책과 성장 기록을 볼 수 있어요.,같은 결과 기록만 연결해요.,nuvia.semantic.v1_1_r2.w44-c2.high-school.artifact-link,nuvia.history.un-human-rights,nuvia.history.un-human-rights.c2,같은 결과의 이야기책·성장 리포트 연결,learner,nuvia.semantic.ref.w44-c2.object,notApplicable,notApplicable,reflection,notApplicable,viewBook|viewReport|print,같은 resultId·missionId·conditionId·버전의 실제 입력만 표시,"[""viewStoryBook"", ""viewGrowthReport"", ""print""]","[""다른 resultId·미션·조건·버전 혼입"", ""없는 값 소급 생성"", ""책7/8 입력 fallback""]",S44-03,nuvia.history.un-human-rights.c2,storyBook8Pages+integratedGrowthReport,nuvia.age.high-school.v1,"{""resourceId"": ""새 응답 자원이 아니라 저장된 같은 resultId 레코드 연결"", ""changedAttribute"": ""이 단계에서 역사 조건을 다시 변경하지 않음"", ""cognitiveAction"": ""결과 열람·인쇄 연결 단계""}"
canonicalStage,W44-C2,adult,위원회가 검토할 두 초안 중 선언 초안을 볼 수 없다면?,실제 역사와 게임에서 바꿀 조건을 순서대로 확인해요.,nuvia.semantic.v1_1_r2.w44-c2.adult.condition-understanding,nuvia.history.un-human-rights,nuvia.history.un-human-rights.c2,실제 역사 확인 후 바뀐 조건 한 가지 이해,learner,nuvia.semantic.ref.w44-c2.object,nuvia.semantic.ref.w44-c2.resource,특정 문서의 접근 가능 여부,beforeAction,notApplicable,viewActualHistoryThenSelectCondition,실제 역사 FACT와 게임의 CHANGED_CONDITION을 서로 다른 표시·이벤트로 확인,"[""nuvia.history.un-human-rights.c2""]","[""nuvia.history.un-human-rights.c2.prohibitedClaims"", ""실제 역사와 바꾼 조건을 같은 사실로 표시"", ""다른 조건 fallback""]",S44-03,nuvia.history.un-human-rights.c2,historyViewed+conditionSelected,nuvia.age.adult.v1,"{""cognitiveAction"": ""보기·조건 선택 단계이며 PASS 핵심 활동이 아님""}"
canonicalStage,W44-C2,adult,선언 초안을 볼 수 없으면 다음 검토 모습은 어떨까요?,바로 다음 가능성을 한 가지 예상해요.,nuvia.semantic.v1_1_r2.w44-c2.adult.prediction,nuvia.history.un-human-rights,nuvia.history.un-human-rights.c2,결과 공개 전 다음 장면 한 가지 예측,learner,nuvia.semantic.ref.w44-c2.object,nuvia.semantic.ref.w44-c2.resource,특정 문서의 접근 가능 여부,possibleFuture,notApplicable,writing|voice|drawing|deferred,변경 조건 이후의 가까운 다음 모습 한 가지; 정답·적중 점수 없음,notApplicable,"[""nuvia.history.un-human-rights.c2.prohibitedClaims"", ""근거·반론·핵심 활동을 한 질문에 함께 요구"", ""결과 공개 후 수정"", ""예측을 실제 역사로 표시""]",notApplicable,nuvia.history.un-human-rights.c2,predictionSnapshot,nuvia.age.adult.v1,"{""cognitiveAction"": ""최초 예측은 PASS 핵심 활동으로 중복 집계하지 않음"", ""allowedAnswerIds"": ""자유 말·글·그림·보류 응답이며 고정 정답 ID를 만들지 않음"", ""sourceFactId"": ""예측 내용은 역사 사실 주장이 아님; 승인 실제 사실은 조건 이해 단계에서 연결""}"
canonicalStage,W44-C2,adult,선언 초안에 접근할 수 없을 때 무엇부터 확인할까요?,목표를 위해 확인할 행동을 골라요.,nuvia.semantic.v1_1_r2.w44-c2.adult.core-activity,nuvia.history.un-human-rights,nuvia.history.un-human-rights.c2,승인된 PASS 핵심 인지 활동 수행,learner,nuvia.semantic.ref.w44-c2.object,nuvia.semantic.ref.w44-c2.resource,특정 문서의 접근 가능 여부,duringAction,chooseGoalAndSteps,action.chooseGoalAndSteps.r2 payload 또는 activityDeferred,목표·필요 자료·확인 행동을 단계별로 선택,"[""nuvia.history.un-human-rights.c2.goal.1"", ""nuvia.history.un-human-rights.c2.response.1"", ""nuvia.history.un-human-rights.c2.response.2"", ""nuvia.history.un-human-rights.c2.constraint.1"", ""nuvia.history.un-human-rights.c2.reason.1"", ""nuvia.history.un-human-rights.c2.reason.2""]","[""nuvia.history.un-human-rights.c2.prohibitedClaims"", ""활동 라벨을 나의 이야기로 저장"", ""입력하지 않은 계획·근거·태도·정확성 생성""]",S44-03,nuvia.history.un-human-rights.c2,cognitiveActionRecorded 또는 activityDeferred,nuvia.age.adult.v1,{}
canonicalStage,W44-C2,adult,이 조건에서 달라질 수 있는 모습을 살펴봐요.,가능성 하나가 정답이라고 표시하지 않아요.,nuvia.semantic.v1_1_r2.w44-c2.adult.alternate-result,nuvia.history.un-human-rights,nuvia.history.un-human-rights.c2,변경 조건에서 가능한 결과 A/B 확인,learner,nuvia.semantic.ref.w44-c2.object,nuvia.semantic.ref.w44-c2.resource,특정 문서의 접근 가능 여부,immediateResult,notApplicable,viewLevel3PossibilityAOrB,실제 역사와 분리된 Level 3 가능성; 정답이 아님,"[""A"", ""B""]","[""nuvia.history.un-human-rights.c2.prohibitedClaims"", ""가능성 A/B를 사실·정답·적중 점수로 표시"", ""장기 결과 단정""]",notApplicable,nuvia.history.un-human-rights.c2,alternateViewed,nuvia.age.adult.v1,"{""cognitiveAction"": ""가능성 열람 단계"", ""sourceFactId"": ""가상 가능성은 출처가 확인하는 실제 사실이 아님""}"
canonicalStage,W44-C2,adult,나만의 이야기를 말·글·그림으로 남겨 봐요.,남기지 않아도 다른 기록으로 대신 채우지 않아요.,nuvia.semantic.v1_1_r2.w44-c2.adult.learner-story,nuvia.history.un-human-rights,nuvia.history.un-human-rights.c2,사용자가 직접 나만의 이야기 남기기,learner,nuvia.semantic.ref.w44-c2.object,notApplicable,특정 문서의 접근 가능 여부,reflection,notApplicable,writing|voice|drawing|mixed|deferred,사용자가 직접 남긴 말·글·그림 원문 또는 남기지 않음,notApplicable,"[""핵심 활동 라벨·예측·시스템 문구를 사용자 이야기로 복사"", ""사용자 입력이 없는데 이야기 생성"", ""AI 보완·요약·평가""]",notApplicable,nuvia.history.un-human-rights.c2,storyRecorded,nuvia.age.adult.v1,"{""resourceId"": ""말·글·그림 자유 표현이며 고정 역사 자원 선택이 아님"", ""cognitiveAction"": ""자유 창작은 PASS 핵심 활동으로 중복 집계하지 않음"", ""allowedAnswerIds"": ""자유 창작에 고정 답안 없음"", ""sourceFactId"": ""사용자 창작은 승인 역사 사실이 아님""}"
canonicalStage,W44-C2,adult,"실제 역사와 내가 만든 이야기를 비교해 보고, 가장 눈에 띈 점 하나를 남겨 보세요.",사용자 원문을 그대로 저장해요.,nuvia.semantic.v1_1_r2.w44-c2.adult.history-comparison,nuvia.history.un-human-rights,nuvia.history.un-human-rights.c2,실제 역사와 나의 역사 비교,learner,nuvia.semantic.ref.w44-c2.object,notApplicable,특정 문서의 접근 가능 여부,comparison,notApplicable,writing|voice|drawing|mixed|deferred,가장 눈에 띈 점 하나와 연령에 따라 선택적 근거; 사용자 원문,notApplicable,"[""같았어요/달랐어요/새롭게 알았어요 고정 카드"", ""prediction 비교 fallback"", ""AI 분류·요약·채점""]",S44-03,nuvia.history.un-human-rights.c2,comparisonCompleted(history)+bookPage7+growthReport,nuvia.age.adult.v1,"{""resourceId"": ""실제 역사 요약과 사용자 이야기 참조이며 새 고정 답안 자원이 아님"", ""cognitiveAction"": ""자유 비교는 PASS 핵심 활동으로 중복 집계하지 않음"", ""allowedAnswerIds"": ""comparisonTag와 고정 비교 카드 폐기""}"
canonicalStage,W44-C2,adult,"처음 생각과 실제 역사를 비교해 보고, 가장 눈에 띈 점 하나를 남겨 보세요.",처음 예측은 바꾸지 않고 사용자 원문을 그대로 저장해요.,nuvia.semantic.v1_1_r2.w44-c2.adult.prediction-comparison,nuvia.history.un-human-rights,nuvia.history.un-human-rights.c2,최초 예측과 실제 역사 비교,learner,nuvia.semantic.ref.w44-c2.object,notApplicable,특정 문서의 접근 가능 여부,comparison,notApplicable,writing|voice|drawing|mixed|deferred,처음 생각과 실제 역사에서 눈에 띈 점 하나와 연령에 따라 선택적 근거; 사용자 원문,notApplicable,"[""history 비교 fallback"", ""최초 예측 사후 변경"", ""같았어요/달랐어요/새롭게 알았어요 고정 카드"", ""AI 분류·요약·채점""]",S44-03,nuvia.history.un-human-rights.c2,comparisonCompleted(prediction)+bookPage8+growthReport,nuvia.age.adult.v1,"{""resourceId"": ""잠긴 predictionSnapshot과 실제 역사 핵심 한 줄을 참조"", ""cognitiveAction"": ""자유 비교는 PASS 핵심 활동으로 중복 집계하지 않음"", ""allowedAnswerIds"": ""comparisonTag와 고정 비교 카드 폐기""}"
canonicalStage,W44-C2,adult,이야기책과 성장 기록을 볼 수 있어요.,같은 결과 기록만 연결해요.,nuvia.semantic.v1_1_r2.w44-c2.adult.artifact-link,nuvia.history.un-human-rights,nuvia.history.un-human-rights.c2,같은 결과의 이야기책·성장 리포트 연결,learner,nuvia.semantic.ref.w44-c2.object,notApplicable,notApplicable,reflection,notApplicable,viewBook|viewReport|print,같은 resultId·missionId·conditionId·버전의 실제 입력만 표시,"[""viewStoryBook"", ""viewGrowthReport"", ""print""]","[""다른 resultId·미션·조건·버전 혼입"", ""없는 값 소급 생성"", ""책7/8 입력 fallback""]",S44-03,nuvia.history.un-human-rights.c2,storyBook8Pages+integratedGrowthReport,nuvia.age.adult.v1,"{""resourceId"": ""새 응답 자원이 아니라 저장된 같은 resultId 레코드 연결"", ""changedAttribute"": ""이 단계에서 역사 조건을 다시 변경하지 않음"", ""cognitiveAction"": ""결과 열람·인쇄 연결 단계""}"
